configuration_id,group,window,return_percent,annualized_return_percent,final_balance,maximum_drawdown_percent,profit_factor,win_rate_percent,average_trade,exposure_percent,fees,trades,blocked_entries,ema_signals,confirmed_pullbacks,confirmation_rate_percent,timeout_count,cancelled_count,average_wait_bars,median_wait_bars,average_entry_improvement_percent,median_entry_improvement_percent,worst_entry_deterioration_percent,worse_entry_count,worse_entry_percent,control_return_percent,control_profit_factor,control_trades
LOW_TOUCH_CLOSE_ABOVE|wait=2|tol=-|retrace=-,pullback,1,18.27049755673047,40.05024063417968,1182.7049755673047,6.816369706587551,5.995861299838026,40.0,36.540995113460966,5.724753835585069,10.62294626931812,5,0,42,5,11.904761904761903,35,2,1.6,2,-0.1913298071067402,-0.10504348409122631,-1.01259682087935,3,60.0,34.71114577102526,1.4932578360709963,42
LOW_TOUCH_CLOSE_ABOVE|wait=2|tol=-|retrace=-,atr_pullback,1,18.27049755673047,40.05024063417968,1182.7049755673047,6.816369706587551,5.995861299838026,40.0,36.540995113460966,5.724753835585069,10.62294626931812,5,0,42,5,11.904761904761903,35,2,1.6,2,-0.1913298071067402,-0.10504348409122631,-1.01259682087935,3,60.0,44.22494492792084,1.6959765700580456,40
LOW_TOUCH_CLOSE_ABOVE|wait=2|tol=-|retrace=-,adx_pullback,1,17.746071058091275,38.806498144025305,1177.4607105809127,6.281498720274765,inf,100.0,177.46071058091275,2.4272956262880694,2.178639349930844,1,4,42,5,11.904761904761903,35,2,1.6,2,-1.01259682087935,-1.01259682087935,-1.01259682087935,1,100.0,7.970170545496649,1.2452697471463448,19
LOW_TOUCH_CLOSE_ABOVE|wait=2|tol=-|retrace=-,atr_adx_pullback,1,17.746071058091275,38.806498144025305,1177.4607105809127,6.281498720274765,inf,100.0,177.46071058091275,2.4272956262880694,2.178639349930844,1,4,42,5,11.904761904761903,35,2,1.6,2,-1.01259682087935,-1.01259682087935,-1.01259682087935,1,100.0,15.702901578944283,1.5969351707358825,18
LOW_TOUCH_CLOSE_ABOVE|wait=3|tol=-|retrace=-,pullback,1,19.82660196388051,43.77350593042553,1198.2660196388051,6.816369706587537,5.59820408165394,42.857142857142854,28.32371709125784,7.7627662010533545,14.984343239152388,7,0,42,7,16.666666666666664,32,3,2.0,2,-0.1266541804349025,-0.10504348409122631,-1.01259682087935,4,57.14285714285714,34.71114577102526,1.4932578360709963,42
LOW_TOUCH_CLOSE_ABOVE|wait=3|tol=-|retrace=-,atr_pullback,1,19.82660196388051,43.77350593042553,1198.2660196388051,6.816369706587537,5.59820408165394,42.857142857142854,28.32371709125784,7.7627662010533545,14.984343239152388,7,0,42,7,16.666666666666664,32,3,2.0,2,-0.1266541804349025,-0.10504348409122631,-1.01259682087935,4,57.14285714285714,44.22494492792084,1.6959765700580456,40
LOW_TOUCH_CLOSE_ABOVE|wait=3|tol=-|retrace=-,adx_pullback,1,17.746071058091275,38.806498144025305,1177.4607105809127,6.281498720274765,inf,100.0,177.46071058091275,2.4272956262880694,2.178639349930844,1,6,42,7,16.666666666666664,32,3,2.0,2,-1.01259682087935,-1.01259682087935,-1.01259682087935,1,100.0,7.970170545496649,1.2452697471463448,19
LOW_TOUCH_CLOSE_ABOVE|wait=3|tol=-|retrace=-,atr_adx_pullback,1,17.746071058091275,38.806498144025305,1177.4607105809127,6.281498720274765,inf,100.0,177.46071058091275,2.4272956262880694,2.178639349930844,1,6,42,7,16.666666666666664,32,3,2.0,2,-1.01259682087935,-1.01259682087935,-1.01259682087935,1,100.0,15.702901578944283,1.5969351707358825,18
LOW_TOUCH_CLOSE_ABOVE|wait=5|tol=-|retrace=-,pullback,1,27.49772927839647,62.844704443965085,1274.9772927839647,7.238389066454076,6.73996553320862,50.0,27.497729278396456,13.418822990611403,21.638284470701652,10,0,42,10,23.809523809523807,26,6,2.9,2.5,-0.03224482691989432,-0.07201407347580621,-1.01259682087935,6,60.0,34.71114577102526,1.4932578360709963,42
LOW_TOUCH_CLOSE_ABOVE|wait=5|tol=-|retrace=-,atr_pullback,1,27.49772927839647,62.844704443965085,1274.9772927839647,7.238389066454076,6.73996553320862,50.0,27.497729278396456,13.418822990611403,21.638284470701652,10,0,42,10,23.809523809523807,26,6,2.9,2.5,-0.03224482691989432,-0.07201407347580621,-1.01259682087935,6,60.0,44.22494492792084,1.6959765700580456,40
LOW_TOUCH_CLOSE_ABOVE|wait=5|tol=-|retrace=-,adx_pullback,1,17.746071058091275,38.806498144025305,1177.4607105809127,6.281498720274765,inf,100.0,177.46071058091275,2.4272956262880694,2.178639349930844,1,9,42,10,23.809523809523807,26,6,2.9,2.5,-1.01259682087935,-1.01259682087935,-1.01259682087935,1,100.0,7.970170545496649,1.2452697471463448,19
LOW_TOUCH_CLOSE_ABOVE|wait=5|tol=-|retrace=-,atr_adx_pullback,1,17.746071058091275,38.806498144025305,1177.4607105809127,6.281498720274765,inf,100.0,177.46071058091275,2.4272956262880694,2.178639349930844,1,9,42,10,23.809523809523807,26,6,2.9,2.5,-1.01259682087935,-1.01259682087935,-1.01259682087935,1,100.0,15.702901578944283,1.5969351707358825,18
LOW_TOUCH_CLOSE_ABOVE|wait=8|tol=-|retrace=-,pullback,1,18.684083409429057,41.03503756443463,1186.8408340942906,10.45216888545652,2.4932971692676427,33.33333333333333,12.456055606286032,15.754522555530112,32.578918213865194,15,0,42,15,35.714285714285715,20,7,4.266666666666667,5,0.07848687198738341,0.0646491300404069,-1.01259682087935,7,46.666666666666664,34.71114577102526,1.4932578360709963,42
LOW_TOUCH_CLOSE_ABOVE|wait=8|tol=-|retrace=-,atr_pullback,1,18.684083409429057,41.03503756443463,1186.8408340942906,10.45216888545652,2.4932971692676427,33.33333333333333,12.456055606286032,15.754522555530112,32.578918213865194,15,0,42,15,35.714285714285715,20,7,4.266666666666667,5,0.07848687198738341,0.0646491300404069,-1.01259682087935,7,46.666666666666664,44.22494492792084,1.6959765700580456,40
LOW_TOUCH_CLOSE_ABOVE|wait=8|tol=-|retrace=-,adx_pullback,1,12.975522950994037,27.748199954877695,1129.7552295099404,6.795715545516509,4.099823973857047,33.33333333333333,43.25174316998008,3.343256239981681,6.344439156932829,3,12,42,15,35.714285714285715,20,7,4.266666666666667,5,0.0744293246723252,0.0646491300404069,-1.01259682087935,1,33.33333333333333,7.970170545496649,1.2452697471463448,19
LOW_TOUCH_CLOSE_ABOVE|wait=8|tol=-|retrace=-,atr_adx_pullback,1,12.975522950994037,27.748199954877695,1129.7552295099404,6.795715545516509,4.099823973857047,33.33333333333333,43.25174316998008,3.343256239981681,6.344439156932829,3,12,42,15,35.714285714285715,20,7,4.266666666666667,5,0.0744293246723252,0.0646491300404069,-1.01259682087935,1,33.33333333333333,15.702901578944283,1.5969351707358825,18
LOW_TOUCH|wait=2|tol=-|retrace=-,pullback,1,13.481807424848716,28.899937454624514,1134.8180742484872,10.079819512201095,2.7516521125136966,28.57142857142857,19.259724892641007,5.8163498969544305,14.362431674156118,7,0,42,7,16.666666666666664,34,1,1.5714285714285714,2,0.02647106890400944,0.4050951379786605,-1.01259682087935,3,42.857142857142854,34.71114577102526,1.4932578360709963,42
LOW_TOUCH|wait=2|tol=-|retrace=-,atr_pullback,1,13.481807424848716,28.899937454624514,1134.8180742484872,10.079819512201095,2.7516521125136966,28.57142857142857,19.259724892641007,5.8163498969544305,14.362431674156118,7,0,42,7,16.666666666666664,34,1,1.5714285714285714,2,0.02647106890400944,0.4050951379786605,-1.01259682087935,3,42.857142857142854,44.22494492792084,1.6959765700580456,40
LOW_TOUCH|wait=2|tol=-|retrace=-,adx_pullback,1,17.746071058091275,38.806498144025305,1177.4607105809127,6.281498720274765,inf,100.0,177.46071058091275,2.4272956262880694,2.178639349930844,1,6,42,7,16.666666666666664,34,1,1.5714285714285714,2,-1.01259682087935,-1.01259682087935,-1.01259682087935,1,100.0,7.970170545496649,1.2452697471463448,19
LOW_TOUCH|wait=2|tol=-|retrace=-,atr_adx_pullback,1,17.746071058091275,38.806498144025305,1177.4607105809127,6.281498720274765,inf,100.0,177.46071058091275,2.4272956262880694,2.178639349930844,1,6,42,7,16.666666666666664,34,1,1.5714285714285714,2,-1.01259682087935,-1.01259682087935,-1.01259682087935,1,100.0,15.702901578944283,1.5969351707358825,18
LOW_TOUCH|wait=3|tol=-|retrace=-,pullback,1,14.18358086584476,30.504967963749973,1141.8358086584476,10.698703436285395,2.5056610168066866,33.33333333333333,11.819650721537291,8.816120906801007,24.51738481458346,12,0,42,12,28.57142857142857,29,1,2.1666666666666665,2.0,0.37740398405125103,0.47102812956960016,-1.01259682087935,4,33.33333333333333,34.71114577102526,1.4932578360709963,42
LOW_TOUCH|wait=3|tol=-|retrace=-,atr_pullback,1,14.18358086584476,30.504967963749973,1141.8358086584476,10.698703436285395,2.5056610168066866,33.33333333333333,11.819650721537291,8.816120906801007,24.51738481458346,12,0,42,12,28.57142857142857,29,1,2.1666666666666665,2.0,0.37740398405125103,0.47102812956960016,-1.01259682087935,4,33.33333333333333,44.22494492792084,1.6959765700580456,40
LOW_TOUCH|wait=3|tol=-|retrace=-,adx_pullback,1,17.055956055798426,37.178288444390994,1170.5595605579842,6.281498720274777,30.100538418051926,50.0,85.27978027899212,2.4959926723150905,4.161004336257595,2,10,42,12,28.57142857142857,29,1,2.1666666666666665,2.0,0.7663271012624451,0.7663271012624451,-1.01259682087935,1,50.0,7.970170545496649,1.2452697471463448,19
LOW_TOUCH|wait=3|tol=-|retrace=-,atr_adx_pullback,1,17.055956055798426,37.178288444390994,1170.5595605579842,6.281498720274777,30.100538418051926,50.0,85.27978027899212,2.4959926723150905,4.161004336257595,2,10,42,12,28.57142857142857,29,1,2.1666666666666665,2.0,0.7663271012624451,0.7663271012624451,-1.01259682087935,1,50.0,15.702901578944283,1.5969351707358825,18
LOW_TOUCH|wait=5|tol=-|retrace=-,pullback,1,21.234901827381986,47.1853823674075,1212.3490182738199,11.056850765864626,3.0560176361189937,40.0,14.156601218254666,13.785207236088848,31.308316116116757,15,0,42,15,35.714285714285715,25,2,2.6666666666666665,3,0.6126714560918166,0.5369611211605398,-1.01259682087935,5,33.33333333333333,34.71114577102526,1.4932578360709963,42
LOW_TOUCH|wait=5|tol=-|retrace=-,atr_pullback,1,21.234901827381986,47.1853823674075,1212.3490182738199,11.056850765864626,3.0560176361189937,40.0,14.156601218254666,13.785207236088848,31.308316116116757,15,0,42,15,35.714285714285715,25,2,2.6666666666666665,3,0.6126714560918166,0.5369611211605398,-1.01259682087935,5,33.33333333333333,44.22494492792084,1.6959765700580456,40
LOW_TOUCH|wait=5|tol=-|retrace=-,adx_pullback,1,16.310840151373938,35.431137114490554,1163.1084015137394,6.281498720274777,14.381382288328124,33.33333333333333,54.36946717124647,2.5875887336844516,6.130156109742778,3,12,42,15,35.714285714285715,25,2,2.6666666666666665,3,1.858402682169482,2.5452510234042403,-1.01259682087935,1,33.33333333333333,7.970170545496649,1.2452697471463448,19
LOW_TOUCH|wait=5|tol=-|retrace=-,atr_adx_pullback,1,16.310840151373938,35.431137114490554,1163.1084015137394,6.281498720274777,14.381382288328124,33.33333333333333,54.36946717124647,2.5875887336844516,6.130156109742778,3,12,42,15,35.714285714285715,25,2,2.6666666666666665,3,1.858402682169482,2.5452510234042403,-1.01259682087935,1,33.33333333333333,15.702901578944283,1.5969351707358825,18
LOW_TOUCH|wait=8|tol=-|retrace=-,pullback,1,21.78913861434546,48.539138771994075,1217.8913861434546,14.694416105943045,2.1450376060815244,34.78260869565217,9.473538527976283,21.089993130295397,50.76331038769224,23,0,42,23,54.761904761904766,17,2,4.086956521739131,3,0.6172613719074477,0.6103790790740947,-1.01259682087935,6,26.08695652173913,34.71114577102526,1.4932578360709963,42
LOW_TOUCH|wait=8|tol=-|retrace=-,atr_pullback,1,21.78913861434546,48.539138771994075,1217.8913861434546,14.694416105943045,2.1450376060815244,34.78260869565217,9.473538527976283,21.089993130295397,50.76331038769224,23,0,42,23,54.761904761904766,17,2,4.086956521739131,3,0.6172613719074477,0.6103790790740947,-1.01259682087935,6,26.08695652173913,44.22494492792084,1.6959765700580456,40
LOW_TOUCH|wait=8|tol=-|retrace=-,adx_pullback,1,19.685630605332904,43.43418671142676,1196.856306053329,8.444683298092173,4.015430474392042,28.57142857142857,28.12232943618983,7.41928097091825,15.225968964251436,7,16,42,23,54.761904761904766,17,2,4.086956521739131,3,1.2760170272754738,1.1473123198554103,-1.01259682087935,1,14.285714285714285,7.970170545496649,1.2452697471463448,19
LOW_TOUCH|wait=8|tol=-|retrace=-,atr_adx_pullback,1,19.685630605332904,43.43418671142676,1196.856306053329,8.444683298092173,4.015430474392042,28.57142857142857,28.12232943618983,7.41928097091825,15.225968964251436,7,16,42,23,54.761904761904766,17,2,4.086956521739131,3,1.2760170272754738,1.1473123198554103,-1.01259682087935,1,14.285714285714285,15.702901578944283,1.5969351707358825,18
CLOSE_NEAR_EMA|wait=2|tol=0.0025|retrace=-,pullback,1,20.746602646488803,45.99783620012368,1207.466026464888,7.5606059442369995,4.962062784292173,42.857142857142854,29.63800378069829,7.41928097091825,15.514556152004698,7,0,42,7,16.666666666666664,34,1,1.5714285714285714,2,0.41767692930361966,0.4050951379786605,0.14886748659393276,0,0.0,34.71114577102526,1.4932578360709963,42
CLOSE_NEAR_EMA|wait=2|tol=0.0025|retrace=-,atr_pullback,1,20.746602646488803,45.99783620012368,1207.466026464888,7.5606059442369995,4.962062784292173,42.857142857142854,29.63800378069829,7.41928097091825,15.514556152004698,7,0,42,7,16.666666666666664,34,1,1.5714285714285714,2,0.41767692930361966,0.4050951379786605,0.14886748659393276,0,0.0,44.22494492792084,1.6959765700580456,40
CLOSE_NEAR_EMA|wait=2|tol=0.0025|retrace=-,adx_pullback,1,19.123287229735183,42.08462516388272,1191.2328722973518,6.281498720274778,inf,100.0,191.23287229735183,2.45019464163041,2.192425297594947,1,6,42,7,16.666666666666664,34,1,1.5714285714285714,2,0.15523681699843733,0.15523681699843733,0.15523681699843733,0,0.0,7.970170545496649,1.2452697471463448,19
CLOSE_NEAR_EMA|wait=2|tol=0.0025|retrace=-,atr_adx_pullback,1,19.123287229735183,42.08462516388272,1191.2328722973518,6.281498720274778,inf,100.0,191.23287229735183,2.45019464163041,2.192425297594947,1,6,42,7,16.666666666666664,34,1,1.5714285714285714,2,0.15523681699843733,0.15523681699843733,0.15523681699843733,0,0.0,15.702901578944283,1.5969351707358825,18
CLOSE_NEAR_EMA|wait=3|tol=0.0025|retrace=-,pullback,1,54.01944561547624,137.9676241783144,1540.1944561547625,11.299634054008576,7.847987154300806,40.0,54.01944561547624,16.052209754980538,25.5721015097011,10,0,42,10,23.809523809523807,31,1,2.0,2.0,0.427718340023556,0.37644540643856605,0.07607802562307904,0,0.0,34.71114577102526,1.4932578360709963,42
CLOSE_NEAR_EMA|wait=3|tol=0.0025|retrace=-,atr_pullback,1,54.01944561547624,137.9676241783144,1540.1944561547625,11.299634054008576,7.847987154300806,40.0,54.01944561547624,16.052209754980538,25.5721015097011,10,0,42,10,23.809523809523807,31,1,2.0,2.0,0.427718340023556,0.37644540643856605,0.07607802562307904,0,0.0,44.22494492792084,1.6959765700580456,40
CLOSE_NEAR_EMA|wait=3|tol=0.0025|retrace=-,adx_pullback,1,19.123287229735183,42.08462516388272,1191.2328722973518,6.281498720274778,inf,100.0,191.23287229735183,2.45019464163041,2.192425297594947,1,9,42,10,23.809523809523807,31,1,2.0,2.0,0.15523681699843733,0.15523681699843733,0.15523681699843733,0,0.0,7.970170545496649,1.2452697471463448,19
CLOSE_NEAR_EMA|wait=3|tol=0.0025|retrace=-,atr_adx_pullback,1,19.123287229735183,42.08462516388272,1191.2328722973518,6.281498720274778,inf,100.0,191.23287229735183,2.45019464163041,2.192425297594947,1,9,42,10,23.809523809523807,31,1,2.0,2.0,0.15523681699843733,0.15523681699843733,0.15523681699843733,0,0.0,15.702901578944283,1.5969351707358825,18
CLOSE_NEAR_EMA|wait=5|tol=0.0025|retrace=-,pullback,1,56.94810225760752,147.1374194934715,1569.4810225760752,11.51449474527176,5.619480934114511,35.714285714285715,40.677215898291074,19.395465994962215,35.98586380560572,14,0,42,14,33.33333333333333,25,3,2.7857142857142856,2.5,0.33558036744867403,0.33907157916751884,-0.054539194933305696,2,14.285714285714285,34.71114577102526,1.4932578360709963,42
CLOSE_NEAR_EMA|wait=5|tol=0.0025|retrace=-,atr_pullback,1,56.94810225760752,147.1374194934715,1569.4810225760752,11.51449474527176,5.619480934114511,35.714285714285715,40.677215898291074,19.395465994962215,35.98586380560572,14,0,42,14,33.33333333333333,25,3,2.7857142857142856,2.5,0.33558036744867403,0.33907157916751884,-0.054539194933305696,2,14.285714285714285,44.22494492792084,1.6959765700580456,40
CLOSE_NEAR_EMA|wait=5|tol=0.0025|retrace=-,adx_pullback,1,16.95734104257817,36.94641022983891,1169.5734104257817,6.281498720274762,10.326243743474816,50.0,84.78670521289092,2.6104877490267917,4.135362172963893,2,12,42,14,33.33333333333333,25,3,2.7857142857142856,2.5,0.10245626082485529,0.10245626082485529,0.04967570465127324,0,0.0,7.970170545496649,1.2452697471463448,19
CLOSE_NEAR_EMA|wait=5|tol=0.0025|retrace=-,atr_adx_pullback,1,16.95734104257817,36.94641022983891,1169.5734104257817,6.281498720274762,10.326243743474816,50.0,84.78670521289092,2.6104877490267917,4.135362172963893,2,12,42,14,33.33333333333333,25,3,2.7857142857142856,2.5,0.10245626082485529,0.10245626082485529,0.04967570465127324,0,0.0,15.702901578944283,1.5969351707358825,18
CLOSE_NEAR_EMA|wait=8|tol=0.0025|retrace=-,pullback,1,61.70202295887748,162.39267345922633,1617.0202295887748,13.68514017185378,3.7041639612340225,33.33333333333333,29.381915694703554,28.600870162583007,58.47452531571857,21,0,42,21,50.0,17,4,4.190476190476191,4,0.41726189276848547,0.3477956748984716,-0.10210687537171925,3,14.285714285714285,34.71114577102526,1.4932578360709963,42
CLOSE_NEAR_EMA|wait=8|tol=0.0025|retrace=-,atr_pullback,1,61.70202295887748,162.39267345922633,1617.0202295887748,13.68514017185378,3.7041639612340225,33.33333333333333,29.381915694703554,28.600870162583007,58.47452531571857,21,0,42,21,50.0,17,4,4.190476190476191,4,0.41726189276848547,0.3477956748984716,-0.10210687537171925,3,14.285714285714285,44.22494492792084,1.6959765700580456,40
CLOSE_NEAR_EMA|wait=8|tol=0.0025|retrace=-,adx_pullback,1,12.218748774420646,26.036299676631458,1122.1874877442065,6.795715545516523,3.0576326954506086,25.0,30.546871936051588,3.5264483627204033,8.251035011604639,4,17,42,21,50.0,17,4,4.190476190476191,4,0.36019932913650904,0.10994297351942212,0.04967570465127324,0,0.0,7.970170545496649,1.2452697471463448,19
CLOSE_NEAR_EMA|wait=8|tol=0.0025|retrace=-,atr_adx_pullback,1,12.218748774420646,26.036299676631458,1122.1874877442065,6.795715545516523,3.0576326954506086,25.0,30.546871936051588,3.5264483627204033,8.251035011604639,4,17,42,21,50.0,17,4,4.190476190476191,4,0.36019932913650904,0.10994297351942212,0.04967570465127324,0,0.0,15.702901578944283,1.5969351707358825,18
CLOSE_NEAR_EMA|wait=2|tol=0.0050|retrace=-,pullback,1,48.621300985674,121.52154933840849,1486.21300985674,13.295681555880225,3.498843388782693,35.294117647058826,28.600765285690585,21.799862605907947,44.073380464664915,17,0,42,17,40.476190476190474,24,1,1.411764705882353,1,0.20813215445140998,0.0620103900387601,-0.24849420691488694,6,35.294117647058826,34.71114577102526,1.4932578360709963,42
CLOSE_NEAR_EMA|wait=2|tol=0.0050|retrace=-,atr_pullback,1,47.820529111547465,119.13223665983743,1478.2052911154747,13.295681555880225,3.4576885150335563,31.25,29.887830694717167,21.754064575223264,41.10747446298213,16,1,42,17,40.476190476190474,24,1,1.411764705882353,1,0.19324522126679558,0.05589209062802302,-0.24849420691488694,6,37.5,44.22494492792084,1.6959765700580456,40
CLOSE_NEAR_EMA|wait=2|tol=0.0050|retrace=-,adx_pullback,1,11.362747279674478,24.113905433487325,1113.6274727967448,8.578076436339764,2.699341544095772,20.0,22.725494559348977,3.8012365468284863,10.194820359378994,5,12,42,17,40.476190476190474,24,1,1.411764705882353,1,0.3300840576928713,0.15523681699843733,-0.24849420691488694,1,20.0,7.970170545496649,1.2452697471463448,19
CLOSE_NEAR_EMA|wait=2|tol=0.0050|retrace=-,atr_adx_pullback,1,11.362747279674478,24.113905433487325,1113.6274727967448,8.578076436339764,2.699341544095772,20.0,22.725494559348977,3.8012365468284863,10.194820359378994,5,12,42,17,40.476190476190474,24,1,1.411764705882353,1,0.3300840576928713,0.15523681699843733,-0.24849420691488694,1,20.0,15.702901578944283,1.5969351707358825,18
CLOSE_NEAR_EMA|wait=3|tol=0.0050|retrace=-,pullback,1,43.746324413576076,107.17713388457679,1437.4632441357608,15.57997825615943,2.8900483291140313,31.57894736842105,23.0243812703032,22.05175177467369,47.68027514511114,19,0,42,19,45.23809523809524,22,1,1.5789473684210527,1,0.31365544780090376,0.14530024769480582,-0.24849420691488694,6,31.57894736842105,34.71114577102526,1.4932578360709963,42
CLOSE_NEAR_EMA|wait=3|tol=0.0050|retrace=-,atr_pullback,1,42.97181892320528,104.94253885678471,1429.7181892320527,15.57997825615943,2.8565860250784794,27.77777777777778,23.87323273511404,22.00595374398901,44.811654809597044,18,1,42,19,45.23809523809524,22,1,1.5789473684210527,1,0.3062850234895518,0.10365531886678296,-0.24849420691488694,6,33.33333333333333,44.22494492792084,1.6959765700580456,40
CLOSE_NEAR_EMA|wait=3|tol=0.0050|retrace=-,adx_pullback,1,8.428803957013589,17.637399371137686,1084.2880395701359,10.986662330065933,1.9216865945135468,16.666666666666664,14.048006595022647,3.9157316235401876,11.95798430054025,6,13,42,19,45.23809523809524,22,1,1.5789473684210527,1,0.6206385826848478,0.2440455099158235,-0.24849420691488694,1,16.666666666666664,7.970170545496649,1.2452697471463448,19
CLOSE_NEAR_EMA|wait=3|tol=0.0050|retrace=-,atr_adx_pullback,1,8.428803957013589,17.637399371137686,1084.2880395701359,10.986662330065933,1.9216865945135468,16.666666666666664,14.048006595022647,3.9157316235401876,11.95798430054025,6,13,42,19,45.23809523809524,22,1,1.5789473684210527,1,0.6206385826848478,0.2440455099158235,-0.24849420691488694,1,16.666666666666664,15.702901578944283,1.5969351707358825,18
CLOSE_NEAR_EMA|wait=5|tol=0.0050|retrace=-,pullback,1,48.883686417765986,122.30727327875121,1488.83686417766,17.114806128266768,2.5997210449020476,33.33333333333333,20.368202674069163,29.791618960384703,62.316544946109175,24,0,42,24,57.14285714285714,17,1,2.2083333333333335,2.0,0.2984367286183644,0.11336515738884236,-0.24849420691488694,6,25.0,34.71114577102526,1.4932578360709963,42
CLOSE_NEAR_EMA|wait=5|tol=0.0050|retrace=-,atr_pullback,1,48.08150081039393,119.90948584827402,1480.8150081039394,17.114806128266768,2.5734694814036736,30.434782608695656,20.90500035234519,29.745820929700024,59.3454027466362,23,1,42,24,57.14285714285714,17,1,2.2083333333333335,2.0,0.292006887018935,0.08143006708287889,-0.24849420691488694,6,26.08695652173913,44.22494492792084,1.6959765700580456,40
CLOSE_NEAR_EMA|wait=5|tol=0.0050|retrace=-,adx_pullback,1,13.982218726688142,30.04341168784801,1139.8221872668814,12.605137640946944,2.2095220385515635,25.0,17.477773408360193,7.877261277765056,16.79144156524396,8,16,42,24,57.14285714285714,17,1,2.2083333333333335,2.0,0.48186715848040484,0.11833344204065811,-0.24849420691488694,1,12.5,7.970170545496649,1.2452697471463448,19
CLOSE_NEAR_EMA|wait=5|tol=0.0050|retrace=-,atr_adx_pullback,1,13.982218726688142,30.04341168784801,1139.8221872668814,12.605137640946944,2.2095220385515635,25.0,17.477773408360193,7.877261277765056,16.79144156524396,8,16,42,24,57.14285714285714,17,1,2.2083333333333335,2.0,0.48186715848040484,0.11833344204065811,-0.24849420691488694,1,12.5,15.702901578944283,1.5969351707358825,18
CLOSE_NEAR_EMA|wait=8|tol=0.0050|retrace=-,pullback,1,47.71827156957883,118.82806069904079,1477.1827156957884,17.114806128266768,2.5045124625029107,32.0,19.087308627831536,30.59308449736661,65.24986262376427,25,0,42,25,59.523809523809526,16,1,2.44,2,0.33334868606786655,0.14530024769480582,-0.24849420691488694,6,24.0,34.71114577102526,1.4932578360709963,42
CLOSE_NEAR_EMA|wait=8|tol=0.0050|retrace=-,atr_pullback,1,46.92236521979589,116.46779976092051,1469.223652197959,17.114806128266768,2.479418279858688,29.166666666666668,19.55098550824829,30.547286466681932,62.30197759449346,24,1,42,25,59.523809523809526,16,1,2.44,2,0.3286414194288093,0.11336515738884236,-0.24849420691488694,6,25.0,44.22494492792084,1.6959765700580456,40
CLOSE_NEAR_EMA|wait=8|tol=0.0050|retrace=-,adx_pullback,1,13.090001632058602,28.00817160244835,1130.900016320586,12.605137640946944,2.05120850484012,22.22222222222222,14.544446257842903,8.678726814746966,19.06719484398597,9,16,42,25,59.523809523809526,16,1,2.44,2,0.5584636591887953,0.15523681699843733,-0.24849420691488694,1,11.11111111111111,7.970170545496649,1.2452697471463448,19
CLOSE_NEAR_EMA|wait=8|tol=0.0050|retrace=-,atr_adx_pullback,1,13.090001632058602,28.00817160244835,1130.900016320586,12.605137640946944,2.05120850484012,22.22222222222222,14.544446257842903,8.678726814746966,19.06719484398597,9,16,42,25,59.523809523809526,16,1,2.44,2,0.5584636591887953,0.15523681699843733,-0.24849420691488694,1,11.11111111111111,15.702901578944283,1.5969351707358825,18
CLOSE_NEAR_EMA|wait=2|tol=0.0075|retrace=-,pullback,1,43.34577446413916,106.01995314906398,1433.4577446413916,13.497693328199398,2.9439183085056526,31.57894736842105,22.813565507441666,22.601328142889855,47.388105815590635,19,0,42,19,45.23809523809524,22,1,1.105263157894737,1,0.12806423407514841,0.0620103900387601,-0.31801610801136765,7,36.84210526315789,34.71114577102526,1.4932578360709963,42
CLOSE_NEAR_EMA|wait=2|tol=0.0075|retrace=-,atr_pullback,1,42.89218708188409,104.71347533151226,1428.921870818841,13.497693328199398,2.923576376038804,27.77777777777778,23.82899282326894,22.532631096862836,44.52429130749312,18,1,42,19,45.23809523809524,22,1,1.105263157894737,1,0.12274863754752165,0.05589209062802302,-0.31801610801136765,7,38.88888888888889,44.22494492792084,1.6959765700580456,40
CLOSE_NEAR_EMA|wait=2|tol=0.0075|retrace=-,adx_pullback,1,11.362747279674478,24.113905433487325,1113.6274727967448,8.578076436339764,2.699341544095772,20.0,22.725494559348977,3.8012365468284863,10.194820359378994,5,14,42,19,45.23809523809524,22,1,1.105263157894737,1,0.3300840576928713,0.15523681699843733,-0.24849420691488694,1,20.0,7.970170545496649,1.2452697471463448,19
CLOSE_NEAR_EMA|wait=2|tol=0.0075|retrace=-,atr_adx_pullback,1,11.362747279674478,24.113905433487325,1113.6274727967448,8.578076436339764,2.699341544095772,20.0,22.725494559348977,3.8012365468284863,10.194820359378994,5,14,42,19,45.23809523809524,22,1,1.105263157894737,1,0.3300840576928713,0.15523681699843733,-0.24849420691488694,1,20.0,15.702901578944283,1.5969351707358825,18
CLOSE_NEAR_EMA|wait=3|tol=0.0075|retrace=-,pullback,1,39.59921510023437,95.35369852879174,1395.9921510023437,15.776667861910523,2.560706897471988,33.33333333333333,18.856769095349698,24.135562170826656,51.23515986115627,21,0,42,21,50.0,20,1,1.2857142857142858,1,0.2587007618333444,0.072077709828548,-0.31801610801136765,7,33.33333333333333,34.71114577102526,1.4932578360709963,42
CLOSE_NEAR_EMA|wait=3|tol=0.0075|retrace=-,atr_pullback,1,39.1574829126001,94.11486088319796,1391.574829126001,15.776667861910523,2.5432970960319565,30.0,19.578741456300055,24.066865124799634,48.44619549148738,20,1,42,21,50.0,20,1,1.2857142857142858,1,0.2604485513463901,0.06704404993365405,-0.31801610801136765,7,35.0,44.22494492792084,1.6959765700580456,40
CLOSE_NEAR_EMA|wait=3|tol=0.0075|retrace=-,adx_pullback,1,8.428803957013589,17.637399371137686,1084.2880395701359,10.986662330065933,1.9216865945135468,16.666666666666664,14.048006595022647,3.9157316235401876,11.95798430054025,6,15,42,21,50.0,20,1,1.2857142857142858,1,0.6206385826848478,0.2440455099158235,-0.24849420691488694,1,16.666666666666664,7.970170545496649,1.2452697471463448,19
CLOSE_NEAR_EMA|wait=3|tol=0.0075|retrace=-,atr_adx_pullback,1,8.428803957013589,17.637399371137686,1084.2880395701359,10.986662330065933,1.9216865945135468,16.666666666666664,14.048006595022647,3.9157316235401876,11.95798430054025,6,15,42,21,50.0,20,1,1.2857142857142858,1,0.6206385826848478,0.2440455099158235,-0.24849420691488694,1,16.666666666666664,15.702901578944283,1.5969351707358825,18
CLOSE_NEAR_EMA|wait=5|tol=0.0075|retrace=-,pullback,1,42.4839715240332,103.5412488102942,1424.839715240332,17.70514343061422,2.238610934656194,33.33333333333333,15.734804268160444,32.928784062285324,67.54917180726493,27,0,42,27,64.28571428571429,14,1,2.0,1,0.21769365613016342,0.08143006708287889,-0.9701728083326816,9,33.33333333333333,34.71114577102526,1.4932578360709963,42
CLOSE_NEAR_EMA|wait=5|tol=0.0075|retrace=-,atr_pullback,1,42.033111134890326,102.25048972379444,1420.3311113489033,17.70514343061422,2.225466198230604,30.76923076923077,16.16658120572705,32.8600870162583,64.70257471469446,26,1,42,27,64.28571428571429,14,1,2.0,1,0.21746091322853778,0.07675388845571345,-0.9701728083326816,9,34.61538461538461,44.22494492792084,1.6959765700580456,40
CLOSE_NEAR_EMA|wait=5|tol=0.0075|retrace=-,adx_pullback,1,12.019804165108757,25.588190525478627,1120.1980416510876,13.02495183391224,1.8947439768988088,22.22222222222222,13.355337961231953,8.770322876116326,18.99505018095647,9,18,42,27,64.28571428571429,14,1,2.0,1,0.4532031550262533,0.15523681699843733,-0.43276800323313264,2,22.22222222222222,7.970170545496649,1.2452697471463448,19
CLOSE_NEAR_EMA|wait=5|tol=0.0075|retrace=-,atr_adx_pullback,1,12.019804165108757,25.588190525478627,1120.1980416510876,13.02495183391224,1.8947439768988088,22.22222222222222,13.355337961231953,8.770322876116326,18.99505018095647,9,18,42,27,64.28571428571429,14,1,2.0,1,0.4532031550262533,0.15523681699843733,-0.43276800323313264,2,22.22222222222222,15.702901578944283,1.5969351707358825,18
CLOSE_NEAR_EMA|wait=8|tol=0.0075|retrace=-,pullback,1,38.39525853123048,91.986502785922,1383.9525853123048,17.70514343061422,2.0239802159933213,31.03448275862069,13.239744321113958,34.600412182276166,71.51945659649542,29,0,42,29,69.04761904761905,12,1,2.413793103448276,1,0.18698891700410716,0.072077709828548,-0.9701728083326816,11,37.93103448275862,34.71114577102526,1.4932578360709963,42
CLOSE_NEAR_EMA|wait=8|tol=0.0075|retrace=-,atr_pullback,1,37.95733600949341,90.76901824947213,1379.573360094934,17.70514343061422,2.012301065609898,28.57142857142857,13.556191431961931,34.53171513624914,68.75454531316494,28,1,42,29,69.04761904761905,12,1,2.413793103448276,1,0.1856762007695242,0.06704404993365405,-0.9701728083326816,11,39.285714285714285,44.22494492792084,1.6959765700580456,40
CLOSE_NEAR_EMA|wait=8|tol=0.0075|retrace=-,adx_pullback,1,8.805289410627369,18.45872829772688,1088.0528941062737,13.024951833912274,1.5383853482388363,18.181818181818183,8.00480855511579,10.441950996107167,22.962060327089226,11,18,42,29,69.04761904761905,12,1,2.413793103448276,1,0.32943438844008865,0.08143006708287889,-0.43276800323313264,4,36.36363636363637,7.970170545496649,1.2452697471463448,19
CLOSE_NEAR_EMA|wait=8|tol=0.0075|retrace=-,atr_adx_pullback,1,8.805289410627369,18.45872829772688,1088.0528941062737,13.024951833912274,1.5383853482388363,18.181818181818183,8.00480855511579,10.441950996107167,22.962060327089226,11,18,42,29,69.04761904761905,12,1,2.413793103448276,1,0.32943438844008865,0.08143006708287889,-0.43276800323313264,4,36.36363636363637,15.702901578944283,1.5969351707358825,18
PERCENT_RETRACE|wait=2|tol=-|retrace=0.0025,pullback,1,-0.8479455235850537,-1.6948008312025586,991.5205447641495,17.489012340621525,0.9513474268665587,23.076923076923077,-0.6522657873731357,9.434394321044195,27.522434394865673,13,0,42,13,30.952380952380953,28,1,1.3846153846153846,1,0.5341246405331691,0.45448762661822045,0.2678874344050267,0,0.0,34.71114577102526,1.4932578360709963,42
PERCENT_RETRACE|wait=2|tol=-|retrace=0.0025,atr_pullback,1,-1.382176996193607,-2.7551123875498185,986.1782300380639,17.40641875938092,0.9206948258817912,16.666666666666664,-1.151814163494682,9.388596290359514,25.54374310700564,12,1,42,13,30.952380952380953,28,1,1.3846153846153846,1,0.5414414367938298,0.47373108889480386,0.2678874344050267,0,0.0,44.22494492792084,1.6959765700580456,40
PERCENT_RETRACE|wait=2|tol=-|retrace=0.0025,adx_pullback,1,0.47948025303285247,0.964778451673598,1004.7948025303285,15.847259019561491,1.0431388219171474,16.666666666666664,0.7991337550547541,4.946187313945501,12.615981793547071,6,7,42,13,30.952380952380953,28,1,1.3846153846153846,1,0.6027128931062984,0.5479769168682814,0.2678874344050267,0,0.0,7.970170545496649,1.2452697471463448,19
PERCENT_RETRACE|wait=2|tol=-|retrace=0.0025,atr_adx_pullback,1,0.47948025303285247,0.964778451673598,1004.7948025303285,15.847259019561491,1.0431388219171474,16.666666666666664,0.7991337550547541,4.946187313945501,12.615981793547071,6,7,42,13,30.952380952380953,28,1,1.3846153846153846,1,0.6027128931062984,0.5479769168682814,0.2678874344050267,0,0.0,15.702901578944283,1.5969351707358825,18
PERCENT_RETRACE|wait=3|tol=-|retrace=0.0025,pullback,1,-1.717302646684925,-3.4173052132168924,982.8269735331507,18.212461947737317,0.9082879707167114,25.0,-1.0733141541780995,11.609800778566521,33.98808349832723,16,0,42,16,38.095238095238095,25,1,1.6875,1.5,0.5221276543821344,0.4504053560117304,0.263968132479829,0,0.0,34.71114577102526,1.4932578360709963,42
PERCENT_RETRACE|wait=3|tol=-|retrace=0.0025,atr_pullback,1,-2.246850021333523,-4.459037983115877,977.5314997866648,18.130592540277593,0.8800076530776445,20.0,-1.4979000142223715,11.56400274788184,32.026741214223094,15,1,42,16,38.095238095238095,25,1,1.6875,1.5,0.5271812923139273,0.45448762661822045,0.263968132479829,0,0.0,44.22494492792084,1.6959765700580456,40
PERCENT_RETRACE|wait=3|tol=-|retrace=0.0025,adx_pullback,1,-0.16779943983199244,-0.3365368944199365,998.3220056016801,16.389363339750876,0.9857338876468457,14.285714285714285,-0.23971348547427493,6.159835127089535,14.774155763911502,7,9,42,16,38.095238095238095,25,1,1.6875,1.5,0.5543207844453742,0.4929745511713873,0.263968132479829,0,0.0,7.970170545496649,1.2452697471463448,19
PERCENT_RETRACE|wait=3|tol=-|retrace=0.0025,atr_adx_pullback,1,-0.16779943983199244,-0.3365368944199365,998.3220056016801,16.389363339750876,0.9857338876468457,14.285714285714285,-0.23971348547427493,6.159835127089535,14.774155763911502,7,9,42,16,38.095238095238095,25,1,1.6875,1.5,0.5543207844453742,0.4929745511713873,0.263968132479829,0,0.0,15.702901578944283,1.5969351707358825,18
PERCENT_RETRACE|wait=5|tol=-|retrace=0.0025,pullback,1,9.23503779411169,19.399758867831363,1092.350377941117,22.002694870625987,1.3347084924733283,28.57142857142857,4.397637044815101,18.548202427295628,44.38032810743641,21,0,42,21,50.0,20,1,2.380952380952381,2,0.5258921572886891,0.45448762661822045,0.263968132479829,0,0.0,34.71114577102526,1.4932578360709963,42
PERCENT_RETRACE|wait=5|tol=-|retrace=0.0025,atr_pullback,1,8.646479186734792,18.111923176300436,1086.464791867348,22.002694870625987,1.3133771705449084,25.0,4.323239593367407,18.502404396610945,42.20041949380619,20,1,42,21,50.0,20,1,2.380952380952381,2,0.5298706108828615,0.47373108889480386,0.263968132479829,0,0.0,44.22494492792084,1.6959765700580456,40
PERCENT_RETRACE|wait=5|tol=-|retrace=0.0025,adx_pullback,1,12.12261186211292,25.819657842277465,1121.2261186211292,19.656415941385497,1.6616835649630997,22.22222222222222,13.469568735681024,9.342798259674833,19.141289089381438,9,12,42,21,50.0,20,1,2.380952380952381,2,0.5622801311972568,0.5772869132129288,0.263968132479829,0,0.0,7.970170545496649,1.2452697471463448,19
PERCENT_RETRACE|wait=5|tol=-|retrace=0.0025,atr_adx_pullback,1,12.12261186211292,25.819657842277465,1121.2261186211292,19.656415941385497,1.6616835649630997,22.22222222222222,13.469568735681024,9.342798259674833,19.141289089381438,9,12,42,21,50.0,20,1,2.380952380952381,2,0.5622801311972568,0.5772869132129288,0.263968132479829,0,0.0,15.702901578944283,1.5969351707358825,18
PERCENT_RETRACE|wait=8|tol=-|retrace=0.0025,pullback,1,27.05335195661337,61.707419168388135,1270.5335195661337,17.01435878591334,1.8634840898382088,38.46153846153847,10.405135367928219,27.043737119303866,60.20282163087939,26,0,42,26,61.904761904761905,15,1,3.1153846153846154,2.5,0.5617598052051536,0.47373108889480386,0.263968132479829,0,0.0,34.71114577102526,1.4932578360709963,42
PERCENT_RETRACE|wait=8|tol=-|retrace=0.0025,atr_pullback,1,26.368788236032266,59.9632566343504,1263.6878823603226,17.01435878591334,1.8416343064121026,36.0,10.547515294412905,26.997939088619187,57.66732842362804,25,1,42,26,61.904761904761905,15,1,3.1153846153846154,2.5,0.56637727399715,0.4929745511713873,0.263968132479829,0,0.0,44.22494492792084,1.6959765700580456,40
PERCENT_RETRACE|wait=8|tol=-|retrace=0.0025,adx_pullback,1,20.247786241452037,44.789696772002266,1202.4778624145204,15.835767941542548,1.9892170080977842,27.27272727272727,18.40707840132003,13.258529883215022,24.747774675111174,11,15,42,26,61.904761904761905,15,1,3.1153846153846154,2.5,0.652867957299896,0.6029792825651756,0.263968132479829,0,0.0,7.970170545496649,1.2452697471463448,19
PERCENT_RETRACE|wait=8|tol=-|retrace=0.0025,atr_adx_pullback,1,20.247786241452037,44.789696772002266,1202.4778624145204,15.835767941542548,1.9892170080977842,27.27272727272727,18.40707840132003,13.258529883215022,24.747774675111174,11,15,42,26,61.904761904761905,15,1,3.1153846153846154,2.5,0.652867957299896,0.6029792825651756,0.263968132479829,0,0.0,15.702901578944283,1.5969351707358825,18
PERCENT_RETRACE|wait=2|tol=-|retrace=0.0050,pullback,1,-9.346249760729961,-17.877711568006404,906.5375023927004,15.783341369304956,0.3005517984339132,12.5,-11.68281220091248,5.74765285092741,15.515555256304728,8,0,42,8,19.047619047619047,33,1,1.5,1.5,0.727333587737931,0.6736152294786006,0.5369611211605398,0,0.0,34.71114577102526,1.4932578360709963,42
PERCENT_RETRACE|wait=2|tol=-|retrace=0.0050,atr_pullback,1,-9.346249760729961,-17.877711568006404,906.5375023927004,15.783341369304956,0.3005517984339132,12.5,-11.68281220091248,5.74765285092741,15.515555256304728,8,0,42,8,19.047619047619047,33,1,1.5,1.5,0.727333587737931,0.6736152294786006,0.5369611211605398,0,0.0,44.22494492792084,1.6959765700580456,40
PERCENT_RETRACE|wait=2|tol=-|retrace=0.0050,adx_pullback,1,-8.754714840116469,-16.798541351753492,912.4528515988353,8.754714840116469,0.0,0.0,-21.8867871002912,2.1067094114953058,7.601162046051064,4,4,42,8,19.047619047619047,33,1,1.5,1.5,0.846527211606467,0.9113160093860986,0.6029792825651756,0,0.0,7.970170545496649,1.2452697471463448,19
PERCENT_RETRACE|wait=2|tol=-|retrace=0.0050,atr_adx_pullback,1,-8.754714840116469,-16.798541351753492,912.4528515988353,8.754714840116469,0.0,0.0,-21.8867871002912,2.1067094114953058,7.601162046051064,4,4,42,8,19.047619047619047,33,1,1.5,1.5,0.846527211606467,0.9113160093860986,0.6029792825651756,0,0.0,15.702901578944283,1.5969351707358825,18
PERCENT_RETRACE|wait=3|tol=-|retrace=0.0050,pullback,1,-9.439402825347248,-18.047011566497652,905.6059717465275,15.869879872373732,0.32105460649893297,20.0,-9.439402825347248,6.640714449278681,19.473760887474693,10,0,42,10,23.809523809523807,30,2,1.8,2.0,0.754689823229677,0.7677548578438786,0.5369611211605398,0,0.0,34.71114577102526,1.4932578360709963,42
PERCENT_RETRACE|wait=3|tol=-|retrace=0.0050,atr_pullback,1,-9.439402825347248,-18.047011566497652,905.6059717465275,15.869879872373732,0.32105460649893297,20.0,-9.439402825347248,6.640714449278681,19.473760887474693,10,0,42,10,23.809523809523807,30,2,1.8,2.0,0.754689823229677,0.7677548578438786,0.5369611211605398,0,0.0,44.22494492792084,1.6959765700580456,40
PERCENT_RETRACE|wait=3|tol=-|retrace=0.0050,adx_pullback,1,-8.754714840116469,-16.798541351753492,912.4528515988353,8.754714840116469,0.0,0.0,-21.8867871002912,2.1067094114953058,7.601162046051064,4,6,42,10,23.809523809523807,30,2,1.8,2.0,0.846527211606467,0.9113160093860986,0.6029792825651756,0,0.0,7.970170545496649,1.2452697471463448,19
PERCENT_RETRACE|wait=3|tol=-|retrace=0.0050,atr_adx_pullback,1,-8.754714840116469,-16.798541351753492,912.4528515988353,8.754714840116469,0.0,0.0,-21.8867871002912,2.1067094114953058,7.601162046051064,4,6,42,10,23.809523809523807,30,2,1.8,2.0,0.846527211606467,0.9113160093860986,0.6029792825651756,0,0.0,15.702901578944283,1.5969351707358825,18
PERCENT_RETRACE|wait=5|tol=-|retrace=0.0050,pullback,1,3.2546837336057255,6.640181263354106,1032.5468373360573,18.90881036868308,1.1643463548736277,30.76923076923077,2.5036028720043952,12.731852530341195,25.18570062594445,13,0,42,13,30.952380952380953,26,3,2.4615384615384617,2,0.7257948509808808,0.7081591407969868,0.5369611211605398,0,0.0,34.71114577102526,1.4932578360709963,42
PERCENT_RETRACE|wait=5|tol=-|retrace=0.0050,atr_pullback,1,3.2546837336057255,6.640181263354106,1032.5468373360573,18.90881036868308,1.1643463548736277,30.76923076923077,2.5036028720043952,12.731852530341195,25.18570062594445,13,0,42,13,30.952380952380953,26,3,2.4615384615384617,2,0.7257948509808808,0.7081591407969868,0.5369611211605398,0,0.0,44.22494492792084,1.6959765700580456,40
PERCENT_RETRACE|wait=5|tol=-|retrace=0.0050,adx_pullback,1,2.4785553641432214,5.037279790397431,1024.7855536414322,15.218514388372121,1.1706787160262213,16.666666666666664,4.130925606905407,5.289672544080604,11.317481635549424,6,7,42,13,30.952380952380953,26,3,2.4615384615384617,2,0.76106408934726,0.7332682263212322,0.5772869132129288,0,0.0,7.970170545496649,1.2452697471463448,19
PERCENT_RETRACE|wait=5|tol=-|retrace=0.0050,atr_adx_pullback,1,2.4785553641432214,5.037279790397431,1024.7855536414322,15.218514388372121,1.1706787160262213,16.666666666666664,4.130925606905407,5.289672544080604,11.317481635549424,6,7,42,13,30.952380952380953,26,3,2.4615384615384617,2,0.76106408934726,0.7332682263212322,0.5772869132129288,0,0.0,15.702901578944283,1.5969351707358825,18
PERCENT_RETRACE|wait=8|tol=-|retrace=0.0050,pullback,1,8.5056609853066,17.804835319371982,1085.056609853066,20.578869792507394,1.3563537077375079,31.57894736842105,4.476663676477152,18.273414243187545,38.740395088267974,19,0,42,19,45.23809523809524,20,3,3.6842105263157894,3,0.7721333882851218,0.7371355667911026,0.5369611211605398,0,0.0,34.71114577102526,1.4932578360709963,42
PERCENT_RETRACE|wait=8|tol=-|retrace=0.0050,atr_pullback,1,8.5056609853066,17.804835319371982,1085.056609853066,20.578869792507394,1.3563537077375079,31.57894736842105,4.476663676477152,18.273414243187545,38.740395088267974,19,0,42,19,45.23809523809524,20,3,3.6842105263157894,3,0.7721333882851218,0.7371355667911026,0.5369611211605398,0,0.0,44.22494492792084,1.6959765700580456,40
PERCENT_RETRACE|wait=8|tol=-|retrace=0.0050,adx_pullback,1,9.904855185810016,20.87392504017258,1099.0485518581002,15.835767941542587,1.605407381148797,25.0,12.381068982262562,9.205404167620793,16.22697976796746,8,11,42,19,45.23809523809524,20,3,3.6842105263157894,3,0.835926360700888,0.9113160093860986,0.5772869132129288,0,0.0,7.970170545496649,1.2452697471463448,19
PERCENT_RETRACE|wait=8|tol=-|retrace=0.0050,atr_adx_pullback,1,9.904855185810016,20.87392504017258,1099.0485518581002,15.835767941542587,1.605407381148797,25.0,12.381068982262562,9.205404167620793,16.22697976796746,8,11,42,19,45.23809523809524,20,3,3.6842105263157894,3,0.835926360700888,0.9113160093860986,0.5772869132129288,0,0.0,15.702901578944283,1.5969351707358825,18
PERCENT_RETRACE|wait=2|tol=-|retrace=0.0075,pullback,1,-6.852874849197008,-13.280999148603756,931.4712515080299,6.852874849197008,0.0,0.0,-22.8429161639901,1.2136478131440347,5.774246468430445,3,0,42,3,7.142857142857142,37,2,1.3333333333333333,1,0.9277098546202307,0.9590843425744958,0.8635476761977012,0,0.0,34.71114577102526,1.4932578360709963,42
PERCENT_RETRACE|wait=2|tol=-|retrace=0.0075,atr_pullback,1,-6.852874849197008,-13.280999148603756,931.4712515080299,6.852874849197008,0.0,0.0,-22.8429161639901,1.2136478131440347,5.774246468430445,3,0,42,3,7.142857142857142,37,2,1.3333333333333333,1,0.9277098546202307,0.9590843425744958,0.8635476761977012,0,0.0,44.22494492792084,1.6959765700580456,40
PERCENT_RETRACE|wait=2|tol=-|retrace=0.0075,adx_pullback,1,-6.852874849197008,-13.280999148603756,931.4712515080299,6.852874849197008,0.0,0.0,-22.8429161639901,1.2136478131440347,5.774246468430445,3,0,42,3,7.142857142857142,37,2,1.3333333333333333,1,0.9277098546202307,0.9590843425744958,0.8635476761977012,0,0.0,7.970170545496649,1.2452697471463448,19
PERCENT_RETRACE|wait=2|tol=-|retrace=0.0075,atr_adx_pullback,1,-6.852874849197008,-13.280999148603756,931.4712515080299,6.852874849197008,0.0,0.0,-22.8429161639901,1.2136478131440347,5.774246468430445,3,0,42,3,7.142857142857142,37,2,1.3333333333333333,1,0.9277098546202307,0.9590843425744958,0.8635476761977012,0,0.0,15.702901578944283,1.5969351707358825,18
PERCENT_RETRACE|wait=3|tol=-|retrace=0.0075,pullback,1,-7.3501767208849405,-14.207839494968677,926.4982327911506,10.748090306397978,0.058096980706914665,28.57142857142857,-10.500252458407074,3.663842454774445,13.543446578420177,7,0,42,7,16.666666666666664,32,3,2.2857142857142856,3,0.8957168666291933,0.9260843434276822,0.7986583358046506,0,0.0,34.71114577102526,1.4932578360709963,42
PERCENT_RETRACE|wait=3|tol=-|retrace=0.0075,atr_pullback,1,-7.3501767208849405,-14.207839494968677,926.4982327911506,10.748090306397978,0.058096980706914665,28.57142857142857,-10.500252458407074,3.663842454774445,13.543446578420177,7,0,42,7,16.666666666666664,32,3,2.2857142857142856,3,0.8957168666291933,0.9260843434276822,0.7986583358046506,0,0.0,44.22494492792084,1.6959765700580456,40
PERCENT_RETRACE|wait=3|tol=-|retrace=0.0075,adx_pullback,1,-6.852874849197008,-13.280999148603756,931.4712515080299,6.852874849197008,0.0,0.0,-22.8429161639901,1.2136478131440347,5.774246468430445,3,4,42,7,16.666666666666664,32,3,2.2857142857142856,3,0.9277098546202307,0.9590843425744958,0.8635476761977012,0,0.0,7.970170545496649,1.2452697471463448,19
PERCENT_RETRACE|wait=3|tol=-|retrace=0.0075,atr_adx_pullback,1,-6.852874849197008,-13.280999148603756,931.4712515080299,6.852874849197008,0.0,0.0,-22.8429161639901,1.2136478131440347,5.774246468430445,3,4,42,7,16.666666666666664,32,3,2.2857142857142856,3,0.9277098546202307,0.9590843425744958,0.8635476761977012,0,0.0,15.702901578944283,1.5969351707358825,18
PERCENT_RETRACE|wait=5|tol=-|retrace=0.0075,pullback,1,-7.3501767208849405,-14.207839494968677,926.4982327911506,10.748090306397978,0.058096980706914665,28.57142857142857,-10.500252458407074,3.663842454774445,13.543446578420177,7,0,42,7,16.666666666666664,31,4,2.2857142857142856,3,0.8957168666291933,0.9260843434276822,0.7986583358046506,0,0.0,34.71114577102526,1.4932578360709963,42
PERCENT_RETRACE|wait=5|tol=-|retrace=0.0075,atr_pullback,1,-7.3501767208849405,-14.207839494968677,926.4982327911506,10.748090306397978,0.058096980706914665,28.57142857142857,-10.500252458407074,3.663842454774445,13.543446578420177,7,0,42,7,16.666666666666664,31,4,2.2857142857142856,3,0.8957168666291933,0.9260843434276822,0.7986583358046506,0,0.0,44.22494492792084,1.6959765700580456,40
PERCENT_RETRACE|wait=5|tol=-|retrace=0.0075,adx_pullback,1,-6.852874849197008,-13.280999148603756,931.4712515080299,6.852874849197008,0.0,0.0,-22.8429161639901,1.2136478131440347,5.774246468430445,3,4,42,7,16.666666666666664,31,4,2.2857142857142856,3,0.9277098546202307,0.9590843425744958,0.8635476761977012,0,0.0,7.970170545496649,1.2452697471463448,19
PERCENT_RETRACE|wait=5|tol=-|retrace=0.0075,atr_adx_pullback,1,-6.852874849197008,-13.280999148603756,931.4712515080299,6.852874849197008,0.0,0.0,-22.8429161639901,1.2136478131440347,5.774246468430445,3,4,42,7,16.666666666666664,31,4,2.2857142857142856,3,0.9277098546202307,0.9590843425744958,0.8635476761977012,0,0.0,15.702901578944283,1.5969351707358825,18
PERCENT_RETRACE|wait=8|tol=-|retrace=0.0075,pullback,1,1.2193729937313378,2.4626629621684826,1012.1937299373134,10.663433003446537,1.1306418161845615,41.66666666666667,1.0161441614427815,11.312113579116097,24.750731597451193,12,0,42,12,28.57142857142857,26,4,4.0,3.0,0.9364099982194491,0.9278277690081771,0.798614868520715,0,0.0,34.71114577102526,1.4932578360709963,42
PERCENT_RETRACE|wait=8|tol=-|retrace=0.0075,atr_pullback,1,1.2193729937313378,2.4626629621684826,1012.1937299373134,10.663433003446537,1.1306418161845615,41.66666666666667,1.0161441614427815,11.312113579116097,24.750731597451193,12,0,42,12,28.57142857142857,26,4,4.0,3.0,0.9364099982194491,0.9278277690081771,0.798614868520715,0,0.0,44.22494492792084,1.6959765700580456,40
PERCENT_RETRACE|wait=8|tol=-|retrace=0.0075,adx_pullback,1,-0.10279453787545663,-0.20623126010730353,998.9720546212454,9.20689632387546,0.9873655002076045,20.0,-0.20558907575091326,5.129379436684223,10.39662486863722,5,7,42,12,28.57142857142857,26,4,4.0,3.0,0.9808311826768474,0.9604975450884953,0.8635476761977012,0,0.0,7.970170545496649,1.2452697471463448,19
PERCENT_RETRACE|wait=8|tol=-|retrace=0.0075,atr_adx_pullback,1,-0.10279453787545663,-0.20623126010730353,998.9720546212454,9.20689632387546,0.9873655002076045,20.0,-0.20558907575091326,5.129379436684223,10.39662486863722,5,7,42,12,28.57142857142857,26,4,4.0,3.0,0.9808311826768474,0.9604975450884953,0.8635476761977012,0,0.0,15.702901578944283,1.5969351707358825,18
HYBRID|wait=2|tol=0.0025|retrace=0.0025,pullback,1,17.605787700114046,38.47474258416634,1176.0578770011405,18.01602201053798,1.8511899255337403,29.411764705882355,10.356345705949453,14.953057018548202,37.633383310137546,17,0,42,17,40.476190476190474,24,1,1.411764705882353,1,0.36213718915497545,0.41727713381107406,-0.9863489307977591,2,11.76470588235294,34.71114577102526,1.4932578360709963,42
HYBRID|wait=2|tol=0.0025|retrace=0.0025,atr_pullback,1,16.97212747509809,36.98116573303673,1169.721274750981,18.01602201053798,1.8205542499858902,25.0,10.607579671936321,14.907258987863523,35.28642692327331,16,1,42,17,40.476190476190474,24,1,1.411764705882353,1,0.3568755706393339,0.4111861358948673,-0.9863489307977591,2,12.5,44.22494492792084,1.6959765700580456,40
HYBRID|wait=2|tol=0.0025|retrace=0.0025,adx_pullback,1,19.694459868765353,43.455427010604986,1196.9445986876535,14.23066464378212,2.6997373946860814,28.57142857142857,28.134942669664788,7.396381955575911,15.650425708033282,7,10,42,17,40.476190476190474,24,1,1.411764705882353,1,0.538787739376604,0.4929745511713873,0.15523681699843733,0,0.0,7.970170545496649,1.2452697471463448,19
HYBRID|wait=2|tol=0.0025|retrace=0.0025,atr_adx_pullback,1,19.694459868765353,43.455427010604986,1196.9445986876535,14.23066464378212,2.6997373946860814,28.57142857142857,28.134942669664788,7.396381955575911,15.650425708033282,7,10,42,17,40.476190476190474,24,1,1.411764705882353,1,0.538787739376604,0.4929745511713873,0.15523681699843733,0,0.0,15.702901578944283,1.5969351707358825,18
HYBRID|wait=3|tol=0.0025|retrace=0.0025,pullback,1,50.491283173097216,127.1517677774396,1504.9128317309721,17.13454447939819,2.8566635085341834,33.33333333333333,24.04346817766534,25.555301122051755,54.233821463937105,21,0,42,21,50.0,20,1,1.7142857142857142,2,0.3639443992590768,0.4050951379786605,-0.9863489307977591,2,9.523809523809524,34.71114577102526,1.4932578360709963,42
HYBRID|wait=3|tol=0.0025|retrace=0.0025,atr_pullback,1,49.68043583111464,124.70172803940333,1496.8043583111464,17.13454447939819,2.8268470614914367,30.0,24.84021791555732,25.50950309136707,51.230597854644,20,1,42,21,50.0,20,1,1.7142857142857142,2,0.35982546495176865,0.37644540643856605,-0.9863489307977591,2,10.0,44.22494492792084,1.6959765700580456,40
HYBRID|wait=3|tol=0.0025|retrace=0.0025,adx_pullback,1,18.92339902105425,41.606457978908026,1189.2339902105425,14.78318291822772,2.5471662330094555,25.0,23.654248776317814,8.610029768719945,17.78905206608883,8,13,42,21,50.0,20,1,1.7142857142857142,2,0.5044352885145071,0.4129143770022985,0.15523681699843733,0,0.0,7.970170545496649,1.2452697471463448,19
HYBRID|wait=3|tol=0.0025|retrace=0.0025,atr_adx_pullback,1,18.92339902105425,41.606457978908026,1189.2339902105425,14.78318291822772,2.5471662330094555,25.0,23.654248776317814,8.610029768719945,17.78905206608883,8,13,42,21,50.0,20,1,1.7142857142857142,2,0.5044352885145071,0.4129143770022985,0.15523681699843733,0,0.0,15.702901578944283,1.5969351707358825,18
HYBRID|wait=5|tol=0.0025|retrace=0.0025,pullback,1,46.1050479129756,114.0574116430344,1461.050479129756,19.549750032748666,2.1625948242706032,34.61538461538461,17.732710735759845,31.85253034119533,66.39450594699643,26,0,42,26,61.904761904761905,15,1,2.269230769230769,2.0,0.3589331618851256,0.37856231170067095,-0.9863489307977591,3,11.538461538461538,34.71114577102526,1.4932578360709963,42
HYBRID|wait=5|tol=0.0025|retrace=0.0025,atr_pullback,1,45.31783361555875,111.74860652177969,1453.1783361555874,19.549750032748666,2.1427442588944183,32.0,18.127133446223496,31.80673231051065,63.478814618718964,25,1,42,26,61.904761904761905,15,1,2.269230769230769,2.0,0.35543756494432105,0.3520294854226814,-0.9863489307977591,3,12.0,44.22494492792084,1.6959765700580456,40
HYBRID|wait=5|tol=0.0025|retrace=0.0025,adx_pullback,1,9.618622888871574,20.242860587939315,1096.1862288887157,21.450696731070167,1.480802172995073,20.0,9.61862288887155,9.571788413098236,20.944182674486818,10,16,42,26,61.904761904761905,15,1,2.269230769230769,2.0,0.46881467892120926,0.4129143770022985,0.04967570465127324,0,0.0,7.970170545496649,1.2452697471463448,19
HYBRID|wait=5|tol=0.0025|retrace=0.0025,atr_adx_pullback,1,9.618622888871574,20.242860587939315,1096.1862288887157,21.450696731070167,1.480802172995073,20.0,9.61862288887155,9.571788413098236,20.944182674486818,10,16,42,26,61.904761904761905,15,1,2.269230769230769,2.0,0.46881467892120926,0.4129143770022985,0.04967570465127324,0,0.0,15.702901578944283,1.5969351707358825,18
HYBRID|wait=8|tol=0.0025|retrace=0.0025,pullback,1,50.69077008316022,127.75657696717371,1506.9077008316021,22.200244924833274,2.040862392647037,35.483870967741936,16.351861317148455,37.87497137623082,83.06322489069873,31,0,42,31,73.80952380952381,10,1,2.935483870967742,2,0.36389995796073943,0.3520294854226814,-0.9863489307977591,4,12.903225806451612,34.71114577102526,1.4932578360709963,42
HYBRID|wait=8|tol=0.0025|retrace=0.0025,atr_pullback,1,49.878847905297654,125.30001380841638,1498.7884790529765,22.200244924833274,2.0241907331061224,33.33333333333333,16.62628263509922,37.82917334554614,80.0560202946972,30,1,42,31,73.80952380952381,10,1,2.935483870967742,2,0.361152520379256,0.34991258016057647,-0.9863489307977591,4,13.333333333333334,44.22494492792084,1.6959765700580456,40
HYBRID|wait=8|tol=0.0025|retrace=0.0025,adx_pullback,1,14.522946918552543,31.284709637231558,1145.2294691855254,19.842716595902036,1.5852591207481042,25.0,12.102455765460434,13.464621021296082,26.358690418646606,12,19,42,31,73.80952380952381,10,1,2.935483870967742,2,0.4772091624100529,0.4129143770022985,0.04967570465127324,0,0.0,7.970170545496649,1.2452697471463448,19
HYBRID|wait=8|tol=0.0025|retrace=0.0025,atr_adx_pullback,1,14.522946918552543,31.284709637231558,1145.2294691855254,19.842716595902036,1.5852591207481042,25.0,12.102455765460434,13.464621021296082,26.358690418646606,12,19,42,31,73.80952380952381,10,1,2.935483870967742,2,0.4772091624100529,0.4129143770022985,0.04967570465127324,0,0.0,15.702901578944283,1.5969351707358825,18
HYBRID|wait=2|tol=0.0025|retrace=0.0050,pullback,1,6.718345536280982,13.942024219850468,1067.1834553628098,16.07704804243739,1.3984184023011768,21.428571428571427,4.798818240200709,12.113579116098009,28.09828088125546,14,0,42,14,33.33333333333333,27,1,1.5714285714285714,2.0,0.41191594371586143,0.5426646982601896,-0.9863489307977591,2,14.285714285714285,34.71114577102526,1.4932578360709963,42
HYBRID|wait=2|tol=0.0025|retrace=0.0050,atr_pullback,1,6.718345536280982,13.942024219850468,1067.1834553628098,16.07704804243739,1.3984184023011768,21.428571428571427,4.798818240200709,12.113579116098009,28.09828088125546,14,0,42,14,33.33333333333333,27,1,1.5714285714285714,2.0,0.41191594371586143,0.5426646982601896,-0.9863489307977591,2,14.285714285714285,44.22494492792084,1.6959765700580456,40
HYBRID|wait=2|tol=0.0025|retrace=0.0050,adx_pullback,1,8.694383124599018,18.216480651244037,1086.9438312459902,8.23033549451742,1.9717508338615923,20.0,17.38876624919801,4.556904053125716,9.974787603488798,5,9,42,14,33.33333333333333,27,1,1.5714285714285714,2.0,0.7082691326848611,0.8635476761977012,0.15523681699843733,0,0.0,7.970170545496649,1.2452697471463448,19
HYBRID|wait=2|tol=0.0025|retrace=0.0050,atr_adx_pullback,1,8.694383124599018,18.216480651244037,1086.9438312459902,8.23033549451742,1.9717508338615923,20.0,17.38876624919801,4.556904053125716,9.974787603488798,5,9,42,14,33.33333333333333,27,1,1.5714285714285714,2.0,0.7082691326848611,0.8635476761977012,0.15523681699843733,0,0.0,15.702901578944283,1.5969351707358825,18
HYBRID|wait=3|tol=0.0025|retrace=0.0050,pullback,1,36.713324975745124,87.33169937555813,1367.1332497574513,16.706046478342667,2.642709608228135,27.77777777777778,20.396291653191717,21.570872452484544,42.42523523874781,18,0,42,18,42.857142857142854,23,1,1.8888888888888888,2.0,0.4399403579409407,0.5426646982601896,-0.9863489307977591,2,11.11111111111111,34.71114577102526,1.4932578360709963,42
HYBRID|wait=3|tol=0.0025|retrace=0.0050,atr_pullback,1,36.713324975745124,87.33169937555813,1367.1332497574513,16.706046478342667,2.642709608228135,27.77777777777778,20.396291653191717,21.570872452484544,42.42523523874781,18,0,42,18,42.857142857142854,23,1,1.8888888888888888,2.0,0.4399403579409407,0.5426646982601896,-0.9863489307977591,2,11.11111111111111,44.22494492792084,1.6959765700580456,40
HYBRID|wait=3|tol=0.0025|retrace=0.0050,adx_pullback,1,8.694383124599018,18.216480651244037,1086.9438312459902,8.23033549451742,1.9717508338615923,20.0,17.38876624919801,4.556904053125716,9.974787603488798,5,13,42,18,42.857142857142854,23,1,1.8888888888888888,2.0,0.7082691326848611,0.8635476761977012,0.15523681699843733,0,0.0,7.970170545496649,1.2452697471463448,19
HYBRID|wait=3|tol=0.0025|retrace=0.0050,atr_adx_pullback,1,8.694383124599018,18.216480651244037,1086.9438312459902,8.23033549451742,1.9717508338615923,20.0,17.38876624919801,4.556904053125716,9.974787603488798,5,13,42,18,42.857142857142854,23,1,1.8888888888888888,2.0,0.7082691326848611,0.8635476761977012,0.15523681699843733,0,0.0,15.702901578944283,1.5969351707358825,18
HYBRID|wait=5|tol=0.0025|retrace=0.0050,pullback,1,34.74478380298908,81.95651424529649,1347.4478380298908,18.00824132863382,2.085869958848465,31.818181818181817,15.793083546813204,27.433020380123658,51.454710643641945,22,0,42,22,52.38095238095239,18,2,2.409090909090909,2.0,0.4207421264584956,0.5426646982601896,-0.9863489307977591,3,13.636363636363635,34.71114577102526,1.4932578360709963,42
HYBRID|wait=5|tol=0.0025|retrace=0.0050,atr_pullback,1,34.74478380298908,81.95651424529649,1347.4478380298908,18.00824132863382,2.085869958848465,31.818181818181817,15.793083546813204,27.433020380123658,51.454710643641945,22,0,42,22,52.38095238095239,18,2,2.409090909090909,2.0,0.4207421264584956,0.5426646982601896,-0.9863489307977591,3,13.636363636363635,44.22494492792084,1.6959765700580456,40
HYBRID|wait=5|tol=0.0025|retrace=0.0050,adx_pullback,1,0.18994320675709558,0.38163516710225664,1001.899432067571,17.11190503973876,1.011818805879825,14.285714285714285,0.27134743822442225,5.518662697504007,12.988857065184561,7,15,42,22,52.38095238095239,18,2,2.409090909090909,2.0,0.5991443063600489,0.6029887764447631,0.04967570465127324,0,0.0,7.970170545496649,1.2452697471463448,19
HYBRID|wait=5|tol=0.0025|retrace=0.0050,atr_adx_pullback,1,0.18994320675709558,0.38163516710225664,1001.899432067571,17.11190503973876,1.011818805879825,14.285714285714285,0.27134743822442225,5.518662697504007,12.988857065184561,7,15,42,22,52.38095238095239,18,2,2.409090909090909,2.0,0.5991443063600489,0.6029887764447631,0.04967570465127324,0,0.0,15.702901578944283,1.5969351707358825,18
HYBRID|wait=8|tol=0.0025|retrace=0.0050,pullback,1,37.42565240942615,89.29608902868257,1374.2565240942615,21.494544373551648,1.9054918142622626,32.142857142857146,13.366304431937904,33.82184566063659,68.58131115891763,28,0,42,28,66.66666666666666,12,2,3.2857142857142856,2.5,0.4265035298802737,0.5426646982601896,-0.9863489307977591,4,14.285714285714285,34.71114577102526,1.4932578360709963,42
HYBRID|wait=8|tol=0.0025|retrace=0.0050,atr_pullback,1,37.42565240942615,89.29608902868257,1374.2565240942615,21.494544373551648,1.9054918142622626,32.142857142857146,13.366304431937904,33.82184566063659,68.58131115891763,28,0,42,28,66.66666666666666,12,2,3.2857142857142856,2.5,0.4265035298802737,0.5426646982601896,-0.9863489307977591,4,14.285714285714285,44.22494492792084,1.6959765700580456,40
HYBRID|wait=8|tol=0.0025|retrace=0.0050,adx_pullback,1,4.672429239257281,9.599636613646734,1046.7242923925728,19.842716595902115,1.2296086766803784,22.22222222222222,5.191588043619238,9.411495305701854,17.783504975821558,9,19,42,28,66.66666666666666,12,2,3.2857142857142856,2.5,0.581374811580987,0.6029887764447631,0.04967570465127324,0,0.0,7.970170545496649,1.2452697471463448,19
HYBRID|wait=8|tol=0.0025|retrace=0.0050,atr_adx_pullback,1,4.672429239257281,9.599636613646734,1046.7242923925728,19.842716595902115,1.2296086766803784,22.22222222222222,5.191588043619238,9.411495305701854,17.783504975821558,9,19,42,28,66.66666666666666,12,2,3.2857142857142856,2.5,0.581374811580987,0.6029887764447631,0.04967570465127324,0,0.0,15.702901578944283,1.5969351707358825,18
HYBRID|wait=2|tol=0.0025|retrace=0.0075,pullback,1,9.334529828101472,19.618151673492346,1093.3452982810147,14.327828607052501,1.6331961949626832,25.0,7.778774856751227,9.7778795511793,24.623691945488716,12,0,42,12,28.57142857142857,29,1,1.5,1.5,0.38462297117475375,0.47102812956960016,-0.9863489307977591,2,16.666666666666664,34.71114577102526,1.4932578360709963,42
HYBRID|wait=2|tol=0.0025|retrace=0.0075,atr_pullback,1,9.334529828101472,19.618151673492346,1093.3452982810147,14.327828607052501,1.6331961949626832,25.0,7.778774856751227,9.7778795511793,24.623691945488716,12,0,42,12,28.57142857142857,29,1,1.5,1.5,0.38462297117475375,0.47102812956960016,-0.9863489307977591,2,16.666666666666664,44.22494492792084,1.6959765700580456,40
HYBRID|wait=2|tol=0.0025|retrace=0.0075,adx_pullback,1,10.959917439631955,23.214367305570672,1109.5991743963195,7.084991973570033,2.5547519865131503,25.0,27.399793599079857,3.663842454774445,8.197345880881,4,8,42,12,28.57142857142857,29,1,1.5,1.5,0.7345915952147825,0.9113160093860986,0.15523681699843733,0,0.0,7.970170545496649,1.2452697471463448,19
HYBRID|wait=2|tol=0.0025|retrace=0.0075,atr_adx_pullback,1,10.959917439631955,23.214367305570672,1109.5991743963195,7.084991973570033,2.5547519865131503,25.0,27.399793599079857,3.663842454774445,8.197345880881,4,8,42,12,28.57142857142857,29,1,1.5,1.5,0.7345915952147825,0.9113160093860986,0.15523681699843733,0,0.0,15.702901578944283,1.5969351707358825,18
HYBRID|wait=3|tol=0.0025|retrace=0.0075,pullback,1,40.094941408017284,96.7486722338937,1400.9494140801728,14.969937357397969,3.0311296086336887,35.294117647058826,23.58525965177487,20.65491183879093,40.56839620962673,17,0,42,17,40.476190476190474,24,1,1.9411764705882353,2,0.4525684252023294,0.5369611211605398,-0.9863489307977591,2,11.76470588235294,34.71114577102526,1.4932578360709963,42
HYBRID|wait=3|tol=0.0025|retrace=0.0075,atr_pullback,1,40.094941408017284,96.7486722338937,1400.9494140801728,14.969937357397969,3.0311296086336887,35.294117647058826,23.58525965177487,20.65491183879093,40.56839620962673,17,0,42,17,40.476190476190474,24,1,1.9411764705882353,2,0.4525684252023294,0.5369611211605398,-0.9863489307977591,2,11.76470588235294,44.22494492792084,1.6959765700580456,40
HYBRID|wait=3|tol=0.0025|retrace=0.0075,adx_pullback,1,10.959917439631955,23.214367305570672,1109.5991743963195,7.084991973570033,2.5547519865131503,25.0,27.399793599079857,3.663842454774445,8.197345880881,4,13,42,17,40.476190476190474,24,1,1.9411764705882353,2,0.7345915952147825,0.9113160093860986,0.15523681699843733,0,0.0,7.970170545496649,1.2452697471463448,19
HYBRID|wait=3|tol=0.0025|retrace=0.0075,atr_adx_pullback,1,10.959917439631955,23.214367305570672,1109.5991743963195,7.084991973570033,2.5547519865131503,25.0,27.399793599079857,3.663842454774445,8.197345880881,4,13,42,17,40.476190476190474,24,1,1.9411764705882353,2,0.7345915952147825,0.9113160093860986,0.15523681699843733,0,0.0,15.702901578944283,1.5969351707358825,18
HYBRID|wait=5|tol=0.0025|retrace=0.0075,pullback,1,47.07449256922321,116.91794065228707,1470.744925692232,15.391586703756035,3.078972421406074,40.0,23.537246284611605,25.715594229448136,49.24834322692222,20,0,42,20,47.61904761904761,20,2,2.35,2.0,0.42140373955724036,0.47102812956960016,-0.9863489307977591,3,15.0,34.71114577102526,1.4932578360709963,42
HYBRID|wait=5|tol=0.0025|retrace=0.0075,atr_pullback,1,47.07449256922321,116.91794065228707,1470.744925692232,15.391586703756035,3.078972421406074,40.0,23.537246284611605,25.715594229448136,49.24834322692222,20,0,42,20,47.61904761904761,20,2,2.35,2.0,0.42140373955724036,0.47102812956960016,-0.9863489307977591,3,15.0,44.22494492792084,1.6959765700580456,40
HYBRID|wait=5|tol=0.0025|retrace=0.0075,adx_pullback,1,8.942400833981742,18.758558653170553,1089.4240083398174,8.020936431500695,2.023231903655241,20.0,17.884801667963508,3.8241355621708264,10.023895229834466,5,15,42,20,47.61904761904761,20,2,2.35,2.0,0.5976084171020806,0.8635476761977012,0.04967570465127324,0,0.0,7.970170545496649,1.2452697471463448,19
HYBRID|wait=5|tol=0.0025|retrace=0.0075,atr_adx_pullback,1,8.942400833981742,18.758558653170553,1089.4240083398174,8.020936431500695,2.023231903655241,20.0,17.884801667963508,3.8241355621708264,10.023895229834466,5,15,42,20,47.61904761904761,20,2,2.35,2.0,0.5976084171020806,0.8635476761977012,0.04967570465127324,0,0.0,15.702901578944283,1.5969351707358825,18
HYBRID|wait=8|tol=0.0025|retrace=0.0075,pullback,1,50.0006718157089,125.66775350663386,1500.006718157089,17.30062830890081,2.5677740798585247,38.46153846153847,19.2310276214265,32.104419509961076,67.09501907295578,26,0,42,26,61.904761904761905,14,2,3.3076923076923075,3.0,0.42745564791175256,0.47102812956960016,-0.9863489307977591,4,15.384615384615385,34.71114577102526,1.4932578360709963,42
HYBRID|wait=8|tol=0.0025|retrace=0.0075,atr_pullback,1,50.0006718157089,125.66775350663386,1500.006718157089,17.30062830890081,2.5677740798585247,38.46153846153847,19.2310276214265,32.104419509961076,67.09501907295578,26,0,42,26,61.904761904761905,14,2,3.3076923076923075,3.0,0.42745564791175256,0.47102812956960016,-0.9863489307977591,4,15.384615384615385,44.22494492792084,1.6959765700580456,40
HYBRID|wait=8|tol=0.0025|retrace=0.0075,adx_pullback,1,13.816470770099112,29.66410490804201,1138.1647077009911,12.663319815086382,2.0888023565771903,28.57142857142857,19.73781538585586,7.716968170368673,14.726233432524285,7,19,42,26,61.904761904761905,14,2,3.3076923076923075,3.0,0.575200749316992,0.8635476761977012,0.04967570465127324,0,0.0,7.970170545496649,1.2452697471463448,19
HYBRID|wait=8|tol=0.0025|retrace=0.0075,atr_adx_pullback,1,13.816470770099112,29.66410490804201,1138.1647077009911,12.663319815086382,2.0888023565771903,28.57142857142857,19.73781538585586,7.716968170368673,14.726233432524285,7,19,42,26,61.904761904761905,14,2,3.3076923076923075,3.0,0.575200749316992,0.8635476761977012,0.04967570465127324,0,0.0,15.702901578944283,1.5969351707358825,18
HYBRID|wait=2|tol=0.0050|retrace=0.0025,pullback,1,48.5625373678419,121.34577061283363,1485.625373678419,18.232896556049088,2.3777277731589876,29.166666666666668,20.234390569934124,29.081749484772157,63.781152602668165,24,0,42,24,57.14285714285714,17,1,1.3333333333333333,1.0,0.2014979961541229,0.15026853234662157,-0.9863489307977591,8,33.33333333333333,34.71114577102526,1.4932578360709963,42
HYBRID|wait=2|tol=0.0050|retrace=0.0025,atr_pullback,1,47.76208211220862,118.95835386871636,1477.6208211220862,18.232896556049088,2.3550187160003038,26.08695652173913,20.76612265748201,29.03595145408747,60.81641929538149,23,1,42,24,57.14285714285714,17,1,1.3333333333333333,1.0,0.19085342705624822,0.14530024769480582,-0.9863489307977591,8,34.78260869565217,44.22494492792084,1.6959765700580456,40
HYBRID|wait=2|tol=0.0050|retrace=0.0025,adx_pullback,1,15.033472083009155,32.462104462045936,1150.3347208300916,17.570583842432384,1.971083572833846,22.22222222222222,16.70385787001016,8.472635676665902,19.573847990748934,9,15,42,24,57.14285714285714,17,1,1.3333333333333333,1.0,0.3983367065289001,0.33285420283320966,-0.24849420691488694,1,11.11111111111111,7.970170545496649,1.2452697471463448,19
HYBRID|wait=2|tol=0.0050|retrace=0.0025,atr_adx_pullback,1,15.033472083009155,32.462104462045936,1150.3347208300916,17.570583842432384,1.971083572833846,22.22222222222222,16.70385787001016,8.472635676665902,19.573847990748934,9,15,42,24,57.14285714285714,17,1,1.3333333333333333,1.0,0.3983367065289001,0.33285420283320966,-0.24849420691488694,1,11.11111111111111,15.702901578944283,1.5969351707358825,18
HYBRID|wait=3|tol=0.0050|retrace=0.0025,pullback,1,46.62685907742032,115.59474575863469,1466.2685907742032,18.232896556049006,2.2865057662584385,26.923076923076923,17.933407337469355,30.43279138997023,67.39686469150439,26,0,42,26,61.904761904761905,15,1,1.4615384615384615,1.0,0.20952752750297113,0.20960247473913315,-0.9863489307977591,8,30.76923076923077,34.71114577102526,1.4932578360709963,42
HYBRID|wait=3|tol=0.0050|retrace=0.0025,atr_pullback,1,45.83683326038063,113.26935908174991,1458.3683326038063,18.232896556049006,2.26470775564342,24.0,18.33473330415225,30.38699335928555,64.47076003179929,25,1,42,26,61.904761904761905,15,1,1.4615384615384615,1.0,0.2000557051868804,0.15523681699843733,-0.9863489307977591,8,32.0,44.22494492792084,1.6959765700580456,40
HYBRID|wait=3|tol=0.0050|retrace=0.0025,adx_pullback,1,14.292436895610058,30.754826221497765,1142.9243689561006,18.10158666051167,1.8877133739104057,20.0,14.29243689561007,9.686283489809938,21.687200018525896,10,16,42,26,61.904761904761905,15,1,1.4615384615384615,1.0,0.384899849123993,0.3003708186191182,-0.24849420691488694,1,10.0,7.970170545496649,1.2452697471463448,19
HYBRID|wait=3|tol=0.0050|retrace=0.0025,atr_adx_pullback,1,14.292436895610058,30.754826221497765,1142.9243689561006,18.10158666051167,1.8877133739104057,20.0,14.29243689561007,9.686283489809938,21.687200018525896,10,16,42,26,61.904761904761905,15,1,1.4615384615384615,1.0,0.384899849123993,0.3003708186191182,-0.24849420691488694,1,10.0,15.702901578944283,1.5969351707358825,18
HYBRID|wait=5|tol=0.0050|retrace=0.0025,pullback,1,44.70810728862568,109.96898667369108,1447.0810728862568,22.263912939359145,1.8961723860536912,29.03225806451613,14.42197009310506,38.539042821158695,80.70258353862735,31,0,42,31,73.80952380952381,10,1,2.0,1,0.23361286740244622,0.263968132479829,-0.9863489307977591,8,25.806451612903224,34.71114577102526,1.4932578360709963,42
HYBRID|wait=5|tol=0.0050|retrace=0.0025,atr_pullback,1,43.92841971015412,107.70427895805584,1439.2841971015412,22.263912939359145,1.8805435768745324,26.666666666666668,14.642806570051372,38.49324479047401,77.81476973903706,30,1,42,31,73.80952380952381,10,1,2.0,1,0.22652252680235307,0.20960247473913315,-0.9863489307977591,8,26.666666666666668,44.22494492792084,1.6959765700580456,40
HYBRID|wait=5|tol=0.0050|retrace=0.0025,adx_pullback,1,12.796634871011655,27.342490891088534,1127.9663487101166,20.842342135835302,1.5080597435927459,23.076923076923077,9.843565285393565,14.449278681016716,28.41932070302086,13,18,42,31,73.80952380952381,10,1,2.0,1,0.35254561841683424,0.2678874344050267,-0.24849420691488694,1,7.6923076923076925,7.970170545496649,1.2452697471463448,19
HYBRID|wait=5|tol=0.0050|retrace=0.0025,atr_adx_pullback,1,12.796634871011655,27.342490891088534,1127.9663487101166,20.842342135835302,1.5080597435927459,23.076923076923077,9.843565285393565,14.449278681016716,28.41932070302086,13,18,42,31,73.80952380952381,10,1,2.0,1,0.35254561841683424,0.2678874344050267,-0.24849420691488694,1,7.6923076923076925,15.702901578944283,1.5969351707358825,18
HYBRID|wait=8|tol=0.0050|retrace=0.0025,pullback,1,44.70810728862568,109.96898667369108,1447.0810728862568,22.263912939359145,1.8961723860536912,29.03225806451613,14.42197009310506,38.539042821158695,80.70258353862735,31,0,42,31,73.80952380952381,10,1,2.0,1,0.23361286740244622,0.263968132479829,-0.9863489307977591,8,25.806451612903224,34.71114577102526,1.4932578360709963,42
HYBRID|wait=8|tol=0.0050|retrace=0.0025,atr_pullback,1,43.92841971015412,107.70427895805584,1439.2841971015412,22.263912939359145,1.8805435768745324,26.666666666666668,14.642806570051372,38.49324479047401,77.81476973903706,30,1,42,31,73.80952380952381,10,1,2.0,1,0.22652252680235307,0.20960247473913315,-0.9863489307977591,8,26.666666666666668,44.22494492792084,1.6959765700580456,40
HYBRID|wait=8|tol=0.0050|retrace=0.0025,adx_pullback,1,12.796634871011655,27.342490891088534,1127.9663487101166,20.842342135835302,1.5080597435927459,23.076923076923077,9.843565285393565,14.449278681016716,28.41932070302086,13,18,42,31,73.80952380952381,10,1,2.0,1,0.35254561841683424,0.2678874344050267,-0.24849420691488694,1,7.6923076923076925,7.970170545496649,1.2452697471463448,19
HYBRID|wait=8|tol=0.0050|retrace=0.0025,atr_adx_pullback,1,12.796634871011655,27.342490891088534,1127.9663487101166,20.842342135835302,1.5080597435927459,23.076923076923077,9.843565285393565,14.449278681016716,28.41932070302086,13,18,42,31,73.80952380952381,10,1,2.0,1,0.35254561841683424,0.2678874344050267,-0.24849420691488694,1,7.6923076923076925,15.702901578944283,1.5969351707358825,18
HYBRID|wait=2|tol=0.0050|retrace=0.0050,pullback,1,33.751123252666346,79.27310395440388,1337.5112325266634,18.232896556049056,2.0878301560155337,26.08695652173913,14.674401414202762,26.402564689718343,55.33164533949752,23,0,42,23,54.761904761904766,18,1,1.434782608695652,1,0.21880514117660238,0.14530024769480582,-0.9863489307977591,8,34.78260869565217,34.71114577102526,1.4932578360709963,42
HYBRID|wait=2|tol=0.0050|retrace=0.0050,atr_pullback,1,33.03047192662332,77.3394794312624,1330.3047192662332,18.232896556049056,2.064602892182759,22.727272727272727,15.013850875737877,26.35676665903366,52.66249053762201,22,1,42,23,54.761904761904766,18,1,1.434782608695652,1,0.20846341643893707,0.10365531886678296,-0.9863489307977591,8,36.36363636363637,44.22494492792084,1.6959765700580456,40
HYBRID|wait=2|tol=0.0050|retrace=0.0050,adx_pullback,1,3.4671733944970127,7.081150375533252,1034.6717339449701,14.123189256851818,1.2570681857827815,12.5,4.33396674312128,5.8163498969544305,15.654723446949337,8,15,42,23,54.761904761904766,18,1,1.434782608695652,1,0.46096450617267354,0.46791674269919264,-0.24849420691488694,1,12.5,7.970170545496649,1.2452697471463448,19
HYBRID|wait=2|tol=0.0050|retrace=0.0050,atr_adx_pullback,1,3.4671733944970127,7.081150375533252,1034.6717339449701,14.123189256851818,1.2570681857827815,12.5,4.33396674312128,5.8163498969544305,15.654723446949337,8,15,42,23,54.761904761904766,18,1,1.434782608695652,1,0.46096450617267354,0.46791674269919264,-0.24849420691488694,1,12.5,15.702901578944283,1.5969351707358825,18
HYBRID|wait=3|tol=0.0050|retrace=0.0050,pullback,1,32.864328504901096,76.89518226275646,1328.643285049011,18.232896556049056,2.043861911263955,25.0,13.693470210375452,26.539958781772384,56.9591504498651,24,0,42,24,57.14285714285714,17,1,1.5,1.0,0.22417974674834695,0.15026853234662157,-0.9863489307977591,8,33.33333333333333,34.71114577102526,1.4932578360709963,42
HYBRID|wait=3|tol=0.0050|retrace=0.0050,atr_pullback,1,32.148455230775426,74.98720580168154,1321.4845523077543,18.232896556049056,2.0211237973834244,21.73913043478261,13.977589230771919,26.494160751087705,54.30769263925003,23,1,42,24,57.14285714285714,17,1,1.5,1.0,0.21452134071978635,0.14530024769480582,-0.9863489307977591,8,34.78260869565217,44.22494492792084,1.6959765700580456,40
HYBRID|wait=3|tol=0.0050|retrace=0.0050,adx_pullback,1,3.4671733944970127,7.081150375533252,1034.6717339449701,14.123189256851818,1.2570681857827815,12.5,4.33396674312128,5.8163498969544305,15.654723446949337,8,16,42,24,57.14285714285714,17,1,1.5,1.0,0.46096450617267354,0.46791674269919264,-0.24849420691488694,1,12.5,7.970170545496649,1.2452697471463448,19
HYBRID|wait=3|tol=0.0050|retrace=0.0050,atr_adx_pullback,1,3.4671733944970127,7.081150375533252,1034.6717339449701,14.123189256851818,1.2570681857827815,12.5,4.33396674312128,5.8163498969544305,15.654723446949337,8,16,42,24,57.14285714285714,17,1,1.5,1.0,0.46096450617267354,0.46791674269919264,-0.24849420691488694,1,12.5,15.702901578944283,1.5969351707358825,18
HYBRID|wait=5|tol=0.0050|retrace=0.0050,pullback,1,31.125672507017704,72.27925493486367,1311.256725070177,22.263912939359155,1.7105035582297794,27.586206896551722,10.73299051966127,34.646210212960845,68.97075789359589,29,0,42,29,69.04761904761905,12,1,2.0689655172413794,2,0.2473998998744452,0.15523681699843733,-0.9863489307977591,8,27.586206896551722,34.71114577102526,1.4932578360709963,42
HYBRID|wait=5|tol=0.0050|retrace=0.0050,atr_pullback,1,30.419167114969852,70.4210654751926,1304.1916711496985,22.263912939359155,1.694376208857799,25.0,10.863988255346369,34.600412182276166,66.35399692808164,28,1,42,29,69.04761904761905,12,1,2.0689655172413794,2,0.24029550039120248,0.15026853234662157,-0.9863489307977591,8,28.57142857142857,44.22494492792084,1.6959765700580456,40
HYBRID|wait=5|tol=0.0050|retrace=0.0050,adx_pullback,1,2.113046982927824,4.2866317852344515,1021.1304698292782,20.842342135835253,1.0974289606739003,18.181818181818183,1.9209518026616272,10.579345088161208,21.726359293902902,11,18,42,29,69.04761904761905,12,1,2.0689655172413794,2,0.4019827815963912,0.33285420283320966,-0.24849420691488694,1,9.090909090909092,7.970170545496649,1.2452697471463448,19
HYBRID|wait=5|tol=0.0050|retrace=0.0050,atr_adx_pullback,1,2.113046982927824,4.2866317852344515,1021.1304698292782,20.842342135835253,1.0974289606739003,18.181818181818183,1.9209518026616272,10.579345088161208,21.726359293902902,11,18,42,29,69.04761904761905,12,1,2.0689655172413794,2,0.4019827815963912,0.33285420283320966,-0.24849420691488694,1,9.090909090909092,15.702901578944283,1.5969351707358825,18
HYBRID|wait=8|tol=0.0050|retrace=0.0050,pullback,1,31.125672507017704,72.27925493486367,1311.256725070177,22.263912939359155,1.7105035582297794,27.586206896551722,10.73299051966127,34.646210212960845,68.97075789359589,29,0,42,29,69.04761904761905,12,1,2.0689655172413794,2,0.2473998998744452,0.15523681699843733,-0.9863489307977591,8,27.586206896551722,34.71114577102526,1.4932578360709963,42
HYBRID|wait=8|tol=0.0050|retrace=0.0050,atr_pullback,1,30.419167114969852,70.4210654751926,1304.1916711496985,22.263912939359155,1.694376208857799,25.0,10.863988255346369,34.600412182276166,66.35399692808164,28,1,42,29,69.04761904761905,12,1,2.0689655172413794,2,0.24029550039120248,0.15026853234662157,-0.9863489307977591,8,28.57142857142857,44.22494492792084,1.6959765700580456,40
HYBRID|wait=8|tol=0.0050|retrace=0.0050,adx_pullback,1,2.113046982927824,4.2866317852344515,1021.1304698292782,20.842342135835253,1.0974289606739003,18.181818181818183,1.9209518026616272,10.579345088161208,21.726359293902902,11,18,42,29,69.04761904761905,12,1,2.0689655172413794,2,0.4019827815963912,0.33285420283320966,-0.24849420691488694,1,9.090909090909092,7.970170545496649,1.2452697471463448,19
HYBRID|wait=8|tol=0.0050|retrace=0.0050,atr_adx_pullback,1,2.113046982927824,4.2866317852344515,1021.1304698292782,20.842342135835253,1.0974289606739003,18.181818181818183,1.9209518026616272,10.579345088161208,21.726359293902902,11,18,42,29,69.04761904761905,12,1,2.0689655172413794,2,0.4019827815963912,0.33285420283320966,-0.24849420691488694,1,9.090909090909092,15.702901578944283,1.5969351707358825,18
HYBRID|wait=2|tol=0.0050|retrace=0.0075,pullback,1,37.03001205016954,88.20375964551062,1370.3001205016953,16.52861181411563,2.298618697973497,28.57142857142857,17.6333390715093,24.066865124799634,51.68303368532625,21,0,42,21,50.0,20,1,1.380952380952381,1,0.18481765186365906,0.0620103900387601,-0.9863489307977591,8,38.095238095238095,34.71114577102526,1.4932578360709963,42
HYBRID|wait=2|tol=0.0050|retrace=0.0075,atr_pullback,1,36.29169406456951,86.17380982609681,1362.9169406456951,16.52861181411563,2.27272636124265,25.0,18.145847032284756,24.021067094114954,48.948444952386566,20,1,42,21,50.0,20,1,1.380952380952381,1,0.17174238018658,0.05589209062802302,-0.9863489307977591,8,40.0,44.22494492792084,1.6959765700580456,40
HYBRID|wait=2|tol=0.0050|retrace=0.0075,adx_pullback,1,5.623756145751031,11.6082641031928,1056.2375614575103,12.333245232042653,1.4813140444544617,14.285714285714285,8.033937351072884,4.92328829860316,13.966346588458023,7,14,42,21,50.0,20,1,1.380952380952381,1,0.4406766809737447,0.33285420283320966,-0.24849420691488694,1,14.285714285714285,7.970170545496649,1.2452697471463448,19
HYBRID|wait=2|tol=0.0050|retrace=0.0075,atr_adx_pullback,1,5.623756145751031,11.6082641031928,1056.2375614575103,12.333245232042653,1.4813140444544617,14.285714285714285,8.033937351072884,4.92328829860316,13.966346588458023,7,14,42,21,50.0,20,1,1.380952380952381,1,0.4406766809737447,0.33285420283320966,-0.24849420691488694,1,14.285714285714285,15.702901578944283,1.5969351707358825,18
HYBRID|wait=3|tol=0.0050|retrace=0.0075,pullback,1,36.150739662077676,85.78752208400142,1361.5073966207767,16.528611814115607,2.2468046388673835,30.434782608695656,15.71771289655551,25.62399816807877,55.30900764003679,23,0,42,23,54.761904761904766,18,1,1.5217391304347827,1,0.2241326394549128,0.14530024769480582,-0.9863489307977591,8,34.78260869565217,34.71114577102526,1.4932578360709963,42
HYBRID|wait=3|tol=0.0050|retrace=0.0075,atr_pullback,1,35.417159197905704,83.78363359838295,1354.171591979057,16.528611814115607,2.221504146145472,27.27272727272727,16.098708726320773,25.57820013739409,52.59196578117007,22,1,42,23,54.761904761904766,18,1,1.5217391304347827,1,0.21403307372989788,0.10365531886678296,-0.9863489307977591,8,36.36363636363637,44.22494492792084,1.6959765700580456,40
HYBRID|wait=3|tol=0.0050|retrace=0.0075,adx_pullback,1,5.623756145751031,11.6082641031928,1056.2375614575103,12.333245232042653,1.4813140444544617,14.285714285714285,8.033937351072884,4.92328829860316,13.966346588458023,7,16,42,23,54.761904761904766,18,1,1.5217391304347827,1,0.4406766809737447,0.33285420283320966,-0.24849420691488694,1,14.285714285714285,7.970170545496649,1.2452697471463448,19
HYBRID|wait=3|tol=0.0050|retrace=0.0075,atr_adx_pullback,1,5.623756145751031,11.6082641031928,1056.2375614575103,12.333245232042653,1.4813140444544617,14.285714285714285,8.033937351072884,4.92328829860316,13.966346588458023,7,16,42,23,54.761904761904766,18,1,1.5217391304347827,1,0.4406766809737447,0.33285420283320966,-0.24849420691488694,1,14.285714285714285,15.702901578944283,1.5969351707358825,18
HYBRID|wait=5|tol=0.0050|retrace=0.0075,pullback,1,43.12421752047057,105.38127668901024,1431.2421752047057,18.04619272045476,2.237209796320714,33.33333333333333,15.971932414989102,32.928784062285324,67.7501092635039,27,0,42,27,64.28571428571429,14,1,2.0,2,0.23504981871914127,0.14530024769480582,-0.9863489307977591,8,29.629629629629626,34.71114577102526,1.4932578360709963,42
HYBRID|wait=5|tol=0.0050|retrace=0.0075,atr_pullback,1,42.353063943314076,103.16605162490377,1423.5306394331408,18.04619272045476,2.215085829441248,30.76923076923077,16.289639978197723,32.882986031600645,64.893903774016,26,1,42,27,64.28571428571429,14,1,2.0,2,0.226923923846599,0.11336515738884236,-0.9863489307977591,8,30.76923076923077,44.22494492792084,1.6959765700580456,40
HYBRID|wait=5|tol=0.0050|retrace=0.0075,adx_pullback,1,11.033504349197596,23.378445240421964,1110.335043491976,13.927236446068605,1.7754039507241854,22.22222222222222,12.259449276886206,8.884817952828028,18.89443805560305,9,18,42,27,64.28571428571429,14,1,2.0,2,0.35731583761670715,0.15523681699843733,-0.24849420691488694,1,11.11111111111111,7.970170545496649,1.2452697471463448,19
HYBRID|wait=5|tol=0.0050|retrace=0.0075,atr_adx_pullback,1,11.033504349197596,23.378445240421964,1110.335043491976,13.927236446068605,1.7754039507241854,22.22222222222222,12.259449276886206,8.884817952828028,18.89443805560305,9,18,42,27,64.28571428571429,14,1,2.0,2,0.35731583761670715,0.15523681699843733,-0.24849420691488694,1,11.11111111111111,15.702901578944283,1.5969351707358825,18
HYBRID|wait=8|tol=0.0050|retrace=0.0075,pullback,1,43.12421752047057,105.38127668901024,1431.2421752047057,18.04619272045476,2.237209796320714,33.33333333333333,15.971932414989102,32.928784062285324,67.7501092635039,27,0,42,27,64.28571428571429,14,1,2.0,2,0.23504981871914127,0.14530024769480582,-0.9863489307977591,8,29.629629629629626,34.71114577102526,1.4932578360709963,42
HYBRID|wait=8|tol=0.0050|retrace=0.0075,atr_pullback,1,42.353063943314076,103.16605162490377,1423.5306394331408,18.04619272045476,2.215085829441248,30.76923076923077,16.289639978197723,32.882986031600645,64.893903774016,26,1,42,27,64.28571428571429,14,1,2.0,2,0.226923923846599,0.11336515738884236,-0.9863489307977591,8,30.76923076923077,44.22494492792084,1.6959765700580456,40
HYBRID|wait=8|tol=0.0050|retrace=0.0075,adx_pullback,1,11.033504349197596,23.378445240421964,1110.335043491976,13.927236446068605,1.7754039507241854,22.22222222222222,12.259449276886206,8.884817952828028,18.89443805560305,9,18,42,27,64.28571428571429,14,1,2.0,2,0.35731583761670715,0.15523681699843733,-0.24849420691488694,1,11.11111111111111,7.970170545496649,1.2452697471463448,19
HYBRID|wait=8|tol=0.0050|retrace=0.0075,atr_adx_pullback,1,11.033504349197596,23.378445240421964,1110.335043491976,13.927236446068605,1.7754039507241854,22.22222222222222,12.259449276886206,8.884817952828028,18.89443805560305,9,18,42,27,64.28571428571429,14,1,2.0,2,0.35731583761670715,0.15523681699843733,-0.24849420691488694,1,11.11111111111111,15.702901578944283,1.5969351707358825,18
HYBRID|wait=2|tol=0.0075|retrace=0.0025,pullback,1,45.60048454061962,112.57614204983466,1456.0048454061962,18.42340514639981,2.2594755372925373,28.000000000000004,18.240193816247846,29.40233569956492,65.03749164704323,25,0,42,25,59.523809523809526,16,1,1.08,1,0.15343876854176103,0.14530024769480582,-0.9863489307977591,8,32.0,34.71114577102526,1.4932578360709963,42
HYBRID|wait=2|tol=0.0075|retrace=0.0025,atr_pullback,1,45.1397626052523,111.22808808766398,1451.397626052523,18.42340514639981,2.246750496913365,25.0,18.808234418855125,29.333638653537896,62.128631713276796,24,1,42,25,59.523809523809526,16,1,1.08,1,0.15050934341548314,0.10868897876167691,-0.9863489307977591,8,33.33333333333333,44.22494492792084,1.6959765700580456,40
HYBRID|wait=2|tol=0.0075|retrace=0.0025,adx_pullback,1,15.033472083009155,32.462104462045936,1150.3347208300916,17.570583842432384,1.971083572833846,22.22222222222222,16.70385787001016,8.472635676665902,19.573847990748934,9,16,42,25,59.523809523809526,16,1,1.08,1,0.3983367065289001,0.33285420283320966,-0.24849420691488694,1,11.11111111111111,7.970170545496649,1.2452697471463448,19
HYBRID|wait=2|tol=0.0075|retrace=0.0025,atr_adx_pullback,1,15.033472083009155,32.462104462045936,1150.3347208300916,17.570583842432384,1.971083572833846,22.22222222222222,16.70385787001016,8.472635676665902,19.573847990748934,9,16,42,25,59.523809523809526,16,1,1.08,1,0.3983367065289001,0.33285420283320966,-0.24849420691488694,1,11.11111111111111,15.702901578944283,1.5969351707358825,18
HYBRID|wait=3|tol=0.0075|retrace=0.0025,pullback,1,44.66253943305039,109.83628959727638,1446.625394330504,18.423405146399887,2.2172423243720596,26.923076923076923,17.177899781942457,30.615983512708954,66.82848581120233,26,0,42,26,61.904761904761905,15,1,1.1538461538461537,1.0,0.1576898979239944,0.15026853234662157,-0.9863489307977591,8,30.76923076923077,34.71114577102526,1.4932578360709963,42
HYBRID|wait=3|tol=0.0075|retrace=0.0025,atr_pullback,1,44.20478542657831,108.50561043981722,1442.0478542657831,18.423405146399887,2.2047665995722205,24.0,17.681914170631327,30.547286466681932,63.938364489138245,25,1,42,26,61.904761904761905,15,1,1.1538461538461537,1.0,0.15504769497805698,0.14530024769480582,-0.9863489307977591,8,32.0,44.22494492792084,1.6959765700580456,40
HYBRID|wait=3|tol=0.0075|retrace=0.0025,adx_pullback,1,14.292436895610058,30.754826221497765,1142.9243689561006,18.10158666051167,1.8877133739104057,20.0,14.29243689561007,9.686283489809938,21.687200018525896,10,16,42,26,61.904761904761905,15,1,1.1538461538461537,1.0,0.384899849123993,0.3003708186191182,-0.24849420691488694,1,10.0,7.970170545496649,1.2452697471463448,19
HYBRID|wait=3|tol=0.0075|retrace=0.0025,atr_adx_pullback,1,14.292436895610058,30.754826221497765,1142.9243689561006,18.10158666051167,1.8877133739104057,20.0,14.29243689561007,9.686283489809938,21.687200018525896,10,16,42,26,61.904761904761905,15,1,1.1538461538461537,1.0,0.384899849123993,0.3003708186191182,-0.24849420691488694,1,10.0,15.702901578944283,1.5969351707358825,18
HYBRID|wait=5|tol=0.0075|retrace=0.0025,pullback,1,42.08367818497813,102.39505194855995,1420.8367818497813,22.84672285718907,1.8290721658204716,29.03225806451613,13.575380059670366,38.74513395923975,79.81350500930121,31,0,42,31,73.80952380952381,10,1,1.7096774193548387,1,0.17457344556574297,0.15523681699843733,-0.9863489307977591,9,29.03225806451613,34.71114577102526,1.4932578360709963,42
HYBRID|wait=5|tol=0.0075|retrace=0.0025,atr_pullback,1,41.63408443943515,101.11156148216965,1416.3408443943515,22.84672285718907,1.820214915778822,26.666666666666668,13.878028146478384,38.67643691321273,76.97490512401619,30,1,42,31,73.80952380952381,10,1,1.7096774193548387,1,0.17293439469885338,0.15026853234662157,-0.9863489307977591,9,30.0,44.22494492792084,1.6959765700580456,40
HYBRID|wait=5|tol=0.0075|retrace=0.0025,adx_pullback,1,12.25479949351511,26.117587177683067,1122.547994935151,21.222587694398438,1.477956668421104,23.076923076923077,9.42676884116548,14.472177696359056,28.35280444085616,13,18,42,31,73.80952380952381,10,1,1.7096774193548387,1,0.3154345639641876,0.2678874344050267,-0.43276800323313264,2,15.384615384615385,7.970170545496649,1.2452697471463448,19
HYBRID|wait=5|tol=0.0075|retrace=0.0025,atr_adx_pullback,1,12.25479949351511,26.117587177683067,1122.547994935151,21.222587694398438,1.477956668421104,23.076923076923077,9.42676884116548,14.472177696359056,28.35280444085616,13,18,42,31,73.80952380952381,10,1,1.7096774193548387,1,0.3154345639641876,0.2678874344050267,-0.43276800323313264,2,15.384615384615385,15.702901578944283,1.5969351707358825,18
HYBRID|wait=8|tol=0.0075|retrace=0.0025,pullback,1,39.61529452022505,95.3988678527048,1396.1529452022505,22.84672285718907,1.7443609623038678,28.125,12.379779537570329,39.31760934279826,82.5736598214046,32,0,42,32,76.19047619047619,9,1,1.90625,1.0,0.16267107046412113,0.15026853234662157,-0.9863489307977591,10,31.25,34.71114577102526,1.4932578360709963,42
HYBRID|wait=8|tol=0.0075|retrace=0.0025,atr_pullback,1,39.17351145266739,94.15974376534247,1391.735114526674,22.84672285718907,1.7360599746858434,25.806451612903224,12.636616597634642,39.24891229677124,79.78437421117998,31,1,42,32,76.19047619047619,9,1,1.90625,1.0,0.1607009446219176,0.14530024769480582,-0.9863489307977591,10,32.25806451612903,44.22494492792084,1.6959765700580456,40
HYBRID|wait=8|tol=0.0075|retrace=0.0025,adx_pullback,1,10.30462536444179,21.758084071626982,1103.046253644418,21.222587694398438,1.3734892258357676,21.428571428571427,7.360446688887001,15.044653079917564,30.57950283983978,14,18,42,32,76.19047619047619,9,1,1.90625,1.0,0.27816762670344874,0.26592778344242785,-0.43276800323313264,3,21.428571428571427,7.970170545496649,1.2452697471463448,19
HYBRID|wait=8|tol=0.0075|retrace=0.0025,atr_adx_pullback,1,10.30462536444179,21.758084071626982,1103.046253644418,21.222587694398438,1.3734892258357676,21.428571428571427,7.360446688887001,15.044653079917564,30.57950283983978,14,18,42,32,76.19047619047619,9,1,1.90625,1.0,0.27816762670344874,0.26592778344242785,-0.43276800323313264,3,21.428571428571427,15.702901578944283,1.5969351707358825,18
HYBRID|wait=2|tol=0.0075|retrace=0.0050,pullback,1,31.08438169187998,72.17037717239592,1310.8438169187998,18.423405146399865,1.974619902608531,25.0,12.951825704949988,26.723150904511105,56.45622005104711,24,0,42,24,57.14285714285714,17,1,1.1666666666666667,1.0,0.1680223147044555,0.10868897876167691,-0.9863489307977591,8,33.33333333333333,34.71114577102526,1.4932578360709963,42
HYBRID|wait=2|tol=0.0075|retrace=0.0050,atr_pullback,1,30.669592893476878,71.07855681627497,1306.6959289347687,18.423405146399865,1.9616146119674,21.73913043478261,13.334605605859506,26.654453858484082,53.83736814922065,23,1,42,24,57.14285714285714,17,1,1.1666666666666667,1.0,0.16559959049280443,0.072077709828548,-0.9863489307977591,8,34.78260869565217,44.22494492792084,1.6959765700580456,40
HYBRID|wait=2|tol=0.0075|retrace=0.0050,adx_pullback,1,3.4671733944970127,7.081150375533252,1034.6717339449701,14.123189256851818,1.2570681857827815,12.5,4.33396674312128,5.8163498969544305,15.654723446949337,8,16,42,24,57.14285714285714,17,1,1.1666666666666667,1.0,0.46096450617267354,0.46791674269919264,-0.24849420691488694,1,12.5,7.970170545496649,1.2452697471463448,19
HYBRID|wait=2|tol=0.0075|retrace=0.0050,atr_adx_pullback,1,3.4671733944970127,7.081150375533252,1034.6717339449701,14.123189256851818,1.2570681857827815,12.5,4.33396674312128,5.8163498969544305,15.654723446949337,8,16,42,24,57.14285714285714,17,1,1.1666666666666667,1.0,0.46096450617267354,0.46791674269919264,-0.24849420691488694,1,12.5,15.702901578944283,1.5969351707358825,18
HYBRID|wait=3|tol=0.0075|retrace=0.0050,pullback,1,31.08438169187998,72.17037717239592,1310.8438169187998,18.423405146399865,1.974619902608531,25.0,12.951825704949988,26.723150904511105,56.45622005104711,24,0,42,24,57.14285714285714,17,1,1.1666666666666667,1.0,0.1680223147044555,0.10868897876167691,-0.9863489307977591,8,33.33333333333333,34.71114577102526,1.4932578360709963,42
HYBRID|wait=3|tol=0.0075|retrace=0.0050,atr_pullback,1,30.669592893476878,71.07855681627497,1306.6959289347687,18.423405146399865,1.9616146119674,21.73913043478261,13.334605605859506,26.654453858484082,53.83736814922065,23,1,42,24,57.14285714285714,17,1,1.1666666666666667,1.0,0.16559959049280443,0.072077709828548,-0.9863489307977591,8,34.78260869565217,44.22494492792084,1.6959765700580456,40
HYBRID|wait=3|tol=0.0075|retrace=0.0050,adx_pullback,1,3.4671733944970127,7.081150375533252,1034.6717339449701,14.123189256851818,1.2570681857827815,12.5,4.33396674312128,5.8163498969544305,15.654723446949337,8,16,42,24,57.14285714285714,17,1,1.1666666666666667,1.0,0.46096450617267354,0.46791674269919264,-0.24849420691488694,1,12.5,7.970170545496649,1.2452697471463448,19
HYBRID|wait=3|tol=0.0075|retrace=0.0050,atr_adx_pullback,1,3.4671733944970127,7.081150375533252,1034.6717339449701,14.123189256851818,1.2570681857827815,12.5,4.33396674312128,5.8163498969544305,15.654723446949337,8,16,42,24,57.14285714285714,17,1,1.1666666666666667,1.0,0.46096450617267354,0.46791674269919264,-0.24849420691488694,1,12.5,15.702901578944283,1.5969351707358825,18
HYBRID|wait=5|tol=0.0075|retrace=0.0050,pullback,1,28.747574709937318,66.0648522650131,1287.4757470993732,22.84672285718909,1.6445214954629541,27.586206896551722,9.912956796530105,34.8523013510419,68.17819905260487,29,0,42,29,69.04761904761905,12,1,1.7586206896551724,1,0.1842887937731417,0.14530024769480582,-0.9863489307977591,9,31.03448275862069,34.71114577102526,1.4932578360709963,42
HYBRID|wait=5|tol=0.0075|retrace=0.0050,atr_pullback,1,28.34018024293839,65.01175016279947,1283.401802429384,22.84672285718909,1.6353876991770813,25.0,10.121492943906564,34.78360430501489,65.6060327385645,28,1,42,29,69.04761904761905,12,1,1.7586206896551724,1,0.18287964456602426,0.11336515738884236,-0.9863489307977591,9,32.142857142857146,44.22494492792084,1.6959765700580456,40
HYBRID|wait=5|tol=0.0075|retrace=0.0050,adx_pullback,1,1.6225318055682236,3.2835017094960506,1016.2253180556822,21.222587694398438,1.0734236548856129,18.181818181818183,1.4750289141529203,10.60224410350355,21.66631221244004,11,18,42,29,69.04761904761905,12,1,1.7586206896551724,1,0.3581242626978089,0.33285420283320966,-0.43276800323313264,2,18.181818181818183,7.970170545496649,1.2452697471463448,19
HYBRID|wait=5|tol=0.0075|retrace=0.0050,atr_adx_pullback,1,1.6225318055682236,3.2835017094960506,1016.2253180556822,21.222587694398438,1.0734236548856129,18.181818181818183,1.4750289141529203,10.60224410350355,21.66631221244004,11,18,42,29,69.04761904761905,12,1,1.7586206896551724,1,0.3581242626978089,0.33285420283320966,-0.43276800323313264,2,18.181818181818183,15.702901578944283,1.5969351707358825,18
HYBRID|wait=8|tol=0.0075|retrace=0.0050,pullback,1,25.053040680054778,56.63758775370267,1250.5304068005478,22.8467228571891,1.5280409243691007,25.806451612903224,8.081626025824114,36.523929471032744,71.86971953475393,31,0,42,31,73.80952380952381,10,1,2.161290322580645,1,0.15772015796857436,0.08143006708287889,-0.9863489307977591,11,35.483870967741936,34.71114577102526,1.4932578360709963,42
HYBRID|wait=8|tol=0.0075|retrace=0.0050,atr_pullback,1,24.6573367845117,55.644268753931094,1246.573367845117,22.8467228571891,1.5197007051738567,23.333333333333332,8.219112261503891,36.455232425005725,69.37136397791927,30,1,42,31,73.80952380952381,10,1,2.161290322580645,1,0.15551933084844582,0.07675388845571345,-0.9863489307977591,11,36.666666666666664,44.22494492792084,1.6959765700580456,40
HYBRID|wait=8|tol=0.0075|retrace=0.0050,adx_pullback,1,-1.293623336028554,-2.5797551867674406,987.0637666397145,21.222587694398417,0.9477134359210464,15.384615384615385,-0.9950948738681273,12.27387222349439,25.39867552220432,13,18,42,31,73.80952380952381,10,1,2.161290322580645,1,0.26802436671389174,0.15523681699843733,-0.43276800323313264,4,30.76923076923077,7.970170545496649,1.2452697471463448,19
HYBRID|wait=8|tol=0.0075|retrace=0.0050,atr_adx_pullback,1,-1.293623336028554,-2.5797551867674406,987.0637666397145,21.222587694398417,0.9477134359210464,15.384615384615385,-0.9950948738681273,12.27387222349439,25.39867552220432,13,18,42,31,73.80952380952381,10,1,2.161290322580645,1,0.26802436671389174,0.15523681699843733,-0.43276800323313264,4,30.76923076923077,15.702901578944283,1.5969351707358825,18
HYBRID|wait=2|tol=0.0075|retrace=0.0075,pullback,1,34.297895718563524,80.74720395130674,1342.9789571856352,16.723091205315033,2.1655658567378393,27.27272727272727,15.589952599347065,24.3874513395924,52.855546290272905,22,0,42,22,52.38095238095239,19,1,1.0909090909090908,1.0,0.13096309068099624,0.06704404993365405,-0.9863489307977591,8,36.36363636363637,34.71114577102526,1.4932578360709963,42
HYBRID|wait=2|tol=0.0075|retrace=0.0075,atr_pullback,1,33.87293843475754,79.60099355305465,1338.7293843475754,16.723091205315033,2.1511242797781134,23.809523809523807,16.129970683217888,24.318754293565377,50.172493625459225,21,1,42,22,52.38095238095239,19,1,1.0909090909090908,1.0,0.12654490587664222,0.0620103900387601,-0.9863489307977591,8,38.095238095238095,44.22494492792084,1.6959765700580456,40
HYBRID|wait=2|tol=0.0075|retrace=0.0075,adx_pullback,1,5.623756145751031,11.6082641031928,1056.2375614575103,12.333245232042653,1.4813140444544617,14.285714285714285,8.033937351072884,4.92328829860316,13.966346588458023,7,15,42,22,52.38095238095239,19,1,1.0909090909090908,1.0,0.4406766809737447,0.33285420283320966,-0.24849420691488694,1,14.285714285714285,7.970170545496649,1.2452697471463448,19
HYBRID|wait=2|tol=0.0075|retrace=0.0075,atr_adx_pullback,1,5.623756145751031,11.6082641031928,1056.2375614575103,12.333245232042653,1.4813140444544617,14.285714285714285,8.033937351072884,4.92328829860316,13.966346588458023,7,15,42,22,52.38095238095239,19,1,1.0909090909090908,1.0,0.4406766809737447,0.33285420283320966,-0.24849420691488694,1,14.285714285714285,15.702901578944283,1.5969351707358825,18
HYBRID|wait=3|tol=0.0075|retrace=0.0075,pullback,1,34.32676570398803,80.82520587595361,1343.2676570398803,16.72309120531506,2.1663166250814094,30.434782608695656,14.924680740864366,25.807190290817495,54.81939568126464,23,0,42,23,54.761904761904766,18,1,1.173913043478261,1,0.16553357993085213,0.072077709828548,-0.9863489307977591,8,34.78260869565217,34.71114577102526,1.4932578360709963,42
HYBRID|wait=3|tol=0.0075|retrace=0.0075,atr_pullback,1,33.90171706721987,79.6785008276314,1339.0171706721987,16.72309120531506,2.151874795757731,27.27272727272727,15.409871394190857,25.738493244790472,52.13576624128325,22,1,42,23,54.761904761904766,18,1,1.173913043478261,1,0.16288760758350768,0.06704404993365405,-0.9863489307977591,8,36.36363636363637,44.22494492792084,1.6959765700580456,40
HYBRID|wait=3|tol=0.0075|retrace=0.0075,adx_pullback,1,5.623756145751031,11.6082641031928,1056.2375614575103,12.333245232042653,1.4813140444544617,14.285714285714285,8.033937351072884,4.92328829860316,13.966346588458023,7,16,42,23,54.761904761904766,18,1,1.173913043478261,1,0.4406766809737447,0.33285420283320966,-0.24849420691488694,1,14.285714285714285,7.970170545496649,1.2452697471463448,19
HYBRID|wait=3|tol=0.0075|retrace=0.0075,atr_adx_pullback,1,5.623756145751031,11.6082641031928,1056.2375614575103,12.333245232042653,1.4813140444544617,14.285714285714285,8.033937351072884,4.92328829860316,13.966346588458023,7,16,42,23,54.761904761904766,18,1,1.173913043478261,1,0.4406766809737447,0.33285420283320966,-0.24849420691488694,1,14.285714285714285,15.702901578944283,1.5969351707358825,18
HYBRID|wait=5|tol=0.0075|retrace=0.0075,pullback,1,40.52851387307005,97.97282838409878,1405.2851387307005,18.629896362161617,2.132725234915526,33.33333333333333,15.010560693729653,33.13487520036638,66.95875103382488,27,0,42,27,64.28571428571429,14,1,1.6666666666666667,1,0.16726381586959313,0.08143006708287889,-0.9863489307977591,9,33.33333333333333,34.71114577102526,1.4932578360709963,42
HYBRID|wait=5|tol=0.0075|retrace=0.0075,atr_pullback,1,40.08384111603789,96.71738149748263,1400.8384111603789,18.629896362161617,2.120297144047272,30.76923076923077,15.416861967706884,33.06617815433937,64.15122079210325,26,1,42,27,64.28571428571429,14,1,1.6666666666666667,1,0.16509146372717629,0.07675388845571345,-0.9863489307977591,9,34.61538461538461,44.22494492792084,1.6959765700580456,40
HYBRID|wait=5|tol=0.0075|retrace=0.0075,adx_pullback,1,10.500138430856055,22.19167156675137,1105.0013843085605,14.340699741190384,1.7154959213364351,22.22222222222222,11.666820478728937,8.90771696817037,18.839004221321073,9,18,42,27,64.28571428571429,14,1,1.6666666666666667,1,0.30371098118510653,0.15523681699843733,-0.43276800323313264,2,22.22222222222222,7.970170545496649,1.2452697471463448,19
HYBRID|wait=5|tol=0.0075|retrace=0.0075,atr_adx_pullback,1,10.500138430856055,22.19167156675137,1105.0013843085605,14.340699741190384,1.7154959213364351,22.22222222222222,11.666820478728937,8.90771696817037,18.839004221321073,9,18,42,27,64.28571428571429,14,1,1.6666666666666667,1,0.30371098118510653,0.15523681699843733,-0.43276800323313264,2,22.22222222222222,15.702901578944283,1.5969351707358825,18
HYBRID|wait=8|tol=0.0075|retrace=0.0075,pullback,1,36.49591459620926,86.7341936352431,1364.9591459620926,18.62989636216165,1.9375830607385087,31.03448275862069,12.584798136623888,34.80650332035722,70.89797309228466,29,0,42,29,69.04761904761905,12,1,2.103448275862069,1,0.1400369967615072,0.072077709828548,-0.9863489307977591,11,37.93103448275862,34.71114577102526,1.4932578360709963,42
HYBRID|wait=8|tol=0.0075|retrace=0.0075,atr_pullback,1,36.064002146598206,85.55001667551767,1360.640021465982,18.62989636216165,1.926487194229673,28.57142857142857,12.88000076664222,34.737806274330204,68.17100759938515,28,1,42,29,69.04761904761905,12,1,2.103448275862069,1,0.13704742623254568,0.06704404993365405,-0.9863489307977591,11,39.285714285714285,44.22494492792084,1.6959765700580456,40
HYBRID|wait=8|tol=0.0075|retrace=0.0075,adx_pullback,1,7.329231929049797,15.255024869829391,1073.292319290498,14.340699741190372,1.4174742552480446,18.181818181818183,6.662938117317998,10.579345088161208,22.778015656682857,11,18,42,29,69.04761904761905,12,1,2.103448275862069,1,0.20712260984278671,0.08143006708287889,-0.43276800323313264,4,36.36363636363637,7.970170545496649,1.2452697471463448,19
HYBRID|wait=8|tol=0.0075|retrace=0.0075,atr_adx_pullback,1,7.329231929049797,15.255024869829391,1073.292319290498,14.340699741190372,1.4174742552480446,18.181818181818183,6.662938117317998,10.579345088161208,22.778015656682857,11,18,42,29,69.04761904761905,12,1,2.103448275862069,1,0.20712260984278671,0.08143006708287889,-0.43276800323313264,4,36.36363636363637,15.702901578944283,1.5969351707358825,18
LOW_TOUCH_CLOSE_ABOVE|wait=2|tol=-|retrace=-,pullback,2,-6.043478550295845,-11.641687077313566,939.5652144970416,9.927110041991524,0.05159508161288872,20.0,-12.08695710059169,2.17440543601359,9.738669152174378,5,0,39,5,12.82051282051282,30,4,1.8,2,0.4282976232457451,0.243592329745168,-0.13931020341701666,2,40.0,21.055611069241923,1.3717091978142113,39
LOW_TOUCH_CLOSE_ABOVE|wait=2|tol=-|retrace=-,atr_pullback,2,-6.043478550295845,-11.641687077313566,939.5652144970416,9.927110041991524,0.05159508161288872,20.0,-12.08695710059169,2.17440543601359,9.738669152174378,5,0,39,5,12.82051282051282,30,4,1.8,2,0.4282976232457451,0.243592329745168,-0.13931020341701666,2,40.0,21.055611069241923,1.3717091978142113,39
LOW_TOUCH_CLOSE_ABOVE|wait=2|tol=-|retrace=-,adx_pullback,2,-2.671891936758902,-5.235093060749274,973.281080632411,2.671891936758902,0.0,0.0,-26.718919367589024,0.33975084937712347,1.9742553359683792,1,4,39,5,12.82051282051282,30,4,1.8,2,-0.1297955188629139,-0.1297955188629139,-0.1297955188629139,1,100.0,25.037610990716214,1.687646990206011,24
LOW_TOUCH_CLOSE_ABOVE|wait=2|tol=-|retrace=-,atr_adx_pullback,2,-2.671891936758902,-5.235093060749274,973.281080632411,2.671891936758902,0.0,0.0,-26.718919367589024,0.33975084937712347,1.9742553359683792,1,4,39,5,12.82051282051282,30,4,1.8,2,-0.1297955188629139,-0.1297955188629139,-0.1297955188629139,1,100.0,25.037610990716214,1.687646990206011,24
LOW_TOUCH_CLOSE_ABOVE|wait=3|tol=-|retrace=-,pullback,2,-7.170514016677054,-13.733608001218533,928.2948598332295,10.805775039651715,0.17142756728101308,25.0,-8.963142520846318,5.866364665911665,15.511109173177703,8,0,39,8,20.51282051282051,27,4,2.25,2.0,0.5874483163294179,0.4407925951989723,-0.13931020341701666,2,25.0,21.055611069241923,1.3717091978142113,39
LOW_TOUCH_CLOSE_ABOVE|wait=3|tol=-|retrace=-,atr_pullback,2,-7.170514016677054,-13.733608001218533,928.2948598332295,10.805775039651715,0.17142756728101308,25.0,-8.963142520846318,5.866364665911665,15.511109173177703,8,0,39,8,20.51282051282051,27,4,2.25,2.0,0.5874483163294179,0.4407925951989723,-0.13931020341701666,2,25.0,21.055611069241923,1.3717091978142113,39
LOW_TOUCH_CLOSE_ABOVE|wait=3|tol=-|retrace=-,adx_pullback,2,-4.738358562208895,-9.18813704739575,952.616414377911,5.103630491609841,0.0,0.0,-23.69179281104448,0.6342015855039638,3.9011064009630636,2,6,39,8,20.51282051282051,27,4,2.25,2.0,0.4892392194515206,0.4892392194515206,-0.1297955188629139,1,50.0,25.037610990716214,1.687646990206011,24
LOW_TOUCH_CLOSE_ABOVE|wait=3|tol=-|retrace=-,atr_adx_pullback,2,-4.738358562208895,-9.18813704739575,952.616414377911,5.103630491609841,0.0,0.0,-23.69179281104448,0.6342015855039638,3.9011064009630636,2,6,39,8,20.51282051282051,27,4,2.25,2.0,0.4892392194515206,0.4892392194515206,-0.1297955188629139,1,50.0,25.037610990716214,1.687646990206011,24
LOW_TOUCH_CLOSE_ABOVE|wait=5|tol=-|retrace=-,pullback,2,-9.284593791014833,-17.590499537302772,907.1540620898517,11.73854081533884,0.15442675763878363,27.27272727272727,-8.440539810013485,8.516421291053227,21.074444309376787,11,0,39,11,28.205128205128204,23,5,2.8181818181818183,3,0.6598005655069896,0.243592329745168,-0.13931020341701666,3,27.27272727272727,21.055611069241923,1.3717091978142113,39
LOW_TOUCH_CLOSE_ABOVE|wait=5|tol=-|retrace=-,atr_pullback,2,-9.284593791014833,-17.590499537302772,907.1540620898517,11.73854081533884,0.15442675763878363,27.27272727272727,-8.440539810013485,8.516421291053227,21.074444309376787,11,0,39,11,28.205128205128204,23,5,2.8181818181818183,3,0.6598005655069896,0.243592329745168,-0.13931020341701666,3,27.27272727272727,21.055611069241923,1.3717091978142113,39
LOW_TOUCH_CLOSE_ABOVE|wait=5|tol=-|retrace=-,adx_pullback,2,-7.1393609713673865,-13.676118327462472,928.6063902863261,9.2689820809362,0.0,0.0,-17.848402428418467,2.015855039637599,7.754649263139659,4,7,39,11,28.205128205128204,23,5,2.8181818181818183,3,0.2360973031621903,-0.017044613127139976,-0.1297955188629139,2,50.0,25.037610990716214,1.687646990206011,24
LOW_TOUCH_CLOSE_ABOVE|wait=5|tol=-|retrace=-,atr_adx_pullback,2,-7.1393609713673865,-13.676118327462472,928.6063902863261,9.2689820809362,0.0,0.0,-17.848402428418467,2.015855039637599,7.754649263139659,4,7,39,11,28.205128205128204,23,5,2.8181818181818183,3,0.2360973031621903,-0.017044613127139976,-0.1297955188629139,2,50.0,25.037610990716214,1.687646990206011,24
LOW_TOUCH_CLOSE_ABOVE|wait=8|tol=-|retrace=-,pullback,2,5.186871759197288,10.561476087531819,1051.8687175919729,9.846498669324312,1.3793401672336254,44.44444444444444,2.881595421776271,20.679501698754247,38.76689144882213,18,0,39,18,46.15384615384615,15,6,4.277777777777778,4.0,0.6074644342647078,0.4954263825031481,-0.13931020341701666,4,22.22222222222222,21.055611069241923,1.3717091978142113,39
LOW_TOUCH_CLOSE_ABOVE|wait=8|tol=-|retrace=-,atr_pullback,2,5.186871759197288,10.561476087531819,1051.8687175919729,9.846498669324312,1.3793401672336254,44.44444444444444,2.881595421776271,20.679501698754247,38.76689144882213,18,0,39,18,46.15384615384615,15,6,4.277777777777778,4.0,0.6074644342647078,0.4954263825031481,-0.13931020341701666,4,22.22222222222222,21.055611069241923,1.3717091978142113,39
LOW_TOUCH_CLOSE_ABOVE|wait=8|tol=-|retrace=-,adx_pullback,2,-8.121721463235781,-15.479809605079819,918.7827853676422,9.883269344917808,0.0,0.0,-16.243442926471563,2.4462061155152885,9.602958141281484,5,13,39,18,46.15384615384615,15,6,4.277777777777778,4.0,0.26490759585936324,0.05314552367784386,-0.1297955188629139,2,40.0,25.037610990716214,1.687646990206011,24
LOW_TOUCH_CLOSE_ABOVE|wait=8|tol=-|retrace=-,atr_adx_pullback,2,-8.121721463235781,-15.479809605079819,918.7827853676422,9.883269344917808,0.0,0.0,-16.243442926471563,2.4462061155152885,9.602958141281484,5,13,39,18,46.15384615384615,15,6,4.277777777777778,4.0,0.26490759585936324,0.05314552367784386,-0.1297955188629139,2,40.0,25.037610990716214,1.687646990206011,24
LOW_TOUCH|wait=2|tol=-|retrace=-,pullback,2,-5.920398453048267,-11.411728090988715,940.7960154695173,9.927110041991554,0.07212556495085666,20.0,-11.84079690609651,2.197055492638732,9.750116534777192,5,0,39,5,12.82051282051282,30,4,1.6,2,0.4543989845509353,0.37409913627111907,-0.13931020341701666,2,40.0,21.055611069241923,1.3717091978142113,39
LOW_TOUCH|wait=2|tol=-|retrace=-,atr_pullback,2,-5.920398453048267,-11.411728090988715,940.7960154695173,9.927110041991554,0.07212556495085666,20.0,-11.84079690609651,2.197055492638732,9.750116534777192,5,0,39,5,12.82051282051282,30,4,1.6,2,0.4543989845509353,0.37409913627111907,-0.13931020341701666,2,40.0,21.055611069241923,1.3717091978142113,39
LOW_TOUCH|wait=2|tol=-|retrace=-,adx_pullback,2,-2.671891936758902,-5.235093060749274,973.281080632411,2.671891936758902,0.0,0.0,-26.718919367589024,0.33975084937712347,1.9742553359683792,1,4,39,5,12.82051282051282,30,4,1.6,2,-0.1297955188629139,-0.1297955188629139,-0.1297955188629139,1,100.0,25.037610990716214,1.687646990206011,24
LOW_TOUCH|wait=2|tol=-|retrace=-,atr_adx_pullback,2,-2.671891936758902,-5.235093060749274,973.281080632411,2.671891936758902,0.0,0.0,-26.718919367589024,0.33975084937712347,1.9742553359683792,1,4,39,5,12.82051282051282,30,4,1.6,2,-0.1297955188629139,-0.1297955188629139,-0.1297955188629139,1,100.0,25.037610990716214,1.687646990206011,24
LOW_TOUCH|wait=3|tol=-|retrace=-,pullback,2,-3.7029011351544683,-7.217810176389339,962.9709886484553,9.168235073317414,0.5908874134984079,36.36363636363637,-3.3662737592313245,9.671574178935447,21.64851895427397,11,0,39,11,28.205128205128204,24,4,2.3636363636363638,3,0.6862890440228748,0.6379928606527766,-0.13931020341701666,2,18.181818181818183,21.055611069241923,1.3717091978142113,39
LOW_TOUCH|wait=3|tol=-|retrace=-,atr_pullback,2,-3.7029011351544683,-7.217810176389339,962.9709886484553,9.168235073317414,0.5908874134984079,36.36363636363637,-3.3662737592313245,9.671574178935447,21.64851895427397,11,0,39,11,28.205128205128204,24,4,2.3636363636363638,3,0.6862890440228748,0.6379928606527766,-0.13931020341701666,2,18.181818181818183,21.055611069241923,1.3717091978142113,39
LOW_TOUCH|wait=3|tol=-|retrace=-,adx_pullback,2,-1.0563671683609983,-2.0864606033072386,989.43632831639,7.871542530191309,0.7807561897677845,50.0,-2.6409179209024956,4.34881087202718,7.931823949863677,4,7,39,11,28.205128205128204,24,4,2.3636363636363638,3,0.6029622344287024,0.7166852494058842,-0.1297955188629139,1,25.0,25.037610990716214,1.687646990206011,24
LOW_TOUCH|wait=3|tol=-|retrace=-,atr_adx_pullback,2,-1.0563671683609983,-2.0864606033072386,989.43632831639,7.871542530191309,0.7807561897677845,50.0,-2.6409179209024956,4.34881087202718,7.931823949863677,4,7,39,11,28.205128205128204,24,4,2.3636363636363638,3,0.6029622344287024,0.7166852494058842,-0.1297955188629139,1,25.0,25.037610990716214,1.687646990206011,24
LOW_TOUCH|wait=5|tol=-|retrace=-,pullback,2,6.700436287210164,13.742545654372007,1067.0043628721016,9.687001848583575,1.464293069573387,42.10526315789473,3.5265454143211388,19.818799546998868,41.29616101977801,19,0,39,19,48.717948717948715,16,4,3.3157894736842106,3,0.8491181406071382,0.7257922886565026,-0.13931020341701666,3,15.789473684210526,21.055611069241923,1.3717091978142113,39
LOW_TOUCH|wait=5|tol=-|retrace=-,atr_pullback,2,6.700436287210164,13.742545654372007,1067.0043628721016,9.687001848583575,1.464293069573387,42.10526315789473,3.5265454143211388,19.818799546998868,41.29616101977801,19,0,39,19,48.717948717948715,16,4,3.3157894736842106,3,0.8491181406071382,0.7257922886565026,-0.13931020341701666,3,15.789473684210526,21.055611069241923,1.3717091978142113,39
LOW_TOUCH|wait=5|tol=-|retrace=-,adx_pullback,2,-4.970543807316165,-9.627070918128865,950.2945619268384,8.878880443076305,0.42454518512323036,25.0,-6.213179759145248,6.274065685164213,15.514444926605583,8,11,39,19,48.717948717948715,16,4,3.3157894736842106,3,0.618645324725594,0.6058349607684701,-0.1297955188629139,2,25.0,25.037610990716214,1.687646990206011,24
LOW_TOUCH|wait=5|tol=-|retrace=-,atr_adx_pullback,2,-4.970543807316165,-9.627070918128865,950.2945619268384,8.878880443076305,0.42454518512323036,25.0,-6.213179759145248,6.274065685164213,15.514444926605583,8,11,39,19,48.717948717948715,16,4,3.3157894736842106,3,0.618645324725594,0.6058349607684701,-0.1297955188629139,2,25.0,25.037610990716214,1.687646990206011,24
LOW_TOUCH|wait=8|tol=-|retrace=-,pullback,2,7.105298474159917,14.601039122311477,1071.0529847415992,9.68700184858356,1.4914868305386522,45.0,3.552649237079959,21.132502831257078,43.55151516094022,20,0,39,20,51.28205128205128,15,4,3.55,3.0,0.8438612757910009,0.7348865664704489,-0.13931020341701666,3,15.0,21.055611069241923,1.3717091978142113,39
LOW_TOUCH|wait=8|tol=-|retrace=-,atr_pullback,2,7.105298474159917,14.601039122311477,1071.0529847415992,9.68700184858356,1.4914868305386522,45.0,3.552649237079959,21.132502831257078,43.55151516094022,20,0,39,20,51.28205128205128,15,4,3.55,3.0,0.8438612757910009,0.7348865664704489,-0.13931020341701666,3,15.0,21.055611069241923,1.3717091978142113,39
LOW_TOUCH|wait=8|tol=-|retrace=-,adx_pullback,2,-4.970543807316165,-9.627070918128865,950.2945619268384,8.878880443076305,0.42454518512323036,25.0,-6.213179759145248,6.274065685164213,15.514444926605583,8,12,39,20,51.28205128205128,15,4,3.55,3.0,0.618645324725594,0.6058349607684701,-0.1297955188629139,2,25.0,25.037610990716214,1.687646990206011,24
LOW_TOUCH|wait=8|tol=-|retrace=-,atr_adx_pullback,2,-4.970543807316165,-9.627070918128865,950.2945619268384,8.878880443076305,0.42454518512323036,25.0,-6.213179759145248,6.274065685164213,15.514444926605583,8,12,39,20,51.28205128205128,15,4,3.55,3.0,0.618645324725594,0.6058349607684701,-0.1297955188629139,2,25.0,25.037610990716214,1.687646990206011,24
CLOSE_NEAR_EMA|wait=2|tol=0.0025|retrace=-,pullback,2,-2.687434716875737,-5.265137605535408,973.1256528312426,7.3417060802323855,0.36148996452511245,40.0,-5.374869433751473,4.1676104190260475,10.019786433883295,5,0,39,5,12.82051282051282,30,4,1.6,2,0.6306745239053005,0.5900723275165284,-0.1038363914503889,1,20.0,21.055611069241923,1.3717091978142113,39
CLOSE_NEAR_EMA|wait=2|tol=0.0025|retrace=-,atr_pullback,2,-2.687434716875737,-5.265137605535408,973.1256528312426,7.3417060802323855,0.36148996452511245,40.0,-5.374869433751473,4.1676104190260475,10.019786433883295,5,0,39,5,12.82051282051282,30,4,1.6,2,0.6306745239053005,0.5900723275165284,-0.1038363914503889,1,20.0,21.055611069241923,1.3717091978142113,39
CLOSE_NEAR_EMA|wait=2|tol=0.0025|retrace=-,adx_pullback,2,-2.1680628543626423,-4.258619162289157,978.3193714563736,3.377807310519285,0.0,0.0,-21.680628543626312,0.2718006795016987,1.9792986701265,1,4,39,5,12.82051282051282,30,4,1.6,2,0.7640288990785324,0.7640288990785324,0.7640288990785324,0,0.0,25.037610990716214,1.687646990206011,24
CLOSE_NEAR_EMA|wait=2|tol=0.0025|retrace=-,atr_adx_pullback,2,-2.1680628543626423,-4.258619162289157,978.3193714563736,3.377807310519285,0.0,0.0,-21.680628543626312,0.2718006795016987,1.9792986701265,1,4,39,5,12.82051282051282,30,4,1.6,2,0.7640288990785324,0.7640288990785324,0.7640288990785324,0,0.0,25.037610990716214,1.687646990206011,24
CLOSE_NEAR_EMA|wait=3|tol=0.0025|retrace=-,pullback,2,-0.4517789334648228,-0.8949936479495824,995.4822106653518,8.993059388574965,0.9222379269421734,44.44444444444444,-0.5019765927387172,9.263873159682898,18.17906231750706,9,0,39,9,23.076923076923077,26,4,2.2222222222222223,2,0.7167361124821198,0.5900723275165284,-0.1038363914503889,1,11.11111111111111,21.055611069241923,1.3717091978142113,39
CLOSE_NEAR_EMA|wait=3|tol=0.0025|retrace=-,atr_pullback,2,-0.4517789334648228,-0.8949936479495824,995.4822106653518,8.993059388574965,0.9222379269421734,44.44444444444444,-0.5019765927387172,9.263873159682898,18.17906231750706,9,0,39,9,23.076923076923077,26,4,2.2222222222222223,2,0.7167361124821198,0.5900723275165284,-0.1038363914503889,1,11.11111111111111,21.055611069241923,1.3717091978142113,39
CLOSE_NEAR_EMA|wait=3|tol=0.0025|retrace=-,adx_pullback,2,1.6132739479108864,3.228555826891899,1016.1327394791089,7.720078758901602,1.7164179530089756,66.66666666666666,5.377579826369659,3.9864099660249153,6.12065180435107,3,6,39,9,23.076923076923077,26,4,2.2222222222222223,2,0.7324664659634337,0.7640288990785324,0.5516281727938047,0,0.0,25.037610990716214,1.687646990206011,24
CLOSE_NEAR_EMA|wait=3|tol=0.0025|retrace=-,atr_adx_pullback,2,1.6132739479108864,3.228555826891899,1016.1327394791089,7.720078758901602,1.7164179530089756,66.66666666666666,5.377579826369659,3.9864099660249153,6.12065180435107,3,6,39,9,23.076923076923077,26,4,2.2222222222222223,2,0.7324664659634337,0.7640288990785324,0.5516281727938047,0,0.0,25.037610990716214,1.687646990206011,24
CLOSE_NEAR_EMA|wait=5|tol=0.0025|retrace=-,pullback,2,3.8946285222265717,7.8810037493430185,1038.9462852222657,10.56710292798273,1.335923534912606,41.17647058823529,2.2909579542509313,17.50849377123443,36.460453644405064,17,0,39,17,43.58974358974359,18,4,3.176470588235294,3,0.7465528694786646,0.5900723275165284,-0.1038363914503889,2,11.76470588235294,21.055611069241923,1.3717091978142113,39
CLOSE_NEAR_EMA|wait=5|tol=0.0025|retrace=-,atr_pullback,2,3.8946285222265717,7.8810037493430185,1038.9462852222657,10.56710292798273,1.335923534912606,41.17647058823529,2.2909579542509313,17.50849377123443,36.460453644405064,17,0,39,17,43.58974358974359,18,4,3.176470588235294,3,0.7465528694786646,0.5900723275165284,-0.1038363914503889,2,11.76470588235294,21.055611069241923,1.3717091978142113,39
CLOSE_NEAR_EMA|wait=5|tol=0.0025|retrace=-,adx_pullback,2,-2.0585579809343018,-4.045729889818239,979.414420190657,8.439045292010565,0.669365010972559,42.857142857142854,-2.9407971156204797,6.342015855039637,13.825427342195432,7,10,39,17,43.58974358974359,18,4,3.176470588235294,3,0.5809299245571223,0.6600417487431356,-0.08723474993212381,1,14.285714285714285,25.037610990716214,1.687646990206011,24
CLOSE_NEAR_EMA|wait=5|tol=0.0025|retrace=-,atr_adx_pullback,2,-2.0585579809343018,-4.045729889818239,979.414420190657,8.439045292010565,0.669365010972559,42.857142857142854,-2.9407971156204797,6.342015855039637,13.825427342195432,7,10,39,17,43.58974358974359,18,4,3.176470588235294,3,0.5809299245571223,0.6600417487431356,-0.08723474993212381,1,14.285714285714285,25.037610990716214,1.687646990206011,24
CLOSE_NEAR_EMA|wait=8|tol=0.0025|retrace=-,pullback,2,5.436170744124797,11.082348682260633,1054.361707441248,12.70662079107852,1.3741541751150714,42.10526315789473,2.861142496907794,20.090600226500566,41.600173028053995,19,0,39,19,48.717948717948715,15,5,3.5789473684210527,4,0.7535773479003943,0.6600417487431356,-0.1038363914503889,2,10.526315789473683,21.055611069241923,1.3717091978142113,39
CLOSE_NEAR_EMA|wait=8|tol=0.0025|retrace=-,atr_pullback,2,5.436170744124797,11.082348682260633,1054.361707441248,12.70662079107852,1.3741541751150714,42.10526315789473,2.861142496907794,20.090600226500566,41.600173028053995,19,0,39,19,48.717948717948715,15,5,3.5789473684210527,4,0.7535773479003943,0.6600417487431356,-0.1038363914503889,2,10.526315789473683,21.055611069241923,1.3717091978142113,39
CLOSE_NEAR_EMA|wait=8|tol=0.0025|retrace=-,adx_pullback,2,-4.401627160147177,-8.549688757343477,955.9837283985282,10.629473026920094,0.4863398876839575,37.5,-5.502033950183957,6.52321630804077,15.7247200231304,8,11,39,19,48.717948717948715,15,5,3.5789473684210527,4,0.6127653560013604,0.712035323910834,-0.08723474993212381,1,12.5,25.037610990716214,1.687646990206011,24
CLOSE_NEAR_EMA|wait=8|tol=0.0025|retrace=-,atr_adx_pullback,2,-4.401627160147177,-8.549688757343477,955.9837283985282,10.629473026920094,0.4863398876839575,37.5,-5.502033950183957,6.52321630804077,15.7247200231304,8,11,39,19,48.717948717948715,15,5,3.5789473684210527,4,0.6127653560013604,0.712035323910834,-0.08723474993212381,1,12.5,25.037610990716214,1.687646990206011,24
CLOSE_NEAR_EMA|wait=2|tol=0.0050|retrace=-,pullback,2,-3.209006118544516,-6.270605098658033,967.9099388145548,10.353341445806178,0.5876185492058872,45.45454545454545,-2.917278289585924,10.87202718006795,21.956388459504183,11,0,39,11,28.205128205128204,24,4,1.6363636363636365,2,0.41628355695256974,0.37409913627111907,-0.30638145131654604,3,27.27272727272727,21.055611069241923,1.3717091978142113,39
CLOSE_NEAR_EMA|wait=2|tol=0.0050|retrace=-,atr_pullback,2,-3.209006118544516,-6.270605098658033,967.9099388145548,10.353341445806178,0.5876185492058872,45.45454545454545,-2.917278289585924,10.87202718006795,21.956388459504183,11,0,39,11,28.205128205128204,24,4,1.6363636363636365,2,0.41628355695256974,0.37409913627111907,-0.30638145131654604,3,27.27272727272727,21.055611069241923,1.3717091978142113,39
CLOSE_NEAR_EMA|wait=2|tol=0.0050|retrace=-,adx_pullback,2,1.0706715591879972,2.1369930187940867,1010.70671559188,7.720078758901626,1.4780132108271131,75.0,2.6766788979699925,5.4813137032842585,8.109670801957948,4,7,39,11,28.205128205128204,24,4,1.6363636363636365,2,0.5075644364814412,0.6719513713557256,-0.1383211784633157,1,25.0,25.037610990716214,1.687646990206011,24
CLOSE_NEAR_EMA|wait=2|tol=0.0050|retrace=-,atr_adx_pullback,2,1.0706715591879972,2.1369930187940867,1010.70671559188,7.720078758901626,1.4780132108271131,75.0,2.6766788979699925,5.4813137032842585,8.109670801957948,4,7,39,11,28.205128205128204,24,4,1.6363636363636365,2,0.5075644364814412,0.6719513713557256,-0.1383211784633157,1,25.0,25.037610990716214,1.687646990206011,24
CLOSE_NEAR_EMA|wait=3|tol=0.0050|retrace=-,pullback,2,-2.177259172984259,-4.276487113925764,978.2274082701574,12.455218544500642,0.7893806549283483,42.857142857142854,-1.555185123560193,14.903737259343147,28.501491950854472,14,0,39,14,35.8974358974359,21,4,1.9285714285714286,2.0,0.5327331502573339,0.47698648995201887,-0.30638145131654604,3,21.428571428571427,21.055611069241923,1.3717091978142113,39
CLOSE_NEAR_EMA|wait=3|tol=0.0050|retrace=-,atr_pullback,2,-2.177259172984259,-4.276487113925764,978.2274082701574,12.455218544500642,0.7893806549283483,42.857142857142854,-1.555185123560193,14.903737259343147,28.501491950854472,14,0,39,14,35.8974358974359,21,4,1.9285714285714286,2.0,0.5327331502573339,0.47698648995201887,-0.30638145131654604,3,21.428571428571427,21.055611069241923,1.3717091978142113,39
CLOSE_NEAR_EMA|wait=3|tol=0.0050|retrace=-,adx_pullback,2,-1.075257029634156,-2.1235717736762805,989.2474297036584,9.679362477023188,0.7548302416486459,60.0,-2.150514059268312,5.775764439411098,10.11154268969029,5,9,39,14,35.8974358974359,21,4,1.9285714285714286,2.0,0.627706340738344,0.7640288990785324,-0.1383211784633157,1,20.0,25.037610990716214,1.687646990206011,24
CLOSE_NEAR_EMA|wait=3|tol=0.0050|retrace=-,atr_adx_pullback,2,-1.075257029634156,-2.1235717736762805,989.2474297036584,9.679362477023188,0.7548302416486459,60.0,-2.150514059268312,5.775764439411098,10.11154268969029,5,9,39,14,35.8974358974359,21,4,1.9285714285714286,2.0,0.627706340738344,0.7640288990785324,-0.1383211784633157,1,20.0,25.037610990716214,1.687646990206011,24
CLOSE_NEAR_EMA|wait=5|tol=0.0050|retrace=-,pullback,2,0.8575207340910197,1.7097694092942373,1008.5752073409102,13.531396368213851,1.0500391032742629,40.0,0.4287603670455155,21.698754246885617,42.801508026300375,20,0,39,20,51.28205128205128,15,4,2.6,2.0,0.5620428376090982,0.4398316606095496,-0.30638145131654604,4,20.0,21.055611069241923,1.3717091978142113,39
CLOSE_NEAR_EMA|wait=5|tol=0.0050|retrace=-,atr_pullback,2,0.8575207340910197,1.7097694092942373,1008.5752073409102,13.531396368213851,1.0500391032742629,40.0,0.4287603670455155,21.698754246885617,42.801508026300375,20,0,39,20,51.28205128205128,15,4,2.6,2.0,0.5620428376090982,0.4398316606095496,-0.30638145131654604,4,20.0,21.055611069241923,1.3717091978142113,39
CLOSE_NEAR_EMA|wait=5|tol=0.0050|retrace=-,adx_pullback,2,-6.706897125985313,-12.876088173144872,932.9310287401469,10.789663576755473,0.320324961632138,33.33333333333333,-7.452107917761484,7.904869762174406,17.433561378204104,9,11,39,20,51.28205128205128,15,4,2.6,2.0,0.4241422613174553,0.50556418494798,-0.1383211784633157,2,22.22222222222222,25.037610990716214,1.687646990206011,24
CLOSE_NEAR_EMA|wait=5|tol=0.0050|retrace=-,atr_adx_pullback,2,-6.706897125985313,-12.876088173144872,932.9310287401469,10.789663576755473,0.320324961632138,33.33333333333333,-7.452107917761484,7.904869762174406,17.433561378204104,9,11,39,20,51.28205128205128,15,4,2.6,2.0,0.4241422613174553,0.50556418494798,-0.1383211784633157,2,22.22222222222222,25.037610990716214,1.687646990206011,24
CLOSE_NEAR_EMA|wait=8|tol=0.0050|retrace=-,pullback,2,-2.174802318694117,-4.271713740438887,978.2519768130588,13.531396368213851,0.8908418224254372,38.095238095238095,-1.035620151759098,22.106455266138163,43.93444990764054,21,0,39,21,53.84615384615385,13,5,2.857142857142857,2,0.5255588464992237,0.37409913627111907,-0.30638145131654604,5,23.809523809523807,21.055611069241923,1.3717091978142113,39
CLOSE_NEAR_EMA|wait=8|tol=0.0050|retrace=-,atr_pullback,2,-2.174802318694117,-4.271713740438887,978.2519768130588,13.531396368213851,0.8908418224254372,38.095238095238095,-1.035620151759098,22.106455266138163,43.93444990764054,21,0,39,21,53.84615384615385,13,5,2.857142857142857,2,0.5255588464992237,0.37409913627111907,-0.30638145131654604,5,23.809523809523807,21.055611069241923,1.3717091978142113,39
CLOSE_NEAR_EMA|wait=8|tol=0.0050|retrace=-,adx_pullback,2,-9.511792828870739,-17.99978684592496,904.8820717112926,10.78966357675549,0.24375506543662837,30.0,-9.511792828870728,8.312570781426952,18.91557557906889,10,11,39,21,53.84615384615385,13,5,2.857142857142857,2,0.3613159376158831,0.356418937209829,-0.20412097569826726,3,30.0,25.037610990716214,1.687646990206011,24
CLOSE_NEAR_EMA|wait=8|tol=0.0050|retrace=-,atr_adx_pullback,2,-9.511792828870739,-17.99978684592496,904.8820717112926,10.78966357675549,0.24375506543662837,30.0,-9.511792828870728,8.312570781426952,18.91557557906889,10,11,39,21,53.84615384615385,13,5,2.857142857142857,2,0.3613159376158831,0.356418937209829,-0.20412097569826726,3,30.0,25.037610990716214,1.687646990206011,24
CLOSE_NEAR_EMA|wait=2|tol=0.0075|retrace=-,pullback,2,-7.23551652247279,-13.85350208628805,927.6448347752721,13.127634094487089,0.5095954748401733,37.5,-4.522197826545494,16.08154020385051,31.487226701315553,16,0,39,16,41.02564102564102,19,4,1.3125,1.0,0.2874377226950703,0.24262009229089998,-0.46587503090756127,4,25.0,21.055611069241923,1.3717091978142113,39
CLOSE_NEAR_EMA|wait=2|tol=0.0075|retrace=-,atr_pullback,2,-7.23551652247279,-13.85350208628805,927.6448347752721,13.127634094487089,0.5095954748401733,37.5,-4.522197826545494,16.08154020385051,31.487226701315553,16,0,39,16,41.02564102564102,19,4,1.3125,1.0,0.2874377226950703,0.24262009229089998,-0.46587503090756127,4,25.0,21.055611069241923,1.3717091978142113,39
CLOSE_NEAR_EMA|wait=2|tol=0.0075|retrace=-,adx_pullback,2,-0.5496536484792273,-1.0883613766448974,994.5034635152077,9.81694562465785,0.920965394830238,57.14285714285714,-0.7852194978274838,9.037372593431483,14.280302546137142,7,9,39,16,41.02564102564102,19,4,1.3125,1.0,0.2641908550518844,0.2426715099855569,-0.1383211784633157,1,14.285714285714285,25.037610990716214,1.687646990206011,24
CLOSE_NEAR_EMA|wait=2|tol=0.0075|retrace=-,atr_adx_pullback,2,-0.5496536484792273,-1.0883613766448974,994.5034635152077,9.81694562465785,0.920965394830238,57.14285714285714,-0.7852194978274838,9.037372593431483,14.280302546137142,7,9,39,16,41.02564102564102,19,4,1.3125,1.0,0.2641908550518844,0.2426715099855569,-0.1383211784633157,1,14.285714285714285,25.037610990716214,1.687646990206011,24
CLOSE_NEAR_EMA|wait=3|tol=0.0075|retrace=-,pullback,2,-12.402990588075863,-23.119786421426326,875.9700941192414,17.823977015956142,0.3774115998271127,31.57894736842105,-6.527889783197841,16.987542468856173,36.82688913018832,19,0,39,19,48.717948717948715,16,4,1.5789473684210527,1,0.3260848723060055,0.2426715099855569,-0.46587503090756127,5,26.31578947368421,21.055611069241923,1.3717091978142113,39
CLOSE_NEAR_EMA|wait=3|tol=0.0075|retrace=-,atr_pullback,2,-12.402990588075863,-23.119786421426326,875.9700941192414,17.823977015956142,0.3774115998271127,31.57894736842105,-6.527889783197841,16.987542468856173,36.82688913018832,19,0,39,19,48.717948717948715,16,4,1.5789473684210527,1,0.3260848723060055,0.2426715099855569,-0.46587503090756127,5,26.31578947368421,21.055611069241923,1.3717091978142113,39
CLOSE_NEAR_EMA|wait=3|tol=0.0075|retrace=-,adx_pullback,2,-6.089565760545554,-11.727718631266038,939.1043423945445,14.692265234495045,0.5126205589166799,40.0,-6.089565760545542,9.943374858437146,20.10458907579371,10,9,39,19,48.717948717948715,16,4,1.5789473684210527,1,0.3445944996056172,0.24940117176219018,-0.1383211784633157,2,20.0,25.037610990716214,1.687646990206011,24
CLOSE_NEAR_EMA|wait=3|tol=0.0075|retrace=-,atr_adx_pullback,2,-6.089565760545554,-11.727718631266038,939.1043423945445,14.692265234495045,0.5126205589166799,40.0,-6.089565760545542,9.943374858437146,20.10458907579371,10,9,39,19,48.717948717948715,16,4,1.5789473684210527,1,0.3445944996056172,0.24940117176219018,-0.1383211784633157,2,20.0,25.037610990716214,1.687646990206011,24
CLOSE_NEAR_EMA|wait=5|tol=0.0075|retrace=-,pullback,2,-5.557759027211227,-10.732459285611927,944.4224097278877,17.82397701595613,0.7587456954296217,36.36363636363637,-2.5262541032778305,22.808607021517556,46.19175022125225,22,0,39,22,56.41025641025641,13,4,1.9090909090909092,1.5,0.42093498207651137,0.24940117176219018,-0.46587503090756127,6,27.27272727272727,21.055611069241923,1.3717091978142113,39
CLOSE_NEAR_EMA|wait=5|tol=0.0075|retrace=-,atr_pullback,2,-5.557759027211227,-10.732459285611927,944.4224097278877,17.82397701595613,0.7587456954296217,36.36363636363637,-2.5262541032778305,22.808607021517556,46.19175022125225,22,0,39,22,56.41025641025641,13,4,1.9090909090909092,1.5,0.42093498207651137,0.24940117176219018,-0.46587503090756127,6,27.27272727272727,21.055611069241923,1.3717091978142113,39
CLOSE_NEAR_EMA|wait=5|tol=0.0075|retrace=-,adx_pullback,2,-7.388056372458811,-14.13452971888114,926.1194362754119,14.692265234495064,0.4627432021321919,36.36363636363637,-6.7164148840534645,11.098527746319366,21.90945931649621,11,11,39,22,56.41025641025641,13,4,1.9090909090909092,1.5,0.30973254795558225,0.2426715099855569,-0.1383211784633157,3,27.27272727272727,25.037610990716214,1.687646990206011,24
CLOSE_NEAR_EMA|wait=5|tol=0.0075|retrace=-,atr_adx_pullback,2,-7.388056372458811,-14.13452971888114,926.1194362754119,14.692265234495064,0.4627432021321919,36.36363636363637,-6.7164148840534645,11.098527746319366,21.90945931649621,11,11,39,22,56.41025641025641,13,4,1.9090909090909092,1.5,0.30973254795558225,0.2426715099855569,-0.1383211784633157,3,27.27272727272727,25.037610990716214,1.687646990206011,24
CLOSE_NEAR_EMA|wait=8|tol=0.0075|retrace=-,pullback,2,-11.027163788626876,-20.7037764585836,889.7283621137312,20.672818289845207,0.6070473099314183,33.33333333333333,-4.5946515785945365,23.44280860702152,48.247244122471145,24,0,39,24,61.53846153846154,11,4,2.375,2.0,0.3630853103091161,0.24262009229089998,-0.46587503090756127,8,33.33333333333333,21.055611069241923,1.3717091978142113,39
CLOSE_NEAR_EMA|wait=8|tol=0.0075|retrace=-,atr_pullback,2,-11.027163788626876,-20.7037764585836,889.7283621137312,20.672818289845207,0.6070473099314183,33.33333333333333,-4.5946515785945365,23.44280860702152,48.247244122471145,24,0,39,24,61.53846153846154,11,4,2.375,2.0,0.3630853103091161,0.24262009229089998,-0.46587503090756127,8,33.33333333333333,21.055611069241923,1.3717091978142113,39
CLOSE_NEAR_EMA|wait=8|tol=0.0075|retrace=-,adx_pullback,2,-12.751463680703171,-23.725830560457993,872.4853631929683,14.692265234495075,0.3197887854415868,30.76923076923077,-9.808818215925498,11.73272933182333,24.524493879833926,13,11,39,24,61.53846153846154,11,4,2.375,2.0,0.2200412207113032,0.2425686745962431,-0.34240118256619606,5,38.46153846153847,25.037610990716214,1.687646990206011,24
CLOSE_NEAR_EMA|wait=8|tol=0.0075|retrace=-,atr_adx_pullback,2,-12.751463680703171,-23.725830560457993,872.4853631929683,14.692265234495075,0.3197887854415868,30.76923076923077,-9.808818215925498,11.73272933182333,24.524493879833926,13,11,39,24,61.53846153846154,11,4,2.375,2.0,0.2200412207113032,0.2425686745962431,-0.34240118256619606,5,38.46153846153847,25.037610990716214,1.687646990206011,24
PERCENT_RETRACE|wait=2|tol=-|retrace=0.0025,pullback,2,-7.2469689364892815,-13.874616953625274,927.5303106351072,15.350026235599811,0.4651394604288741,33.33333333333333,-6.039140780407735,12.32163080407701,23.877565420580353,12,0,39,12,30.76923076923077,23,4,1.5,1.5,0.475002850664166,0.3863232871215737,0.25025499467259854,0,0.0,21.055611069241923,1.3717091978142113,39
PERCENT_RETRACE|wait=2|tol=-|retrace=0.0025,atr_pullback,2,-7.2469689364892815,-13.874616953625274,927.5303106351072,15.350026235599811,0.4651394604288741,33.33333333333333,-6.039140780407735,12.32163080407701,23.877565420580353,12,0,39,12,30.76923076923077,23,4,1.5,1.5,0.475002850664166,0.3863232871215737,0.25025499467259854,0,0.0,21.055611069241923,1.3717091978142113,39
PERCENT_RETRACE|wait=2|tol=-|retrace=0.0025,adx_pullback,2,-3.7821776732251013,-7.36940407713893,962.178223267749,12.556465965616276,0.6066464531854184,42.857142857142854,-5.403110961750128,8.040770101925254,14.064572283752693,7,5,39,12,30.76923076923077,23,4,1.5,1.5,0.4180747077373069,0.3985474379720283,0.25025499467259854,0,0.0,25.037610990716214,1.687646990206011,24
PERCENT_RETRACE|wait=2|tol=-|retrace=0.0025,atr_adx_pullback,2,-3.7821776732251013,-7.36940407713893,962.178223267749,12.556465965616276,0.6066464531854184,42.857142857142854,-5.403110961750128,8.040770101925254,14.064572283752693,7,5,39,12,30.76923076923077,23,4,1.5,1.5,0.4180747077373069,0.3985474379720283,0.25025499467259854,0,0.0,25.037610990716214,1.687646990206011,24
PERCENT_RETRACE|wait=3|tol=-|retrace=0.0025,pullback,2,-8.265695562889515,-15.742569071797929,917.3430443711048,15.566312995315362,0.47301176091018726,31.25,-5.166059726805962,15.968289920724802,31.58165120254463,16,0,39,16,41.02564102564102,19,4,1.875,2.0,0.5198592579013555,0.4118574709535501,0.25025499467259854,0,0.0,21.055611069241923,1.3717091978142113,39
PERCENT_RETRACE|wait=3|tol=-|retrace=0.0025,atr_pullback,2,-8.265695562889515,-15.742569071797929,917.3430443711048,15.566312995315362,0.47301176091018726,31.25,-5.166059726805962,15.968289920724802,31.58165120254463,16,0,39,16,41.02564102564102,19,4,1.875,2.0,0.5198592579013555,0.4118574709535501,0.25025499467259854,0,0.0,21.055611069241923,1.3717091978142113,39
PERCENT_RETRACE|wait=3|tol=-|retrace=0.0025,adx_pullback,2,-3.35222841101554,-6.54577223509799,966.4777158898446,12.556465965616304,0.6772750025476064,44.44444444444444,-3.7246982344617234,11.506228765571915,18.08573556342791,9,7,39,16,41.02564102564102,19,4,1.875,2.0,0.4259281911554679,0.3985474379720283,0.25025499467259854,0,0.0,25.037610990716214,1.687646990206011,24
PERCENT_RETRACE|wait=3|tol=-|retrace=0.0025,atr_adx_pullback,2,-3.35222841101554,-6.54577223509799,966.4777158898446,12.556465965616304,0.6772750025476064,44.44444444444444,-3.7246982344617234,11.506228765571915,18.08573556342791,9,7,39,16,41.02564102564102,19,4,1.875,2.0,0.4259281911554679,0.3985474379720283,0.25025499467259854,0,0.0,25.037610990716214,1.687646990206011,24
PERCENT_RETRACE|wait=5|tol=-|retrace=0.0025,pullback,2,-2.5871991832954335,-5.071296974154659,974.1280081670457,16.062730452026695,0.8696621374548343,35.0,-1.2935995916477054,21.60815402038505,42.31766998813563,20,0,39,20,51.28205128205128,15,4,2.35,2.0,0.5171649687923765,0.4368493477586869,0.25025499467259854,0,0.0,21.055611069241923,1.3717091978142113,39
PERCENT_RETRACE|wait=5|tol=-|retrace=0.0025,atr_pullback,2,-2.5871991832954335,-5.071296974154659,974.1280081670457,16.062730452026695,0.8696621374548343,35.0,-1.2935995916477054,21.60815402038505,42.31766998813563,20,0,39,20,51.28205128205128,15,4,2.35,2.0,0.5171649687923765,0.4368493477586869,0.25025499467259854,0,0.0,21.055611069241923,1.3717091978142113,39
PERCENT_RETRACE|wait=5|tol=-|retrace=0.0025,adx_pullback,2,-5.890439493978079,-11.355708819186594,941.0956050602192,13.070579446990008,0.5482976832365487,41.66666666666667,-4.908699578315075,13.748584371460929,23.779172322655995,12,8,39,20,51.28205128205128,15,4,2.35,2.0,0.4456141571339138,0.4235393147771651,0.25025499467259854,0,0.0,25.037610990716214,1.687646990206011,24
PERCENT_RETRACE|wait=5|tol=-|retrace=0.0025,atr_adx_pullback,2,-5.890439493978079,-11.355708819186594,941.0956050602192,13.070579446990008,0.5482976832365487,41.66666666666667,-4.908699578315075,13.748584371460929,23.779172322655995,12,8,39,20,51.28205128205128,15,4,2.35,2.0,0.4456141571339138,0.4235393147771651,0.25025499467259854,0,0.0,25.037610990716214,1.687646990206011,24
PERCENT_RETRACE|wait=8|tol=-|retrace=0.0025,pullback,2,-2.996220154669686,-5.86104667739995,970.0377984533031,16.06273045202668,0.8533394559382068,36.36363636363637,-1.3619182521225743,22.89920724801812,46.47140552261835,22,0,39,22,56.41025641025641,13,4,2.727272727272727,2.0,0.5648990802596107,0.4723591053985362,0.25025499467259854,0,0.0,21.055611069241923,1.3717091978142113,39
PERCENT_RETRACE|wait=8|tol=-|retrace=0.0025,atr_pullback,2,-2.996220154669686,-5.86104667739995,970.0377984533031,16.06273045202668,0.8533394559382068,36.36363636363637,-1.3619182521225743,22.89920724801812,46.47140552261835,22,0,39,22,56.41025641025641,13,4,2.727272727272727,2.0,0.5648990802596107,0.4723591053985362,0.25025499467259854,0,0.0,21.055611069241923,1.3717091978142113,39
PERCENT_RETRACE|wait=8|tol=-|retrace=0.0025,adx_pullback,2,-6.285590680794008,-12.093175996373141,937.1440931920599,13.070579446990019,0.5376966385880464,42.857142857142854,-4.48970762913856,15.039637599093997,27.66749271877855,14,8,39,22,56.41025641025641,13,4,2.727272727272727,2.0,0.5308464482479193,0.4723591053985362,0.25025499467259854,0,0.0,25.037610990716214,1.687646990206011,24
PERCENT_RETRACE|wait=8|tol=-|retrace=0.0025,atr_adx_pullback,2,-6.285590680794008,-12.093175996373141,937.1440931920599,13.070579446990019,0.5376966385880464,42.857142857142854,-4.48970762913856,15.039637599093997,27.66749271877855,14,8,39,22,56.41025641025641,13,4,2.727272727272727,2.0,0.5308464482479193,0.4723591053985362,0.25025499467259854,0,0.0,25.037610990716214,1.687646990206011,24
PERCENT_RETRACE|wait=2|tol=-|retrace=0.0050,pullback,2,-3.085323477420013,-6.032655590485369,969.1467652257999,9.282161551858424,0.46995792941576914,28.57142857142857,-4.407604967742892,6.930917327293318,13.899773693665974,7,0,39,7,17.94871794871795,28,4,1.8571428571428572,2,0.9540656912154668,0.8246761816776295,0.5798738436329187,0,0.0,21.055611069241923,1.3717091978142113,39
PERCENT_RETRACE|wait=2|tol=-|retrace=0.0050,atr_pullback,2,-3.085323477420013,-6.032655590485369,969.1467652257999,9.282161551858424,0.46995792941576914,28.57142857142857,-4.407604967742892,6.930917327293318,13.899773693665974,7,0,39,7,17.94871794871795,28,4,1.8571428571428572,2,0.9540656912154668,0.8246761816776295,0.5798738436329187,0,0.0,21.055611069241923,1.3717091978142113,39
PERCENT_RETRACE|wait=2|tol=-|retrace=0.0050,adx_pullback,2,-0.5454470575676851,-1.0800544138026225,994.5455294243231,7.7200787589015984,0.8347715238207403,50.0,-1.3636176439192127,5.028312570781427,7.996949982006358,4,3,39,7,17.94871794871795,28,4,1.8571428571428572,2,0.8586905886201855,0.7943525403780809,0.5798738436329187,0,0.0,25.037610990716214,1.687646990206011,24
PERCENT_RETRACE|wait=2|tol=-|retrace=0.0050,atr_adx_pullback,2,-0.5454470575676851,-1.0800544138026225,994.5455294243231,7.7200787589015984,0.8347715238207403,50.0,-1.3636176439192127,5.028312570781427,7.996949982006358,4,3,39,7,17.94871794871795,28,4,1.8571428571428572,2,0.8586905886201855,0.7943525403780809,0.5798738436329187,0,0.0,25.037610990716214,1.687646990206011,24
PERCENT_RETRACE|wait=3|tol=-|retrace=0.0050,pullback,2,-6.186518429742762,-11.90856555793557,938.1348157025724,13.081467238463032,0.39044278816483596,27.27272727272727,-5.62410766340248,9.150622876557192,21.78732469665653,11,0,39,11,28.205128205128204,24,4,2.272727272727273,2,0.9275691170328354,0.8246761816776295,0.5516281727938047,0,0.0,21.055611069241923,1.3717091978142113,39
PERCENT_RETRACE|wait=3|tol=-|retrace=0.0050,atr_pullback,2,-6.186518429742762,-11.90856555793557,938.1348157025724,13.081467238463032,0.39044278816483596,27.27272727272727,-5.62410766340248,9.150622876557192,21.78732469665653,11,0,39,11,28.205128205128204,24,4,2.272727272727273,2,0.9275691170328354,0.8246761816776295,0.5516281727938047,0,0.0,21.055611069241923,1.3717091978142113,39
PERCENT_RETRACE|wait=3|tol=-|retrace=0.0050,adx_pullback,2,-3.481303900432283,-6.7934156838785125,965.1869609956772,11.358319349262022,0.5336105660297518,42.857142857142854,-4.9732912863318335,7.180067950169875,13.990684399826554,7,4,39,11,28.205128205128204,24,4,2.272727272727273,2,0.8105495935793005,0.7640288990785324,0.5516281727938047,0,0.0,25.037610990716214,1.687646990206011,24
PERCENT_RETRACE|wait=3|tol=-|retrace=0.0050,atr_adx_pullback,2,-3.481303900432283,-6.7934156838785125,965.1869609956772,11.358319349262022,0.5336105660297518,42.857142857142854,-4.9732912863318335,7.180067950169875,13.990684399826554,7,4,39,11,28.205128205128204,24,4,2.272727272727273,2,0.8105495935793005,0.7640288990785324,0.5516281727938047,0,0.0,25.037610990716214,1.687646990206011,24
PERCENT_RETRACE|wait=5|tol=-|retrace=0.0050,pullback,2,3.3398460285120564,6.740249072471816,1033.3984602851206,13.426176446467778,1.2152097073200767,33.33333333333333,1.8554700158400377,18.459796149490373,39.23554189143908,18,0,39,18,46.15384615384615,17,4,3.111111111111111,3.0,0.8435728215755725,0.7365577450563888,0.50556418494798,0,0.0,21.055611069241923,1.3717091978142113,39
PERCENT_RETRACE|wait=5|tol=-|retrace=0.0050,atr_pullback,2,3.3398460285120564,6.740249072471816,1033.3984602851206,13.426176446467778,1.2152097073200767,33.33333333333333,1.8554700158400377,18.459796149490373,39.23554189143908,18,0,39,18,46.15384615384615,17,4,3.111111111111111,3.0,0.8435728215755725,0.7365577450563888,0.50556418494798,0,0.0,21.055611069241923,1.3717091978142113,39
PERCENT_RETRACE|wait=5|tol=-|retrace=0.0050,adx_pullback,2,-5.674726710853383,-10.951835685222777,943.2527328914662,11.559377508435979,0.4395424895221518,40.0,-5.6747267108533945,9.39977349943375,19.65080093197667,10,8,39,18,46.15384615384615,17,4,3.111111111111111,3.0,0.7548539679780464,0.6845641698886904,0.50556418494798,0,0.0,25.037610990716214,1.687646990206011,24
PERCENT_RETRACE|wait=5|tol=-|retrace=0.0050,atr_adx_pullback,2,-5.674726710853383,-10.951835685222777,943.2527328914662,11.559377508435979,0.4395424895221518,40.0,-5.6747267108533945,9.39977349943375,19.65080093197667,10,8,39,18,46.15384615384615,17,4,3.111111111111111,3.0,0.7548539679780464,0.6845641698886904,0.50556418494798,0,0.0,25.037610990716214,1.687646990206011,24
PERCENT_RETRACE|wait=8|tol=-|retrace=0.0050,pullback,2,2.9059383300384067,5.852234411549251,1029.059383300384,13.426176446467744,1.1802596182245377,35.0,1.4529691650192091,19.75084937712344,43.46524067135063,20,0,39,20,51.28205128205128,15,4,3.45,3.0,0.8634395589112105,0.7365577450563888,0.50556418494798,0,0.0,21.055611069241923,1.3717091978142113,39
PERCENT_RETRACE|wait=8|tol=-|retrace=0.0050,atr_pullback,2,2.9059383300384067,5.852234411549251,1029.059383300384,13.426176446467744,1.1802596182245377,35.0,1.4529691650192091,19.75084937712344,43.46524067135063,20,0,39,20,51.28205128205128,15,4,3.45,3.0,0.8634395589112105,0.7365577450563888,0.50556418494798,0,0.0,21.055611069241923,1.3717091978142113,39
PERCENT_RETRACE|wait=8|tol=-|retrace=0.0050,adx_pullback,2,-6.070783641589503,-11.692662843927303,939.292163584105,11.559377508435977,0.4324282022368342,41.66666666666667,-5.058986367991253,10.690826727066819,23.52803785377495,12,8,39,20,51.28205128205128,15,4,3.45,3.0,0.802751672470364,0.6845641698886904,0.50556418494798,0,0.0,25.037610990716214,1.687646990206011,24
PERCENT_RETRACE|wait=8|tol=-|retrace=0.0050,atr_adx_pullback,2,-6.070783641589503,-11.692662843927303,939.292163584105,11.559377508435977,0.4324282022368342,41.66666666666667,-5.058986367991253,10.690826727066819,23.52803785377495,12,8,39,20,51.28205128205128,15,4,3.45,3.0,0.802751672470364,0.6845641698886904,0.50556418494798,0,0.0,25.037610990716214,1.687646990206011,24
PERCENT_RETRACE|wait=2|tol=-|retrace=0.0075,pullback,2,-4.440704697824924,-8.623894281515154,955.5929530217508,7.348522897980707,0.09313388273210882,20.0,-8.881409395649872,4.7791619479048695,9.843479158636102,5,0,39,5,12.82051282051282,30,4,2.0,2,1.1017027334717642,1.1246165084002857,0.7640288990785324,0,0.0,21.055611069241923,1.3717091978142113,39
PERCENT_RETRACE|wait=2|tol=-|retrace=0.0075,atr_pullback,2,-4.440704697824924,-8.623894281515154,955.5929530217508,7.348522897980707,0.09313388273210882,20.0,-8.881409395649872,4.7791619479048695,9.843479158636102,5,0,39,5,12.82051282051282,30,4,2.0,2,1.1017027334717642,1.1246165084002857,0.7640288990785324,0,0.0,21.055611069241923,1.3717091978142113,39
PERCENT_RETRACE|wait=2|tol=-|retrace=0.0075,adx_pullback,2,-2.7952562011223336,-5.47342878925694,972.0474379887767,5.7531445181725624,0.14026780414857784,33.33333333333333,-9.31752067040774,3.0351075877689695,5.940240271815281,3,2,39,5,12.82051282051282,30,4,2.0,2,0.9516295036159411,0.8246761816776295,0.7640288990785324,0,0.0,25.037610990716214,1.687646990206011,24
PERCENT_RETRACE|wait=2|tol=-|retrace=0.0075,atr_adx_pullback,2,-2.7952562011223336,-5.47342878925694,972.0474379887767,5.7531445181725624,0.14026780414857784,33.33333333333333,-9.31752067040774,3.0351075877689695,5.940240271815281,3,2,39,5,12.82051282051282,30,4,2.0,2,0.9516295036159411,0.8246761816776295,0.7640288990785324,0,0.0,25.037610990716214,1.687646990206011,24
PERCENT_RETRACE|wait=3|tol=-|retrace=0.0075,pullback,2,-4.25865943505064,-8.277948214594677,957.4134056494936,11.435148409289472,0.418532561369397,25.0,-5.323324293813286,7.112117780294451,15.882176216527792,8,0,39,8,20.51282051282051,27,4,2.375,2.0,1.0980306999276626,1.1164452330831205,0.7640288990785324,0,0.0,21.055611069241923,1.3717091978142113,39
PERCENT_RETRACE|wait=3|tol=-|retrace=0.0075,atr_pullback,2,-4.25865943505064,-8.277948214594677,957.4134056494936,11.435148409289472,0.418532561369397,25.0,-5.323324293813286,7.112117780294451,15.882176216527792,8,0,39,8,20.51282051282051,27,4,2.375,2.0,1.0980306999276626,1.1164452330831205,0.7640288990785324,0,0.0,21.055611069241923,1.3717091978142113,39
PERCENT_RETRACE|wait=3|tol=-|retrace=0.0075,adx_pullback,2,-2.36060060154058,-4.632364177228244,976.3939939845942,9.679362477023151,0.5649406105338336,40.0,-4.72120120308116,5.300113250283125,9.98203841742977,5,3,39,8,20.51282051282051,27,4,2.375,2.0,0.9689809589263485,0.8817423260179638,0.7640288990785324,0,0.0,25.037610990716214,1.687646990206011,24
PERCENT_RETRACE|wait=3|tol=-|retrace=0.0075,atr_adx_pullback,2,-2.36060060154058,-4.632364177228244,976.3939939845942,9.679362477023151,0.5649406105338336,40.0,-4.72120120308116,5.300113250283125,9.98203841742977,5,3,39,8,20.51282051282051,27,4,2.375,2.0,0.9689809589263485,0.8817423260179638,0.7640288990785324,0,0.0,25.037610990716214,1.687646990206011,24
PERCENT_RETRACE|wait=5|tol=-|retrace=0.0075,pullback,2,-0.8229130231854583,-1.6272383422388015,991.7708697681454,11.2341339962026,0.9103993129049784,33.33333333333333,-0.6857608526545391,10.87202718006795,24.419416103090672,12,0,39,12,30.76923076923077,23,4,3.0833333333333335,3.0,1.1838201314363528,1.1953999692459736,0.7640288990785324,0,0.0,21.055611069241923,1.3717091978142113,39
PERCENT_RETRACE|wait=5|tol=-|retrace=0.0075,atr_pullback,2,-0.8229130231854583,-1.6272383422388015,991.7708697681454,11.2341339962026,0.9103993129049784,33.33333333333333,-0.6857608526545391,10.87202718006795,24.419416103090672,12,0,39,12,30.76923076923077,23,4,3.0833333333333335,3.0,1.1838201314363528,1.1953999692459736,0.7640288990785324,0,0.0,21.055611069241923,1.3717091978142113,39
PERCENT_RETRACE|wait=5|tol=-|retrace=0.0075,adx_pullback,2,-3.043085421421904,-5.951326405923041,969.569145785781,10.154443552196001,0.5018205417325341,33.33333333333333,-5.071809035703173,5.390713476783692,11.928972096885616,6,6,39,12,30.76923076923077,23,4,3.0833333333333335,3.0,1.1260443220388048,0.9950081418919594,0.7640288990785324,0,0.0,25.037610990716214,1.687646990206011,24
PERCENT_RETRACE|wait=5|tol=-|retrace=0.0075,atr_adx_pullback,2,-3.043085421421904,-5.951326405923041,969.569145785781,10.154443552196001,0.5018205417325341,33.33333333333333,-5.071809035703173,5.390713476783692,11.928972096885616,6,6,39,12,30.76923076923077,23,4,3.0833333333333335,3.0,1.1260443220388048,0.9950081418919594,0.7640288990785324,0,0.0,25.037610990716214,1.687646990206011,24
PERCENT_RETRACE|wait=8|tol=-|retrace=0.0075,pullback,2,-2.725228563921905,-5.338174236553261,972.747714360781,11.234133996202624,0.7567195782733981,31.25,-1.703267852451141,12.412231030577576,32.157064667482864,16,0,39,16,41.02564102564102,19,4,3.9375,3.5,1.1756262464033236,1.1164452330831205,0.7640288990785324,0,0.0,21.055611069241923,1.3717091978142113,39
PERCENT_RETRACE|wait=8|tol=-|retrace=0.0075,atr_pullback,2,-2.725228563921905,-5.338174236553261,972.747714360781,11.234133996202624,0.7567195782733981,31.25,-1.703267852451141,12.412231030577576,32.157064667482864,16,0,39,16,41.02564102564102,19,4,3.9375,3.5,1.1756262464033236,1.1164452330831205,0.7640288990785324,0,0.0,21.055611069241923,1.3717091978142113,39
PERCENT_RETRACE|wait=8|tol=-|retrace=0.0075,adx_pullback,2,-4.52343005183808,-8.780885330212351,954.7656994816192,10.154443552196001,0.4152872930194928,33.33333333333333,-5.026033390931199,6.885617214043036,17.709186595744256,9,7,39,16,41.02564102564102,19,4,3.9375,3.5,1.1436434514914384,1.104325808030292,0.7640288990785324,0,0.0,25.037610990716214,1.687646990206011,24
PERCENT_RETRACE|wait=8|tol=-|retrace=0.0075,atr_adx_pullback,2,-4.52343005183808,-8.780885330212351,954.7656994816192,10.154443552196001,0.4152872930194928,33.33333333333333,-5.026033390931199,6.885617214043036,17.709186595744256,9,7,39,16,41.02564102564102,19,4,3.9375,3.5,1.1436434514914384,1.104325808030292,0.7640288990785324,0,0.0,25.037610990716214,1.687646990206011,24
HYBRID|wait=2|tol=0.0025|retrace=0.0025,pullback,2,-10.452455868855225,-19.68357932853868,895.4754413114478,15.3500262355998,0.40826936165677447,33.33333333333333,-6.968303912570158,14.949037372593432,29.187365197819837,15,0,39,15,38.46153846153847,20,4,1.5333333333333334,2,0.3551394729493115,0.34422378009990645,-0.13931020341701666,3,20.0,21.055611069241923,1.3717091978142113,39
HYBRID|wait=2|tol=0.0025|retrace=0.0025,atr_pullback,2,-10.452455868855225,-19.68357932853868,895.4754413114478,15.3500262355998,0.40826936165677447,33.33333333333333,-6.968303912570158,14.949037372593432,29.187365197819837,15,0,39,15,38.46153846153847,20,4,1.5333333333333334,2,0.3551394729493115,0.34422378009990645,-0.13931020341701666,3,20.0,21.055611069241923,1.3717091978142113,39
HYBRID|wait=2|tol=0.0025|retrace=0.0025,adx_pullback,2,-6.353013909699223,-12.21870197642737,936.4698609030078,12.55646596561631,0.4758042294336299,37.5,-7.941267387124,8.380520951302378,15.798616290760425,8,7,39,15,38.46153846153847,20,4,1.5333333333333334,2,0.3495909294122793,0.3273391357554259,-0.1297955188629139,1,12.5,25.037610990716214,1.687646990206011,24
HYBRID|wait=2|tol=0.0025|retrace=0.0025,atr_adx_pullback,2,-6.353013909699223,-12.21870197642737,936.4698609030078,12.55646596561631,0.4758042294336299,37.5,-7.941267387124,8.380520951302378,15.798616290760425,8,7,39,15,38.46153846153847,20,4,1.5333333333333334,2,0.3495909294122793,0.3273391357554259,-0.1297955188629139,1,12.5,25.037610990716214,1.687646990206011,24
HYBRID|wait=3|tol=0.0025|retrace=0.0025,pullback,2,-10.282135537438648,-19.379990477820286,897.1786446256135,15.566312995315352,0.4487163765779578,33.33333333333333,-5.712297520799236,18.482446206115515,35.04553718332734,18,0,39,18,46.15384615384615,17,4,1.7777777777777777,2.0,0.4177576949309053,0.3646508648576883,-0.13931020341701666,3,16.666666666666664,21.055611069241923,1.3717091978142113,39
HYBRID|wait=3|tol=0.0025|retrace=0.0025,atr_pullback,2,-10.282135537438648,-19.379990477820286,897.1786446256135,15.566312995315352,0.4487163765779578,33.33333333333333,-5.712297520799236,18.482446206115515,35.04553718332734,18,0,39,18,46.15384615384615,17,4,1.7777777777777777,2.0,0.4177576949309053,0.3646508648576883,-0.13931020341701666,3,16.666666666666664,21.055611069241923,1.3717091978142113,39
HYBRID|wait=3|tol=0.0025|retrace=0.0025,adx_pullback,2,-5.934552427158747,-11.43818802779515,940.6544757284125,12.556465965616281,0.538895304608814,40.0,-5.934552427158758,11.845979614949037,19.7497487610629,10,8,39,18,46.15384615384615,17,4,1.7777777777777777,2.0,0.37035582015362967,0.37687501570814286,-0.1297955188629139,1,10.0,25.037610990716214,1.687646990206011,24
HYBRID|wait=3|tol=0.0025|retrace=0.0025,atr_adx_pullback,2,-5.934552427158747,-11.43818802779515,940.6544757284125,12.556465965616281,0.538895304608814,40.0,-5.934552427158758,11.845979614949037,19.7497487610629,10,8,39,18,46.15384615384615,17,4,1.7777777777777777,2.0,0.37035582015362967,0.37687501570814286,-0.1297955188629139,1,10.0,25.037610990716214,1.687646990206011,24
HYBRID|wait=5|tol=0.0025|retrace=0.0025,pullback,2,-5.185670926522914,-10.03281520198762,948.1432907347709,16.062730452026692,0.7782295308543479,34.78260869565217,-2.2546395332708324,25.232163080407698,47.78209153169567,23,0,39,23,58.97435897435898,12,4,2.347826086956522,2,0.3915450585643426,0.3552025934442574,-0.13931020341701666,4,17.391304347826086,21.055611069241923,1.3717091978142113,39
HYBRID|wait=5|tol=0.0025|retrace=0.0025,atr_pullback,2,-5.185670926522914,-10.03281520198762,948.1432907347709,16.062730452026692,0.7782295308543479,34.78260869565217,-2.2546395332708324,25.232163080407698,47.78209153169567,23,0,39,23,58.97435897435898,12,4,2.347826086956522,2,0.3915450585643426,0.3552025934442574,-0.13931020341701666,4,17.391304347826086,21.055611069241923,1.3717091978142113,39
HYBRID|wait=5|tol=0.0025|retrace=0.0025,adx_pullback,2,-8.844512681357127,-16.794839302268983,911.5548731864287,13.070579446989997,0.4413888233633031,35.714285714285715,-6.31750905811225,15.198187995469988,27.117547997292927,14,9,39,23,58.97435897435898,12,4,2.347826086956522,2,0.334137211110128,0.35180641248044825,-0.1297955188629139,2,14.285714285714285,25.037610990716214,1.687646990206011,24
HYBRID|wait=5|tol=0.0025|retrace=0.0025,atr_adx_pullback,2,-8.844512681357127,-16.794839302268983,911.5548731864287,13.070579446989997,0.4413888233633031,35.714285714285715,-6.31750905811225,15.198187995469988,27.117547997292927,14,9,39,23,58.97435897435898,12,4,2.347826086956522,2,0.334137211110128,0.35180641248044825,-0.1297955188629139,2,14.285714285714285,25.037610990716214,1.687646990206011,24
HYBRID|wait=8|tol=0.0025|retrace=0.0025,pullback,2,-5.185670926522914,-10.03281520198762,948.1432907347709,16.062730452026692,0.7782295308543479,34.78260869565217,-2.2546395332708324,25.232163080407698,47.78209153169567,23,0,39,23,58.97435897435898,12,4,2.347826086956522,2,0.3915450585643426,0.3552025934442574,-0.13931020341701666,4,17.391304347826086,21.055611069241923,1.3717091978142113,39
HYBRID|wait=8|tol=0.0025|retrace=0.0025,atr_pullback,2,-5.185670926522914,-10.03281520198762,948.1432907347709,16.062730452026692,0.7782295308543479,34.78260869565217,-2.2546395332708324,25.232163080407698,47.78209153169567,23,0,39,23,58.97435897435898,12,4,2.347826086956522,2,0.3915450585643426,0.3552025934442574,-0.13931020341701666,4,17.391304347826086,21.055611069241923,1.3717091978142113,39
HYBRID|wait=8|tol=0.0025|retrace=0.0025,adx_pullback,2,-8.844512681357127,-16.794839302268983,911.5548731864287,13.070579446989997,0.4413888233633031,35.714285714285715,-6.31750905811225,15.198187995469988,27.117547997292927,14,9,39,23,58.97435897435898,12,4,2.347826086956522,2,0.334137211110128,0.35180641248044825,-0.1297955188629139,2,14.285714285714285,25.037610990716214,1.687646990206011,24
HYBRID|wait=8|tol=0.0025|retrace=0.0025,atr_adx_pullback,2,-8.844512681357127,-16.794839302268983,911.5548731864287,13.070579446989997,0.4413888233633031,35.714285714285715,-6.31750905811225,15.198187995469988,27.117547997292927,14,9,39,23,58.97435897435898,12,4,2.347826086956522,2,0.334137211110128,0.35180641248044825,-0.1297955188629139,2,14.285714285714285,25.037610990716214,1.687646990206011,24
HYBRID|wait=2|tol=0.0025|retrace=0.0050,pullback,2,-6.0040421655624305,-11.568037674491139,939.9595783443757,9.818751627399623,0.4083366152699995,36.36363636363637,-5.4582201505112895,10.690826727066819,21.418321560300225,11,0,39,11,28.205128205128204,24,4,1.7272727272727273,2,0.607237896459006,0.5900723275165284,-0.13931020341701666,3,27.27272727272727,21.055611069241923,1.3717091978142113,39
HYBRID|wait=2|tol=0.0025|retrace=0.0050,atr_pullback,2,-6.0040421655624305,-11.568037674491139,939.9595783443757,9.818751627399623,0.4083366152699995,36.36363636363637,-5.4582201505112895,10.690826727066819,21.418321560300225,11,0,39,11,28.205128205128204,24,4,1.7272727272727273,2,0.607237896459006,0.5900723275165284,-0.13931020341701666,3,27.27272727272727,21.055611069241923,1.3717091978142113,39
HYBRID|wait=2|tol=0.0025|retrace=0.0050,adx_pullback,2,-3.2027652383761276,-6.258605620882552,967.9723476162387,7.720078758901597,0.4557615752443789,40.0,-6.405530476752324,5.36806342015855,9.78904612209103,5,6,39,11,28.205128205128204,24,4,1.7272727272727273,2,0.6609933671235656,0.7640288990785324,-0.1297955188629139,1,20.0,25.037610990716214,1.687646990206011,24
HYBRID|wait=2|tol=0.0025|retrace=0.0050,atr_adx_pullback,2,-3.2027652383761276,-6.258605620882552,967.9723476162387,7.720078758901597,0.4557615752443789,40.0,-6.405530476752324,5.36806342015855,9.78904612209103,5,6,39,11,28.205128205128204,24,4,1.7272727272727273,2,0.6609933671235656,0.7640288990785324,-0.1297955188629139,1,20.0,25.037610990716214,1.687646990206011,24
HYBRID|wait=3|tol=0.0025|retrace=0.0050,pullback,2,-9.01184036944934,-17.097812429060244,909.8815963055066,13.081467238463018,0.371807992655193,33.33333333333333,-6.007893579632886,12.910532276330692,29.068328123767834,15,0,39,15,38.46153846153847,20,4,2.066666666666667,2,0.6802944873267993,0.5900723275165284,-0.13931020341701666,3,20.0,21.055611069241923,1.3717091978142113,39
HYBRID|wait=3|tol=0.0025|retrace=0.0050,atr_pullback,2,-9.01184036944934,-17.097812429060244,909.8815963055066,13.081467238463018,0.371807992655193,33.33333333333333,-6.007893579632886,12.910532276330692,29.068328123767834,15,0,39,15,38.46153846153847,20,4,2.066666666666667,2,0.6802944873267993,0.5900723275165284,-0.13931020341701666,3,20.0,21.055611069241923,1.3717091978142113,39
HYBRID|wait=3|tol=0.0025|retrace=0.0050,adx_pullback,2,-6.060179158981453,-11.67286711157317,939.3982084101855,11.358319349262024,0.39012912060550586,37.5,-7.575223948726816,7.519818799546998,15.622634433290747,8,7,39,15,38.46153846153847,20,4,2.066666666666667,2,0.6930064545240237,0.6719513713557256,-0.1297955188629139,1,12.5,25.037610990716214,1.687646990206011,24
HYBRID|wait=3|tol=0.0025|retrace=0.0050,atr_adx_pullback,2,-6.060179158981453,-11.67286711157317,939.3982084101855,11.358319349262024,0.39012912060550586,37.5,-7.575223948726816,7.519818799546998,15.622634433290747,8,7,39,15,38.46153846153847,20,4,2.066666666666667,2,0.6930064545240237,0.6719513713557256,-0.1297955188629139,1,12.5,25.037610990716214,1.687646990206011,24
HYBRID|wait=5|tol=0.0025|retrace=0.0050,pullback,2,0.6844766237862473,1.363586409994566,1006.8447662378625,13.42617644646775,1.0349143008303339,36.36363636363637,0.31112573808466304,23.238958097395244,47.04481953239363,22,0,39,22,56.41025641025641,13,4,2.8636363636363638,2.5,0.6301922673557604,0.5849730855747235,-0.13931020341701666,4,18.181818181818183,21.055611069241923,1.3717091978142113,39
HYBRID|wait=5|tol=0.0025|retrace=0.0050,atr_pullback,2,0.6844766237862473,1.363586409994566,1006.8447662378625,13.42617644646775,1.0349143008303339,36.36363636363637,0.31112573808466304,23.238958097395244,47.04481953239363,22,0,39,22,56.41025641025641,13,4,2.8636363636363638,2.5,0.6301922673557604,0.5849730855747235,-0.13931020341701666,4,18.181818181818183,21.055611069241923,1.3717091978142113,39
HYBRID|wait=5|tol=0.0025|retrace=0.0050,adx_pullback,2,-8.635571063089412,-16.415747444628547,913.6442893691059,11.55937750843597,0.33297071179516946,33.33333333333333,-7.196309219241215,10.849377123442808,23.008110045095584,12,10,39,22,56.41025641025641,13,4,2.8636363636363638,2.5,0.5732575624762742,0.6199577961880272,-0.1297955188629139,2,16.666666666666664,25.037610990716214,1.687646990206011,24
HYBRID|wait=5|tol=0.0025|retrace=0.0050,atr_adx_pullback,2,-8.635571063089412,-16.415747444628547,913.6442893691059,11.55937750843597,0.33297071179516946,33.33333333333333,-7.196309219241215,10.849377123442808,23.008110045095584,12,10,39,22,56.41025641025641,13,4,2.8636363636363638,2.5,0.5732575624762742,0.6199577961880272,-0.1297955188629139,2,16.666666666666664,25.037610990716214,1.687646990206011,24
HYBRID|wait=8|tol=0.0025|retrace=0.0050,pullback,2,0.6844766237862473,1.363586409994566,1006.8447662378625,13.42617644646775,1.0349143008303339,36.36363636363637,0.31112573808466304,23.238958097395244,47.04481953239363,22,0,39,22,56.41025641025641,13,4,2.8636363636363638,2.5,0.6301922673557604,0.5849730855747235,-0.13931020341701666,4,18.181818181818183,21.055611069241923,1.3717091978142113,39
HYBRID|wait=8|tol=0.0025|retrace=0.0050,atr_pullback,2,0.6844766237862473,1.363586409994566,1006.8447662378625,13.42617644646775,1.0349143008303339,36.36363636363637,0.31112573808466304,23.238958097395244,47.04481953239363,22,0,39,22,56.41025641025641,13,4,2.8636363636363638,2.5,0.6301922673557604,0.5849730855747235,-0.13931020341701666,4,18.181818181818183,21.055611069241923,1.3717091978142113,39
HYBRID|wait=8|tol=0.0025|retrace=0.0050,adx_pullback,2,-8.635571063089412,-16.415747444628547,913.6442893691059,11.55937750843597,0.33297071179516946,33.33333333333333,-7.196309219241215,10.849377123442808,23.008110045095584,12,10,39,22,56.41025641025641,13,4,2.8636363636363638,2.5,0.5732575624762742,0.6199577961880272,-0.1297955188629139,2,16.666666666666664,25.037610990716214,1.687646990206011,24
HYBRID|wait=8|tol=0.0025|retrace=0.0050,atr_adx_pullback,2,-8.635571063089412,-16.415747444628547,913.6442893691059,11.55937750843597,0.33297071179516946,33.33333333333333,-7.196309219241215,10.849377123442808,23.008110045095584,12,10,39,22,56.41025641025641,13,4,2.8636363636363638,2.5,0.5732575624762742,0.6199577961880272,-0.1297955188629139,2,16.666666666666664,25.037610990716214,1.687646990206011,24
HYBRID|wait=2|tol=0.0025|retrace=0.0075,pullback,2,-8.130369811070045,-15.495604708113152,918.6963018892995,11.858784900519753,0.19206805956613365,30.0,-8.130369811070022,8.69762174405436,19.354171499235328,10,0,39,10,25.64102564102564,25,4,1.7,2.0,0.6099743017416148,0.6770506132975305,-0.13931020341701666,3,30.0,21.055611069241923,1.3717091978142113,39
HYBRID|wait=2|tol=0.0025|retrace=0.0075,atr_pullback,2,-8.130369811070045,-15.495604708113152,918.6963018892995,11.858784900519753,0.19206805956613365,30.0,-8.130369811070022,8.69762174405436,19.354171499235328,10,0,39,10,25.64102564102564,25,4,1.7,2.0,0.6099743017416148,0.6770506132975305,-0.13931020341701666,3,30.0,21.055611069241923,1.3717091978142113,39
HYBRID|wait=2|tol=0.0025|retrace=0.0075,adx_pullback,2,-5.392461912831674,-10.421982759274718,946.0753808716833,8.271318650440298,0.07605273007721625,25.0,-13.481154782079216,3.374858437146093,7.787289472809085,4,6,39,10,25.64102564102564,25,4,1.7,2.0,0.6812732479962273,0.7943525403780809,-0.1297955188629139,1,25.0,25.037610990716214,1.687646990206011,24
HYBRID|wait=2|tol=0.0025|retrace=0.0075,atr_adx_pullback,2,-5.392461912831674,-10.421982759274718,946.0753808716833,8.271318650440298,0.07605273007721625,25.0,-13.481154782079216,3.374858437146093,7.787289472809085,4,6,39,10,25.64102564102564,25,4,1.7,2.0,0.6812732479962273,0.7943525403780809,-0.1297955188629139,1,25.0,25.037610990716214,1.687646990206011,24
HYBRID|wait=3|tol=0.0025|retrace=0.0075,pullback,2,-6.844078725459815,-13.130261958003764,931.5592127454019,11.435148409289432,0.45155938588575223,35.714285714285715,-4.888627661042733,12.774631936579842,27.26105105056803,14,0,39,14,35.8974358974359,21,4,2.0714285714285716,2.0,0.7090787944480309,0.7943525403780809,-0.13931020341701666,3,21.428571428571427,21.055611069241923,1.3717091978142113,39
HYBRID|wait=3|tol=0.0025|retrace=0.0075,atr_pullback,2,-6.844078725459815,-13.130261958003764,931.5592127454019,11.435148409289432,0.45155938588575223,35.714285714285715,-4.888627661042733,12.774631936579842,27.26105105056803,14,0,39,14,35.8974358974359,21,4,2.0714285714285716,2.0,0.7090787944480309,0.7943525403780809,-0.13931020341701666,3,21.428571428571427,21.055611069241923,1.3717091978142113,39
HYBRID|wait=3|tol=0.0025|retrace=0.0075,adx_pullback,2,-3.822095200703109,-7.445688457226285,961.7790479929689,9.679362477023183,0.5224595706669357,42.857142857142854,-5.460136001004441,7.383918459796149,13.738435616998634,7,7,39,14,35.8974358974359,21,4,2.0714285714285716,2.0,0.7523910640803761,0.8246761816776295,-0.1297955188629139,1,14.285714285714285,25.037610990716214,1.687646990206011,24
HYBRID|wait=3|tol=0.0025|retrace=0.0075,atr_adx_pullback,2,-3.822095200703109,-7.445688457226285,961.7790479929689,9.679362477023183,0.5224595706669357,42.857142857142854,-5.460136001004441,7.383918459796149,13.738435616998634,7,7,39,14,35.8974358974359,21,4,2.0714285714285716,2.0,0.7523910640803761,0.8246761816776295,-0.1297955188629139,1,14.285714285714285,25.037610990716214,1.687646990206011,24
HYBRID|wait=5|tol=0.0025|retrace=0.0075,pullback,2,1.7960852530616875,3.597617640163464,1017.9608525306169,12.736122226275045,1.0984842664372674,33.33333333333333,0.8552786919341424,21.698754246885617,44.92741040610711,21,0,39,21,53.84615384615385,14,4,2.857142857142857,3,0.7042471543220958,0.6600417487431356,-0.13931020341701666,4,19.047619047619047,21.055611069241923,1.3717091978142113,39
HYBRID|wait=5|tol=0.0025|retrace=0.0075,atr_pullback,2,1.7960852530616875,3.597617640163464,1017.9608525306169,12.736122226275045,1.0984842664372674,33.33333333333333,0.8552786919341424,21.698754246885617,44.92741040610711,21,0,39,21,53.84615384615385,14,4,2.857142857142857,3,0.7042471543220958,0.6600417487431356,-0.13931020341701666,4,19.047619047619047,21.055611069241923,1.3717091978142113,39
HYBRID|wait=5|tol=0.0025|retrace=0.0075,adx_pullback,2,-7.6268605744349545,-14.573568836190699,923.7313942556505,10.854443588669312,0.3483031833813195,27.27272727272727,-6.933509613122717,9.309173272933183,21.098110496282775,11,10,39,21,53.84615384615385,14,4,2.857142857142857,3,0.7094591916956886,0.7640288990785324,-0.1297955188629139,2,18.181818181818183,25.037610990716214,1.687646990206011,24
HYBRID|wait=5|tol=0.0025|retrace=0.0075,atr_adx_pullback,2,-7.6268605744349545,-14.573568836190699,923.7313942556505,10.854443588669312,0.3483031833813195,27.27272727272727,-6.933509613122717,9.309173272933183,21.098110496282775,11,10,39,21,53.84615384615385,14,4,2.857142857142857,3,0.7094591916956886,0.7640288990785324,-0.1297955188629139,2,18.181818181818183,25.037610990716214,1.687646990206011,24
HYBRID|wait=8|tol=0.0025|retrace=0.0075,pullback,2,1.7960852530616875,3.597617640163464,1017.9608525306169,12.736122226275045,1.0984842664372674,33.33333333333333,0.8552786919341424,21.698754246885617,44.92741040610711,21,0,39,21,53.84615384615385,14,4,2.857142857142857,3,0.7042471543220958,0.6600417487431356,-0.13931020341701666,4,19.047619047619047,21.055611069241923,1.3717091978142113,39
HYBRID|wait=8|tol=0.0025|retrace=0.0075,atr_pullback,2,1.7960852530616875,3.597617640163464,1017.9608525306169,12.736122226275045,1.0984842664372674,33.33333333333333,0.8552786919341424,21.698754246885617,44.92741040610711,21,0,39,21,53.84615384615385,14,4,2.857142857142857,3,0.7042471543220958,0.6600417487431356,-0.13931020341701666,4,19.047619047619047,21.055611069241923,1.3717091978142113,39
HYBRID|wait=8|tol=0.0025|retrace=0.0075,adx_pullback,2,-7.6268605744349545,-14.573568836190699,923.7313942556505,10.854443588669312,0.3483031833813195,27.27272727272727,-6.933509613122717,9.309173272933183,21.098110496282775,11,10,39,21,53.84615384615385,14,4,2.857142857142857,3,0.7094591916956886,0.7640288990785324,-0.1297955188629139,2,18.181818181818183,25.037610990716214,1.687646990206011,24
HYBRID|wait=8|tol=0.0025|retrace=0.0075,atr_adx_pullback,2,-7.6268605744349545,-14.573568836190699,923.7313942556505,10.854443588669312,0.3483031833813195,27.27272727272727,-6.933509613122717,9.309173272933183,21.098110496282775,11,10,39,21,53.84615384615385,14,4,2.857142857142857,3,0.7094591916956886,0.7640288990785324,-0.1297955188629139,2,18.181818181818183,25.037610990716214,1.687646990206011,24
HYBRID|wait=2|tol=0.0050|retrace=0.0025,pullback,2,-11.416406300775066,-21.391066372505495,885.8359369922493,16.51758911049839,0.396987312091568,35.294117647058826,-6.715533118102987,16.851642129105322,33.00770948825409,17,0,39,17,43.58974358974359,18,4,1.4705882352941178,1,0.3027705457515825,0.3404995015210042,-0.30638145131654604,4,23.52941176470588,21.055611069241923,1.3717091978142113,39
HYBRID|wait=2|tol=0.0050|retrace=0.0025,atr_pullback,2,-11.416406300775066,-21.391066372505495,885.8359369922493,16.51758911049839,0.396987312091568,35.294117647058826,-6.715533118102987,16.851642129105322,33.00770948825409,17,0,39,17,43.58974358974359,18,4,1.4705882352941178,1,0.3027705457515825,0.3404995015210042,-0.30638145131654604,4,23.52941176470588,21.055611069241923,1.3717091978142113,39
HYBRID|wait=2|tol=0.0050|retrace=0.0025,adx_pullback,2,-5.875407920957957,-11.327595153510073,941.2459207904204,12.556465965616287,0.516746610257548,44.44444444444444,-6.528231023286632,10.14722536806342,17.829142079357922,9,8,39,17,43.58974358974359,18,4,1.4705882352941178,1,0.29537847298165765,0.2561308335388235,-0.1383211784633157,2,22.22222222222222,25.037610990716214,1.687646990206011,24
HYBRID|wait=2|tol=0.0050|retrace=0.0025,atr_adx_pullback,2,-5.875407920957957,-11.327595153510073,941.2459207904204,12.556465965616287,0.516746610257548,44.44444444444444,-6.528231023286632,10.14722536806342,17.829142079357922,9,8,39,17,43.58974358974359,18,4,1.4705882352941178,1,0.29537847298165765,0.2561308335388235,-0.1383211784633157,2,22.22222222222222,25.037610990716214,1.687646990206011,24
HYBRID|wait=3|tol=0.0050|retrace=0.0025,pullback,2,-12.082023232505797,-22.559472547399594,879.179767674942,16.517589110498406,0.3818318884756192,33.33333333333333,-6.712235129169888,18.57304643261608,34.75547953471942,18,0,39,18,46.15384615384615,17,4,1.5555555555555556,1.5,0.3056834372900644,0.34236164081045534,-0.30638145131654604,4,22.22222222222222,21.055611069241923,1.3717091978142113,39
HYBRID|wait=3|tol=0.0050|retrace=0.0025,atr_pullback,2,-12.082023232505797,-22.559472547399594,879.179767674942,16.517589110498406,0.3818318884756192,33.33333333333333,-6.712235129169888,18.57304643261608,34.75547953471942,18,0,39,18,46.15384615384615,17,4,1.5555555555555556,1.5,0.3056834372900644,0.34236164081045534,-0.30638145131654604,4,22.22222222222222,21.055611069241923,1.3717091978142113,39
HYBRID|wait=3|tol=0.0050|retrace=0.0025,adx_pullback,2,-6.582659902547039,-12.645580026022207,934.1734009745296,12.556465965616312,0.48645474579769044,40.0,-6.58265990254705,11.86862967157418,19.688653425922965,10,8,39,18,46.15384615384615,17,4,1.5555555555555556,1.5,0.30136088502791764,0.30566671349154045,-0.1383211784633157,2,20.0,25.037610990716214,1.687646990206011,24
HYBRID|wait=3|tol=0.0050|retrace=0.0025,atr_adx_pullback,2,-6.582659902547039,-12.645580026022207,934.1734009745296,12.556465965616312,0.48645474579769044,40.0,-6.58265990254705,11.86862967157418,19.688653425922965,10,8,39,18,46.15384615384615,17,4,1.5555555555555556,1.5,0.30136088502791764,0.30566671349154045,-0.1383211784633157,2,20.0,25.037610990716214,1.687646990206011,24
HYBRID|wait=5|tol=0.0050|retrace=0.0025,pullback,2,-7.509352589760159,-14.357671189418486,924.9064741023984,17.536377325643972,0.6964620988629378,34.78260869565217,-3.264935908591363,25.34541336353341,47.371754121257716,23,0,39,23,58.97435897435898,12,4,2.130434782608696,2,0.2841492021814472,0.3404995015210042,-0.30638145131654604,5,21.73913043478261,21.055611069241923,1.3717091978142113,39
HYBRID|wait=5|tol=0.0050|retrace=0.0025,atr_pullback,2,-7.509352589760159,-14.357671189418486,924.9064741023984,17.536377325643972,0.6964620988629378,34.78260869565217,-3.264935908591363,25.34541336353341,47.371754121257716,23,0,39,23,58.97435897435898,12,4,2.130434782608696,2,0.2841492021814472,0.3404995015210042,-0.30638145131654604,5,21.73913043478261,21.055611069241923,1.3717091978142113,39
HYBRID|wait=5|tol=0.0050|retrace=0.0025,adx_pullback,2,-9.883301259126553,-18.66686089229468,901.1669874087345,13.464985597543553,0.38946268415930824,35.714285714285715,-7.059500899376117,15.243488108720271,27.01051767620018,14,9,39,23,58.97435897435898,12,4,2.130434782608696,2,0.25251453892951525,0.2541630645209099,-0.1383211784633157,3,21.428571428571427,25.037610990716214,1.687646990206011,24
HYBRID|wait=5|tol=0.0050|retrace=0.0025,atr_adx_pullback,2,-9.883301259126553,-18.66686089229468,901.1669874087345,13.464985597543553,0.38946268415930824,35.714285714285715,-7.059500899376117,15.243488108720271,27.01051767620018,14,9,39,23,58.97435897435898,12,4,2.130434782608696,2,0.25251453892951525,0.2541630645209099,-0.1383211784633157,3,21.428571428571427,25.037610990716214,1.687646990206011,24
HYBRID|wait=8|tol=0.0050|retrace=0.0025,pullback,2,-10.290122137412686,-19.39423896122183,897.0987786258731,20.01568022969706,0.6229244189087649,33.33333333333333,-4.287550890588615,25.75311438278596,48.370152487696664,24,0,39,24,61.53846153846154,11,4,2.375,2.0,0.26380461143645906,0.2983151675299138,-0.30638145131654604,6,25.0,21.055611069241923,1.3717091978142113,39
HYBRID|wait=8|tol=0.0050|retrace=0.0025,atr_pullback,2,-10.290122137412686,-19.39423896122183,897.0987786258731,20.01568022969706,0.6229244189087649,33.33333333333333,-4.287550890588615,25.75311438278596,48.370152487696664,24,0,39,24,61.53846153846154,11,4,2.375,2.0,0.26380461143645906,0.2983151675299138,-0.30638145131654604,6,25.0,21.055611069241923,1.3717091978142113,39
HYBRID|wait=8|tol=0.0050|retrace=0.0025,adx_pullback,2,-12.592697058704994,-23.45000811515311,874.0730294129501,15.930747406402082,0.32687164504882027,33.33333333333333,-8.395131372470003,15.65118912797282,28.27159811496927,15,9,39,24,61.53846153846154,11,4,2.375,2.0,0.22207217128766307,0.25219529550299635,-0.20412097569826726,4,26.666666666666668,25.037610990716214,1.687646990206011,24
HYBRID|wait=8|tol=0.0050|retrace=0.0025,atr_adx_pullback,2,-12.592697058704994,-23.45000811515311,874.0730294129501,15.930747406402082,0.32687164504882027,33.33333333333333,-8.395131372470003,15.65118912797282,28.27159811496927,15,9,39,24,61.53846153846154,11,4,2.375,2.0,0.22207217128766307,0.25219529550299635,-0.20412097569826726,4,26.666666666666668,25.037610990716214,1.687646990206011,24
HYBRID|wait=2|tol=0.0050|retrace=0.0050,pullback,2,-7.334812862579315,-14.036489769306915,926.6518713742068,11.095514644869402,0.37713192789360633,35.714285714285715,-5.239152044699519,13.816534541336353,27.131581059544043,14,0,39,14,35.8974358974359,21,4,1.6428571428571428,2.0,0.4885802532933786,0.47698648995201887,-0.30638145131654604,4,28.57142857142857,21.055611069241923,1.3717091978142113,39
HYBRID|wait=2|tol=0.0050|retrace=0.0050,atr_pullback,2,-7.334812862579315,-14.036489769306915,926.6518713742068,11.095514644869402,0.37713192789360633,35.714285714285715,-5.239152044699519,13.816534541336353,27.131581059544043,14,0,39,14,35.8974358974359,21,4,1.6428571428571428,2.0,0.4885802532933786,0.47698648995201887,-0.30638145131654604,4,28.57142857142857,21.055611069241923,1.3717091978142113,39
HYBRID|wait=2|tol=0.0050|retrace=0.0050,adx_pullback,2,-2.709092767473919,-5.3069952209249704,972.9090723252608,7.720078758901618,0.5405044179213183,50.0,-4.515154612456551,7.134767836919592,11.749004890545832,6,8,39,14,35.8974358974359,21,4,1.6428571428571428,2.0,0.5277742761924188,0.6719513713557256,-0.1383211784633157,2,33.33333333333333,25.037610990716214,1.687646990206011,24
HYBRID|wait=2|tol=0.0050|retrace=0.0050,atr_adx_pullback,2,-2.709092767473919,-5.3069952209249704,972.9090723252608,7.720078758901618,0.5405044179213183,50.0,-4.515154612456551,7.134767836919592,11.749004890545832,6,8,39,14,35.8974358974359,21,4,1.6428571428571428,2.0,0.5277742761924188,0.6719513713557256,-0.1383211784633157,2,33.33333333333333,25.037610990716214,1.687646990206011,24
HYBRID|wait=3|tol=0.0050|retrace=0.0050,pullback,2,-8.039743552533343,-15.33001464808943,919.6025644746666,14.355509716357057,0.4983291931383445,35.294117647058826,-4.729260913254908,16.693091732729332,33.514422899874404,17,0,39,17,43.58974358974359,18,4,1.8823529411764706,2,0.5211609884223867,0.5791826700146013,-0.30638145131654604,4,23.52941176470588,21.055611069241923,1.3717091978142113,39
HYBRID|wait=3|tol=0.0050|retrace=0.0050,atr_pullback,2,-8.039743552533343,-15.33001464808943,919.6025644746666,14.355509716357057,0.4983291931383445,35.294117647058826,-4.729260913254908,16.693091732729332,33.514422899874404,17,0,39,17,43.58974358974359,18,4,1.8823529411764706,2,0.5211609884223867,0.5791826700146013,-0.30638145131654604,4,23.52941176470588,21.055611069241923,1.3717091978142113,39
HYBRID|wait=3|tol=0.0050|retrace=0.0050,adx_pullback,2,-6.707421070806207,-12.877059653492795,932.9257892919379,11.358319349262025,0.322080454031567,37.5,-8.384276338507746,7.542468856172141,15.562124245044963,8,9,39,17,43.58974358974359,18,4,1.8823529411764706,2,0.6067627856168836,0.6719513713557256,-0.1383211784633157,2,25.0,25.037610990716214,1.687646990206011,24
HYBRID|wait=3|tol=0.0050|retrace=0.0050,atr_adx_pullback,2,-6.707421070806207,-12.877059653492795,932.9257892919379,11.358319349262025,0.322080454031567,37.5,-8.384276338507746,7.542468856172141,15.562124245044963,8,9,39,17,43.58974358974359,18,4,1.8823529411764706,2,0.6067627856168836,0.6719513713557256,-0.1383211784633157,2,25.0,25.037610990716214,1.687646990206011,24
HYBRID|wait=5|tol=0.0050|retrace=0.0050,pullback,2,-2.9054097156038665,-5.685990030706545,970.9459028439613,14.937464550555632,0.862145795229674,36.36363636363637,-1.320640779819929,23.44280860702152,46.25975885670162,22,0,39,22,56.41025641025641,13,4,2.4545454545454546,2.0,0.4660701337113775,0.4428171102446037,-0.30638145131654604,5,22.727272727272727,21.055611069241923,1.3717091978142113,39
HYBRID|wait=5|tol=0.0050|retrace=0.0050,atr_pullback,2,-2.9054097156038665,-5.685990030706545,970.9459028439613,14.937464550555632,0.862145795229674,36.36363636363637,-1.320640779819929,23.44280860702152,46.25975885670162,22,0,39,22,56.41025641025641,13,4,2.4545454545454546,2.0,0.4660701337113775,0.4428171102446037,-0.30638145131654604,5,22.727272727272727,21.055611069241923,1.3717091978142113,39
HYBRID|wait=5|tol=0.0050|retrace=0.0050,adx_pullback,2,-9.676740695174521,-18.29629817078182,903.2325930482548,11.96064011029801,0.27304150889945084,33.33333333333333,-8.063950579312111,10.894677236693092,22.901657478297174,12,10,39,22,56.41025641025641,13,4,2.4545454545454546,2.0,0.47803111159889267,0.5795282568237601,-0.1383211784633157,3,25.0,25.037610990716214,1.687646990206011,24
HYBRID|wait=5|tol=0.0050|retrace=0.0050,atr_adx_pullback,2,-9.676740695174521,-18.29629817078182,903.2325930482548,11.96064011029801,0.27304150889945084,33.33333333333333,-8.063950579312111,10.894677236693092,22.901657478297174,12,10,39,22,56.41025641025641,13,4,2.4545454545454546,2.0,0.47803111159889267,0.5795282568237601,-0.1383211784633157,3,25.0,25.037610990716214,1.687646990206011,24
HYBRID|wait=8|tol=0.0050|retrace=0.0050,pullback,2,-5.8245987089198366,-11.232533540651113,941.7540129108016,16.034269683207988,0.7546087059437959,34.78260869565217,-2.5324342212694795,23.850509626274068,47.260113690275844,23,0,39,23,58.97435897435898,12,4,2.6956521739130435,2,0.4369313898240017,0.37409913627111907,-0.30638145131654604,6,26.08695652173913,21.055611069241923,1.3717091978142113,39
HYBRID|wait=8|tol=0.0050|retrace=0.0050,atr_pullback,2,-5.8245987089198366,-11.232533540651113,941.7540129108016,16.034269683207988,0.7546087059437959,34.78260869565217,-2.5324342212694795,23.850509626274068,47.260113690275844,23,0,39,23,58.97435897435898,12,4,2.6956521739130435,2,0.4369313898240017,0.37409913627111907,-0.30638145131654604,6,26.08695652173913,21.055611069241923,1.3717091978142113,39
HYBRID|wait=8|tol=0.0050|retrace=0.0050,adx_pullback,2,-12.392346823495018,-23.10123793812757,876.0765317650498,13.837827670516045,0.22146900686859755,30.76923076923077,-9.53257447961157,11.30237825594564,24.257002578866683,13,10,39,23,58.97435897435898,12,4,2.6956521739130435,2,0.42555787411449575,0.5791826700146013,-0.20412097569826726,4,30.76923076923077,25.037610990716214,1.687646990206011,24
HYBRID|wait=8|tol=0.0050|retrace=0.0050,atr_adx_pullback,2,-12.392346823495018,-23.10123793812757,876.0765317650498,13.837827670516045,0.22146900686859755,30.76923076923077,-9.53257447961157,11.30237825594564,24.257002578866683,13,10,39,23,58.97435897435898,12,4,2.6956521739130435,2,0.42555787411449575,0.5791826700146013,-0.20412097569826726,4,30.76923076923077,25.037610990716214,1.687646990206011,24
HYBRID|wait=2|tol=0.0050|retrace=0.0075,pullback,2,-7.334812862579315,-14.036489769306915,926.6518713742068,11.095514644869402,0.37713192789360633,35.714285714285715,-5.239152044699519,13.816534541336353,27.131581059544043,14,0,39,14,35.8974358974359,21,4,1.6428571428571428,2.0,0.4885802532933786,0.47698648995201887,-0.30638145131654604,4,28.57142857142857,21.055611069241923,1.3717091978142113,39
HYBRID|wait=2|tol=0.0050|retrace=0.0075,atr_pullback,2,-7.334812862579315,-14.036489769306915,926.6518713742068,11.095514644869402,0.37713192789360633,35.714285714285715,-5.239152044699519,13.816534541336353,27.131581059544043,14,0,39,14,35.8974358974359,21,4,1.6428571428571428,2.0,0.4885802532933786,0.47698648995201887,-0.30638145131654604,4,28.57142857142857,21.055611069241923,1.3717091978142113,39
HYBRID|wait=2|tol=0.0050|retrace=0.0075,adx_pullback,2,-2.709092767473919,-5.3069952209249704,972.9090723252608,7.720078758901618,0.5405044179213183,50.0,-4.515154612456551,7.134767836919592,11.749004890545832,6,8,39,14,35.8974358974359,21,4,1.6428571428571428,2.0,0.5277742761924188,0.6719513713557256,-0.1383211784633157,2,33.33333333333333,25.037610990716214,1.687646990206011,24
HYBRID|wait=2|tol=0.0050|retrace=0.0075,atr_adx_pullback,2,-2.709092767473919,-5.3069952209249704,972.9090723252608,7.720078758901618,0.5405044179213183,50.0,-4.515154612456551,7.134767836919592,11.749004890545832,6,8,39,14,35.8974358974359,21,4,1.6428571428571428,2.0,0.5277742761924188,0.6719513713557256,-0.1383211784633157,2,33.33333333333333,25.037610990716214,1.687646990206011,24
HYBRID|wait=3|tol=0.0050|retrace=0.0075,pullback,2,-6.13469245570659,-11.811916874639639,938.6530754429341,12.733322451004064,0.5655588798839565,37.5,-3.834182784816612,16.579841449603624,31.655246736869245,16,0,39,16,41.02564102564102,19,4,1.8125,2.0,0.5175346333228733,0.47698648995201887,-0.30638145131654604,4,25.0,21.055611069241923,1.3717091978142113,39
HYBRID|wait=3|tol=0.0050|retrace=0.0075,atr_pullback,2,-6.13469245570659,-11.811916874639639,938.6530754429341,12.733322451004064,0.5655588798839565,37.5,-3.834182784816612,16.579841449603624,31.655246736869245,16,0,39,16,41.02564102564102,19,4,1.8125,2.0,0.5175346333228733,0.47698648995201887,-0.30638145131654604,4,25.0,21.055611069241923,1.3717091978142113,39
HYBRID|wait=3|tol=0.0050|retrace=0.0075,adx_pullback,2,-4.77476954632524,-9.257039865187389,952.2523045367476,9.679362477023185,0.40026563455615355,42.857142857142854,-6.821099351893183,7.429218573046432,13.676012291567337,7,9,39,16,41.02564102564102,19,4,1.8125,2.0,0.6107028021314953,0.7640288990785324,-0.1383211784633157,2,28.57142857142857,25.037610990716214,1.687646990206011,24
HYBRID|wait=3|tol=0.0050|retrace=0.0075,atr_adx_pullback,2,-4.77476954632524,-9.257039865187389,952.2523045367476,9.679362477023185,0.40026563455615355,42.857142857142854,-6.821099351893183,7.429218573046432,13.676012291567337,7,9,39,16,41.02564102564102,19,4,1.8125,2.0,0.6107028021314953,0.7640288990785324,-0.1383211784633157,2,28.57142857142857,25.037610990716214,1.687646990206011,24
HYBRID|wait=5|tol=0.0050|retrace=0.0075,pullback,2,-2.13149759028106,-4.187558449163586,978.6850240971894,14.259456358727403,0.8919625385113232,33.33333333333333,-1.014998852514785,21.925254813137034,44.15192523316863,21,0,39,21,53.84615384615385,14,4,2.380952380952381,2,0.5179349913429784,0.37409913627111907,-0.30638145131654604,5,23.809523809523807,21.055611069241923,1.3717091978142113,39
HYBRID|wait=5|tol=0.0050|retrace=0.0075,atr_pullback,2,-2.13149759028106,-4.187558449163586,978.6850240971894,14.259456358727403,0.8919625385113232,33.33333333333333,-1.014998852514785,21.925254813137034,44.15192523316863,21,0,39,21,53.84615384615385,14,4,2.380952380952381,2,0.5179349913429784,0.37409913627111907,-0.30638145131654604,5,23.809523809523807,21.055611069241923,1.3717091978142113,39
HYBRID|wait=5|tol=0.0050|retrace=0.0075,adx_pullback,2,-8.956800836837044,-16.998215232841474,910.4319916316296,11.258904535486572,0.2575095531178345,27.27272727272727,-8.142546215306414,9.377123442808607,20.97905092678794,11,10,39,21,53.84615384615385,14,4,2.380952380952381,2,0.5781332014308138,0.5798738436329187,-0.1383211784633157,3,27.27272727272727,25.037610990716214,1.687646990206011,24
HYBRID|wait=5|tol=0.0050|retrace=0.0075,atr_adx_pullback,2,-8.956800836837044,-16.998215232841474,910.4319916316296,11.258904535486572,0.2575095531178345,27.27272727272727,-8.142546215306414,9.377123442808607,20.97905092678794,11,10,39,21,53.84615384615385,14,4,2.380952380952381,2,0.5781332014308138,0.5798738436329187,-0.1383211784633157,3,27.27272727272727,25.037610990716214,1.687646990206011,24
HYBRID|wait=8|tol=0.0050|retrace=0.0075,pullback,2,-5.073954571560319,-9.822223712879552,949.2604542843968,15.365003799151916,0.7737844921497884,31.818181818181817,-2.306342987072846,22.33295583238958,45.21565295595878,22,0,39,22,56.41025641025641,13,4,2.6363636363636362,2.0,0.4851142655683763,0.35729931889606165,-0.30638145131654604,6,27.27272727272727,21.055611069241923,1.3717091978142113,39
HYBRID|wait=8|tol=0.0050|retrace=0.0075,atr_pullback,2,-5.073954571560319,-9.822223712879552,949.2604542843968,15.365003799151916,0.7737844921497884,31.818181818181817,-2.306342987072846,22.33295583238958,45.21565295595878,22,0,39,22,56.41025641025641,13,4,2.6363636363636362,2.0,0.4851142655683763,0.35729931889606165,-0.30638145131654604,6,27.27272727272727,21.055611069241923,1.3717091978142113,39
HYBRID|wait=8|tol=0.0050|retrace=0.0075,adx_pullback,2,-11.694052254603173,-21.879494384941957,883.0594774539683,13.151054599898767,0.2048672169652212,25.0,-9.745043545502662,9.784824462061154,22.392199988084858,12,10,39,22,56.41025641025641,13,4,2.6363636363636362,2.0,0.5129453533367238,0.3935737665522983,-0.20412097569826726,4,33.33333333333333,25.037610990716214,1.687646990206011,24
HYBRID|wait=8|tol=0.0050|retrace=0.0075,atr_adx_pullback,2,-11.694052254603173,-21.879494384941957,883.0594774539683,13.151054599898767,0.2048672169652212,25.0,-9.745043545502662,9.784824462061154,22.392199988084858,12,10,39,22,56.41025641025641,13,4,2.6363636363636362,2.0,0.5129453533367238,0.3935737665522983,-0.20412097569826726,4,33.33333333333333,25.037610990716214,1.687646990206011,24
HYBRID|wait=2|tol=0.0075|retrace=0.0025,pullback,2,-14.912526397504358,-27.431058654810446,850.8747360249564,18.35971396945394,0.33094533582666386,31.57894736842105,-7.848698103949669,17.916194790486976,36.0843669213395,19,0,39,19,48.717948717948715,16,4,1.263157894736842,1,0.2230930530500648,0.25219529550299635,-0.46587503090756127,5,26.31578947368421,21.055611069241923,1.3717091978142113,39
HYBRID|wait=2|tol=0.0075|retrace=0.0025,atr_pullback,2,-14.912526397504358,-27.431058654810446,850.8747360249564,18.35971396945394,0.33094533582666386,31.57894736842105,-7.848698103949669,17.916194790486976,36.0843669213395,19,0,39,19,48.717948717948715,16,4,1.263157894736842,1,0.2230930530500648,0.25219529550299635,-0.46587503090756127,5,26.31578947368421,21.055611069241923,1.3717091978142113,39
HYBRID|wait=2|tol=0.0075|retrace=0.0025,adx_pullback,2,-7.682430047893388,-14.67557253742513,923.1756995210661,14.228703571791215,0.44956877063292944,40.0,-7.6824300478933765,10.849377123442808,19.710155344433208,10,9,39,19,48.717948717948715,16,4,1.263157894736842,1,0.2673885298204103,0.2541630645209099,-0.1383211784633157,2,20.0,25.037610990716214,1.687646990206011,24
HYBRID|wait=2|tol=0.0075|retrace=0.0025,atr_adx_pullback,2,-7.682430047893388,-14.67557253742513,923.1756995210661,14.228703571791215,0.44956877063292944,40.0,-7.6824300478933765,10.849377123442808,19.710155344433208,10,9,39,19,48.717948717948715,16,4,1.263157894736842,1,0.2673885298204103,0.2541630645209099,-0.1383211784633157,2,20.0,25.037610990716214,1.687646990206011,24
HYBRID|wait=3|tol=0.0075|retrace=0.0025,pullback,2,-16.838421823377896,-30.65590050500798,831.6157817662211,19.60348548031348,0.30312700895898653,28.57142857142857,-8.01829610637042,20.13590033975085,39.494327100378996,21,0,39,21,53.84615384615385,14,4,1.4285714285714286,1,0.21443442782418637,0.25219529550299635,-0.46587503090756127,6,28.57142857142857,21.055611069241923,1.3717091978142113,39
HYBRID|wait=3|tol=0.0075|retrace=0.0025,atr_pullback,2,-16.838421823377896,-30.65590050500798,831.6157817662211,19.60348548031348,0.30312700895898653,28.57142857142857,-8.01829610637042,20.13590033975085,39.494327100378996,21,0,39,21,53.84615384615385,14,4,1.4285714285714286,1,0.21443442782418637,0.25219529550299635,-0.46587503090756127,6,28.57142857142857,21.055611069241923,1.3717091978142113,39
HYBRID|wait=3|tol=0.0075|retrace=0.0025,adx_pullback,2,-9.771973645451862,-18.467246763684074,902.2802635454814,15.535410102767633,0.38923283425035105,33.33333333333333,-8.143311371209895,13.069082672706681,23.406140447073525,12,9,39,21,53.84615384615385,14,4,1.4285714285714286,1,0.24485335621339874,0.2541630645209099,-0.1383211784633157,3,25.0,25.037610990716214,1.687646990206011,24
HYBRID|wait=3|tol=0.0075|retrace=0.0025,atr_adx_pullback,2,-9.771973645451862,-18.467246763684074,902.2802635454814,15.535410102767633,0.38923283425035105,33.33333333333333,-8.143311371209895,13.069082672706681,23.406140447073525,12,9,39,21,53.84615384615385,14,4,1.4285714285714286,1,0.24485335621339874,0.2541630645209099,-0.1383211784633157,3,25.0,25.037610990716214,1.687646990206011,24
HYBRID|wait=5|tol=0.0075|retrace=0.0025,pullback,2,-10.390466508374288,-19.57315169331316,896.0953349162571,20.10514614410212,0.6230239346148345,33.33333333333333,-4.329361045155953,26.206115515288786,48.80473748982971,24,0,39,24,61.53846153846154,11,4,1.75,1.0,0.2218408888124114,0.2541630645209099,-0.46587503090756127,7,29.166666666666668,21.055611069241923,1.3717091978142113,39
HYBRID|wait=5|tol=0.0075|retrace=0.0025,atr_pullback,2,-10.390466508374288,-19.57315169331316,896.0953349162571,20.10514614410212,0.6230239346148345,33.33333333333333,-4.329361045155953,26.206115515288786,48.80473748982971,24,0,39,24,61.53846153846154,11,4,1.75,1.0,0.2218408888124114,0.2541630645209099,-0.46587503090756127,7,29.166666666666668,21.055611069241923,1.3717091978142113,39
HYBRID|wait=5|tol=0.0075|retrace=0.0025,adx_pullback,2,-10.848101914931897,-20.38660764096748,891.518980850681,15.372665150044762,0.36995076667267063,35.714285714285715,-7.748644224951355,15.741789354473386,27.07428280735957,14,10,39,24,61.53846153846154,11,4,1.75,1.0,0.2319831098237612,0.2541630645209099,-0.1383211784633157,4,28.57142857142857,25.037610990716214,1.687646990206011,24
HYBRID|wait=5|tol=0.0075|retrace=0.0025,atr_adx_pullback,2,-10.848101914931897,-20.38660764096748,891.518980850681,15.372665150044762,0.36995076667267063,35.714285714285715,-7.748644224951355,15.741789354473386,27.07428280735957,14,10,39,24,61.53846153846154,11,4,1.75,1.0,0.2319831098237612,0.2541630645209099,-0.1383211784633157,4,28.57142857142857,25.037610990716214,1.687646990206011,24
HYBRID|wait=8|tol=0.0075|retrace=0.0025,pullback,2,-15.579996152091008,-28.556950364930223,844.2000384790899,24.73207250238234,0.5178069967592847,30.76923076923077,-5.992306212342696,26.840317100792753,50.71175876552202,26,0,39,26,66.66666666666666,9,4,2.1923076923076925,1.0,0.18375612204743888,0.2474334027442766,-0.46587503090756127,9,34.61538461538461,21.055611069241923,1.3717091978142113,39
HYBRID|wait=8|tol=0.0075|retrace=0.0025,atr_pullback,2,-15.579996152091008,-28.556950364930223,844.2000384790899,24.73207250238234,0.5178069967592847,30.76923076923077,-5.992306212342696,26.840317100792753,50.71175876552202,26,0,39,26,66.66666666666666,9,4,2.1923076923076925,1.0,0.18375612204743888,0.2474334027442766,-0.46587503090756127,9,34.61538461538461,21.055611069241923,1.3717091978142113,39
HYBRID|wait=8|tol=0.0075|retrace=0.0025,adx_pullback,2,-16.011128658613302,-29.279542072398478,839.888713413867,20.224056600046534,0.27261819499100903,31.25,-10.006955411633328,16.37599093997735,29.51862065728678,16,10,39,26,66.66666666666666,9,4,2.1923076923076925,1.0,0.16882758620426208,0.2474334027442766,-0.34240118256619606,6,37.5,25.037610990716214,1.687646990206011,24
HYBRID|wait=8|tol=0.0075|retrace=0.0025,atr_adx_pullback,2,-16.011128658613302,-29.279542072398478,839.888713413867,20.224056600046534,0.27261819499100903,31.25,-10.006955411633328,16.37599093997735,29.51862065728678,16,10,39,26,66.66666666666666,9,4,2.1923076923076925,1.0,0.16882758620426208,0.2474334027442766,-0.34240118256619606,6,37.5,25.037610990716214,1.687646990206011,24
HYBRID|wait=2|tol=0.0075|retrace=0.0050,pullback,2,-8.594468177280634,-16.34107201445638,914.0553182271937,13.127634094487089,0.4636797881252918,35.294117647058826,-5.055569516047459,17.41789354473386,33.05865651414756,17,0,39,17,43.58974358974359,18,4,1.2941176470588236,1,0.32310722351491933,0.2426715099855569,-0.46587503090756127,5,29.411764705882355,21.055611069241923,1.3717091978142113,39
HYBRID|wait=2|tol=0.0075|retrace=0.0050,atr_pullback,2,-8.594468177280634,-16.34107201445638,914.0553182271937,13.127634094487089,0.4636797881252918,35.294117647058826,-5.055569516047459,17.41789354473386,33.05865651414756,17,0,39,17,43.58974358974359,18,4,1.2941176470588236,1,0.32310722351491933,0.2426715099855569,-0.46587503090756127,5,29.411764705882355,21.055611069241923,1.3717091978142113,39
HYBRID|wait=2|tol=0.0075|retrace=0.0050,adx_pullback,2,-2.0065497328341735,-3.9445380494537496,979.9345026716583,9.816945624657851,0.7591224682979076,50.0,-2.508187166042717,10.373725934314836,16.072409984912554,8,9,39,17,43.58974358974359,18,4,1.2941176470588236,1,0.3428944027494619,0.24940117176219018,-0.1383211784633157,2,25.0,25.037610990716214,1.687646990206011,24
HYBRID|wait=2|tol=0.0075|retrace=0.0050,atr_adx_pullback,2,-2.0065497328341735,-3.9445380494537496,979.9345026716583,9.816945624657851,0.7591224682979076,50.0,-2.508187166042717,10.373725934314836,16.072409984912554,8,9,39,17,43.58974358974359,18,4,1.2941176470588236,1,0.3428944027494619,0.24940117176219018,-0.1383211784633157,2,25.0,25.037610990716214,1.687646990206011,24
HYBRID|wait=3|tol=0.0075|retrace=0.0050,pullback,2,-13.68624142324485,-25.33978273004913,863.1375857675515,17.82397701595619,0.351874566216705,30.0,-6.8431207116224355,18.323895809739525,38.3200956530088,20,0,39,20,51.28205128205128,15,4,1.55,1.0,0.3544715905223305,0.24940117176219018,-0.46587503090756127,6,30.0,21.055611069241923,1.3717091978142113,39
HYBRID|wait=3|tol=0.0075|retrace=0.0050,atr_pullback,2,-13.68624142324485,-25.33978273004913,863.1375857675515,17.82397701595619,0.351874566216705,30.0,-6.8431207116224355,18.323895809739525,38.3200956530088,20,0,39,20,51.28205128205128,15,4,1.55,1.0,0.3544715905223305,0.24940117176219018,-0.46587503090756127,6,30.0,21.055611069241923,1.3717091978142113,39
HYBRID|wait=3|tol=0.0075|retrace=0.0050,adx_pullback,2,-7.465305000708009,-14.276672772659339,925.3469499929199,14.692265234495046,0.45860121598568526,36.36363636363637,-6.7866409097345635,11.279728199320498,21.811373732391722,11,9,39,20,51.28205128205128,15,4,1.55,1.0,0.3945240211535161,0.2561308335388235,-0.1383211784633157,3,27.27272727272727,25.037610990716214,1.687646990206011,24
HYBRID|wait=3|tol=0.0075|retrace=0.0050,atr_adx_pullback,2,-7.465305000708009,-14.276672772659339,925.3469499929199,14.692265234495046,0.45860121598568526,36.36363636363637,-6.7866409097345635,11.279728199320498,21.811373732391722,11,9,39,20,51.28205128205128,15,4,1.55,1.0,0.3945240211535161,0.2561308335388235,-0.1383211784633157,3,27.27272727272727,25.037610990716214,1.687646990206011,24
HYBRID|wait=5|tol=0.0075|retrace=0.0050,pullback,2,-6.656034243691386,-12.781754382254585,933.4396575630861,17.366560323651502,0.7262393140908253,34.78260869565217,-2.893927932039718,24.371460928652322,47.656421561511856,23,0,39,23,58.97435897435898,12,4,1.9130434782608696,1,0.35961593552844245,0.2561308335388235,-0.46587503090756127,7,30.434782608695656,21.055611069241923,1.3717091978142113,39
HYBRID|wait=5|tol=0.0075|retrace=0.0050,atr_pullback,2,-6.656034243691386,-12.781754382254585,933.4396575630861,17.366560323651502,0.7262393140908253,34.78260869565217,-2.893927932039718,24.371460928652322,47.656421561511856,23,0,39,23,58.97435897435898,12,4,1.9130434782608696,1,0.35961593552844245,0.2561308335388235,-0.46587503090756127,7,30.434782608695656,21.055611069241923,1.3717091978142113,39
HYBRID|wait=5|tol=0.0075|retrace=0.0050,adx_pullback,2,-8.236819101378465,-15.6899007341743,917.6318089862153,14.217416483637127,0.4530532966653377,38.46153846153847,-6.33601469336806,13.929784824462061,25.57596907827057,13,10,39,23,58.97435897435898,12,4,1.9130434782608696,1,0.3853818350137042,0.2561308335388235,-0.1383211784633157,4,30.76923076923077,25.037610990716214,1.687646990206011,24
HYBRID|wait=5|tol=0.0075|retrace=0.0050,atr_adx_pullback,2,-8.236819101378465,-15.6899007341743,917.6318089862153,14.217416483637127,0.4530532966653377,38.46153846153847,-6.33601469336806,13.929784824462061,25.57596907827057,13,10,39,23,58.97435897435898,12,4,1.9130434782608696,1,0.3853818350137042,0.2561308335388235,-0.1383211784633157,4,30.76923076923077,25.037610990716214,1.687646990206011,24
HYBRID|wait=8|tol=0.0075|retrace=0.0050,pullback,2,-12.061834926714823,-22.524162242545252,879.3816507328518,21.595319458475633,0.5876231708579368,32.0,-4.824733970685929,25.005662514156285,49.57102699546727,25,0,39,25,64.1025641025641,10,4,2.36,2,0.30898577435558855,0.2426715099855569,-0.46587503090756127,9,36.0,21.055611069241923,1.3717091978142113,39
HYBRID|wait=8|tol=0.0075|retrace=0.0050,atr_pullback,2,-12.061834926714823,-22.524162242545252,879.3816507328518,21.595319458475633,0.5876231708579368,32.0,-4.824733970685929,25.005662514156285,49.57102699546727,25,0,39,25,64.1025641025641,10,4,2.36,2,0.30898577435558855,0.2426715099855569,-0.46587503090756127,9,36.0,21.055611069241923,1.3717091978142113,39
HYBRID|wait=8|tol=0.0075|retrace=0.0050,adx_pullback,2,-13.551072271992792,-25.107464318165484,864.4892772800721,16.035647931070905,0.32172615775442703,33.33333333333333,-9.034048181328565,14.563986409966025,28.051301756161926,15,10,39,25,64.1025641025641,10,4,2.36,2,0.2975627797942461,0.2426715099855569,-0.34240118256619606,6,40.0,25.037610990716214,1.687646990206011,24
HYBRID|wait=8|tol=0.0075|retrace=0.0050,atr_adx_pullback,2,-13.551072271992792,-25.107464318165484,864.4892772800721,16.035647931070905,0.32172615775442703,33.33333333333333,-9.034048181328565,14.563986409966025,28.051301756161926,15,10,39,25,64.1025641025641,10,4,2.36,2,0.2975627797942461,0.2426715099855569,-0.34240118256619606,6,40.0,25.037610990716214,1.687646990206011,24
HYBRID|wait=2|tol=0.0075|retrace=0.0075,pullback,2,-8.594468177280634,-16.34107201445638,914.0553182271937,13.127634094487089,0.4636797881252918,35.294117647058826,-5.055569516047459,17.41789354473386,33.05865651414756,17,0,39,17,43.58974358974359,18,4,1.2941176470588236,1,0.32310722351491933,0.2426715099855569,-0.46587503090756127,5,29.411764705882355,21.055611069241923,1.3717091978142113,39
HYBRID|wait=2|tol=0.0075|retrace=0.0075,atr_pullback,2,-8.594468177280634,-16.34107201445638,914.0553182271937,13.127634094487089,0.4636797881252918,35.294117647058826,-5.055569516047459,17.41789354473386,33.05865651414756,17,0,39,17,43.58974358974359,18,4,1.2941176470588236,1,0.32310722351491933,0.2426715099855569,-0.46587503090756127,5,29.411764705882355,21.055611069241923,1.3717091978142113,39
HYBRID|wait=2|tol=0.0075|retrace=0.0075,adx_pullback,2,-2.0065497328341735,-3.9445380494537496,979.9345026716583,9.816945624657851,0.7591224682979076,50.0,-2.508187166042717,10.373725934314836,16.072409984912554,8,9,39,17,43.58974358974359,18,4,1.2941176470588236,1,0.3428944027494619,0.24940117176219018,-0.1383211784633157,2,25.0,25.037610990716214,1.687646990206011,24
HYBRID|wait=2|tol=0.0075|retrace=0.0075,atr_adx_pullback,2,-2.0065497328341735,-3.9445380494537496,979.9345026716583,9.816945624657851,0.7591224682979076,50.0,-2.508187166042717,10.373725934314836,16.072409984912554,8,9,39,17,43.58974358974359,18,4,1.2941176470588236,1,0.3428944027494619,0.24940117176219018,-0.1383211784633157,2,25.0,25.037610990716214,1.687646990206011,24
HYBRID|wait=3|tol=0.0075|retrace=0.0075,pullback,2,-13.68624142324485,-25.33978273004913,863.1375857675515,17.82397701595619,0.351874566216705,30.0,-6.8431207116224355,18.323895809739525,38.3200956530088,20,0,39,20,51.28205128205128,15,4,1.55,1.0,0.3544715905223305,0.24940117176219018,-0.46587503090756127,6,30.0,21.055611069241923,1.3717091978142113,39
HYBRID|wait=3|tol=0.0075|retrace=0.0075,atr_pullback,2,-13.68624142324485,-25.33978273004913,863.1375857675515,17.82397701595619,0.351874566216705,30.0,-6.8431207116224355,18.323895809739525,38.3200956530088,20,0,39,20,51.28205128205128,15,4,1.55,1.0,0.3544715905223305,0.24940117176219018,-0.46587503090756127,6,30.0,21.055611069241923,1.3717091978142113,39
HYBRID|wait=3|tol=0.0075|retrace=0.0075,adx_pullback,2,-7.465305000708009,-14.276672772659339,925.3469499929199,14.692265234495046,0.45860121598568526,36.36363636363637,-6.7866409097345635,11.279728199320498,21.811373732391722,11,9,39,20,51.28205128205128,15,4,1.55,1.0,0.3945240211535161,0.2561308335388235,-0.1383211784633157,3,27.27272727272727,25.037610990716214,1.687646990206011,24
HYBRID|wait=3|tol=0.0075|retrace=0.0075,atr_adx_pullback,2,-7.465305000708009,-14.276672772659339,925.3469499929199,14.692265234495046,0.45860121598568526,36.36363636363637,-6.7866409097345635,11.279728199320498,21.811373732391722,11,9,39,20,51.28205128205128,15,4,1.55,1.0,0.3945240211535161,0.2561308335388235,-0.1383211784633157,3,27.27272727272727,25.037610990716214,1.687646990206011,24
HYBRID|wait=5|tol=0.0075|retrace=0.0075,pullback,2,-7.172738960693187,-13.737713174448496,928.2726103930681,17.823977015956196,0.7045095498654818,31.818181818181817,-3.2603358912241704,22.87655719139298,45.59787524239182,22,0,39,22,56.41025641025641,13,4,1.7727272727272727,1.0,0.3437309057327242,0.24940117176219018,-0.46587503090756127,7,31.818181818181817,21.055611069241923,1.3717091978142113,39
HYBRID|wait=5|tol=0.0075|retrace=0.0075,atr_pullback,2,-7.172738960693187,-13.737713174448496,928.2726103930681,17.823977015956196,0.7045095498654818,31.818181818181817,-3.2603358912241704,22.87655719139298,45.59787524239182,22,0,39,22,56.41025641025641,13,4,1.7727272727272727,1.0,0.3437309057327242,0.24940117176219018,-0.46587503090756127,7,31.818181818181817,21.055611069241923,1.3717091978142113,39
HYBRID|wait=5|tol=0.0075|retrace=0.0075,adx_pullback,2,-8.744773397440781,-16.613984681209317,912.5522660255922,14.692265234495059,0.4180797818212161,33.33333333333333,-7.287311164533993,12.434881087202717,23.59730824981119,12,10,39,22,56.41025641025641,13,4,1.7727272727272727,1.0,0.3584064386786591,0.24940117176219018,-0.1383211784633157,4,33.33333333333333,25.037610990716214,1.687646990206011,24
HYBRID|wait=5|tol=0.0075|retrace=0.0075,atr_adx_pullback,2,-8.744773397440781,-16.613984681209317,912.5522660255922,14.692265234495059,0.4180797818212161,33.33333333333333,-7.287311164533993,12.434881087202717,23.59730824981119,12,10,39,22,56.41025641025641,13,4,1.7727272727272727,1.0,0.3584064386786591,0.24940117176219018,-0.1383211784633157,4,33.33333333333333,25.037610990716214,1.687646990206011,24
HYBRID|wait=8|tol=0.0075|retrace=0.0075,pullback,2,-12.548615880681108,-23.37333901470181,874.5138411931889,22.02932789107846,0.5704368322413141,29.166666666666668,-5.228589950283791,23.510758776896942,47.631696642883156,24,0,39,24,61.53846153846154,11,4,2.25,1.5,0.29231490699397783,0.20177246592612957,-0.46587503090756127,9,37.5,21.055611069241923,1.3717091978142113,39
HYBRID|wait=8|tol=0.0075|retrace=0.0075,atr_pullback,2,-12.548615880681108,-23.37333901470181,874.5138411931889,22.02932789107846,0.5704368322413141,29.166666666666668,-5.228589950283791,23.510758776896942,47.631696642883156,24,0,39,24,61.53846153846154,11,4,2.25,1.5,0.29231490699397783,0.20177246592612957,-0.46587503090756127,9,37.5,21.055611069241923,1.3717091978142113,39
HYBRID|wait=8|tol=0.0075|retrace=0.0075,adx_pullback,2,-14.029609565484543,-25.928326712813142,859.7039043451546,16.500431877440626,0.29670620617258053,28.57142857142857,-10.02114968963185,13.069082672706681,26.187230510128064,14,10,39,24,61.53846153846154,11,4,2.25,1.5,0.26816822184853184,0.13286701802089107,-0.34240118256619606,6,42.857142857142854,25.037610990716214,1.687646990206011,24
HYBRID|wait=8|tol=0.0075|retrace=0.0075,atr_adx_pullback,2,-14.029609565484543,-25.928326712813142,859.7039043451546,16.500431877440626,0.29670620617258053,28.57142857142857,-10.02114968963185,13.069082672706681,26.187230510128064,14,10,39,24,61.53846153846154,11,4,2.25,1.5,0.26816822184853184,0.13286701802089107,-0.34240118256619606,6,42.857142857142854,25.037610990716214,1.687646990206011,24
LOW_TOUCH_CLOSE_ABOVE|wait=2|tol=-|retrace=-,pullback,3,-3.631317938641132,-7.193884011023666,963.6868206135887,9.237606704450105,0.5411299122341935,16.666666666666664,-6.0521965644018865,3.3156804052498274,11.452213722190919,6,0,49,6,12.244897959183673,41,2,1.5,1.5,0.3512269964993653,0.40196378222889084,-0.540127753339023,2,33.33333333333333,-42.48312942935554,0.4122499001380822,49
LOW_TOUCH_CLOSE_ABOVE|wait=2|tol=-|retrace=-,atr_pullback,3,-3.631317938641132,-7.193884011023666,963.6868206135887,9.237606704450105,0.5411299122341935,16.666666666666664,-6.0521965644018865,3.3156804052498274,11.452213722190919,6,0,49,6,12.244897959183673,41,2,1.5,1.5,0.3512269964993653,0.40196378222889084,-0.540127753339023,2,33.33333333333333,-33.53485926287766,0.5022607796563009,47
LOW_TOUCH_CLOSE_ABOVE|wait=2|tol=-|retrace=-,adx_pullback,3,2.326586792841874,4.751573298424083,1023.2658679284187,8.046282141586877,2.047798847041245,33.33333333333333,7.755289309472914,2.348606953718628,5.965610378834114,3,3,49,6,12.244897959183673,41,2,1.5,1.5,0.2683662867027242,0.24517278938508982,-0.540127753339023,1,33.33333333333333,-9.275194973590965,0.7827116132363467,22
LOW_TOUCH_CLOSE_ABOVE|wait=2|tol=-|retrace=-,atr_adx_pullback,3,2.326586792841874,4.751573298424083,1023.2658679284187,8.046282141586877,2.047798847041245,33.33333333333333,7.755289309472914,2.348606953718628,5.965610378834114,3,3,49,6,12.244897959183673,41,2,1.5,1.5,0.2683662867027242,0.24517278938508982,-0.540127753339023,1,33.33333333333333,4.83944753256228,1.1436556732387233,20
LOW_TOUCH_CLOSE_ABOVE|wait=3|tol=-|retrace=-,pullback,3,-3.631317938641132,-7.193884011023666,963.6868206135887,9.237606704450105,0.5411299122341935,16.666666666666664,-6.0521965644018865,3.3156804052498274,11.452213722190919,6,0,49,6,12.244897959183673,41,2,1.5,1.5,0.3512269964993653,0.40196378222889084,-0.540127753339023,2,33.33333333333333,-42.48312942935554,0.4122499001380822,49
LOW_TOUCH_CLOSE_ABOVE|wait=3|tol=-|retrace=-,atr_pullback,3,-3.631317938641132,-7.193884011023666,963.6868206135887,9.237606704450105,0.5411299122341935,16.666666666666664,-6.0521965644018865,3.3156804052498274,11.452213722190919,6,0,49,6,12.244897959183673,41,2,1.5,1.5,0.3512269964993653,0.40196378222889084,-0.540127753339023,2,33.33333333333333,-33.53485926287766,0.5022607796563009,47
LOW_TOUCH_CLOSE_ABOVE|wait=3|tol=-|retrace=-,adx_pullback,3,2.326586792841874,4.751573298424083,1023.2658679284187,8.046282141586877,2.047798847041245,33.33333333333333,7.755289309472914,2.348606953718628,5.965610378834114,3,3,49,6,12.244897959183673,41,2,1.5,1.5,0.2683662867027242,0.24517278938508982,-0.540127753339023,1,33.33333333333333,-9.275194973590965,0.7827116132363467,22
LOW_TOUCH_CLOSE_ABOVE|wait=3|tol=-|retrace=-,atr_adx_pullback,3,2.326586792841874,4.751573298424083,1023.2658679284187,8.046282141586877,2.047798847041245,33.33333333333333,7.755289309472914,2.348606953718628,5.965610378834114,3,3,49,6,12.244897959183673,41,2,1.5,1.5,0.2683662867027242,0.24517278938508982,-0.540127753339023,1,33.33333333333333,4.83944753256228,1.1436556732387233,20
LOW_TOUCH_CLOSE_ABOVE|wait=5|tol=-|retrace=-,pullback,3,-16.50059517040719,-30.50918925253445,834.9940482959281,20.627513905038867,0.23935585217184074,14.285714285714285,-11.786139407433698,7.322127561593368,24.404245155923224,14,0,49,14,28.57142857142857,31,4,3.0,4.0,0.4817934549222956,0.5608088809895164,-0.540127753339023,2,14.285714285714285,-42.48312942935554,0.4122499001380822,49
LOW_TOUCH_CLOSE_ABOVE|wait=5|tol=-|retrace=-,atr_pullback,3,-14.827220958679742,-27.669638743875737,851.7277904132026,17.883108561938368,0.20716851703709618,8.333333333333332,-12.356017465566453,5.89454294266636,21.577796585123604,12,2,49,14,28.57142857142857,31,4,3.0,4.0,0.4848409791504074,0.5608088809895164,-0.540127753339023,2,16.666666666666664,-33.53485926287766,0.5022607796563009,47
LOW_TOUCH_CLOSE_ABOVE|wait=5|tol=-|retrace=-,adx_pullback,3,-0.5509888425834901,-1.1089843203039296,994.4901115741651,8.046282141586882,0.8891405762181931,25.0,-1.3774721064587254,2.578862537416532,7.770699918342949,4,10,49,14,28.57142857142857,31,4,3.0,4.0,0.4834840236480749,0.6726133067235979,-0.540127753339023,1,25.0,-9.275194973590965,0.7827116132363467,22
LOW_TOUCH_CLOSE_ABOVE|wait=5|tol=-|retrace=-,atr_adx_pullback,3,-0.5509888425834901,-1.1089843203039296,994.4901115741651,8.046282141586882,0.8891405762181931,25.0,-1.3774721064587254,2.578862537416532,7.770699918342949,4,10,49,14,28.57142857142857,31,4,3.0,4.0,0.4834840236480749,0.6726133067235979,-0.540127753339023,1,25.0,4.83944753256228,1.1436556732387233,20
LOW_TOUCH_CLOSE_ABOVE|wait=8|tol=-|retrace=-,pullback,3,-23.79602603285439,-42.21885993164809,762.0397396714561,33.056075558949864,0.2541251758456328,19.047619047619047,-11.33144096802591,13.861386138613863,35.364677255950944,21,0,49,21,42.857142857142854,24,4,4.333333333333333,4,0.37867026759529127,0.36463872550084236,-1.5056894785094146,4,19.047619047619047,-42.48312942935554,0.4122499001380822,49
LOW_TOUCH_CLOSE_ABOVE|wait=8|tol=-|retrace=-,atr_pullback,3,-22.268856286818345,-39.85779285087653,777.3114371318165,30.498827626257114,0.23857011937045405,15.789473684210526,-11.720450677272819,12.433801519686853,33.00018369304662,19,2,49,21,42.857142857142854,24,4,4.333333333333333,4,0.36973994738915095,0.36463872550084236,-1.5056894785094146,4,21.052631578947366,-33.53485926287766,0.5022607796563009,47
LOW_TOUCH_CLOSE_ABOVE|wait=8|tol=-|retrace=-,adx_pullback,3,-5.592008386489124,-10.96552472801815,944.0799161351088,12.351851771902517,0.5307948052423591,28.57142857142857,-7.98858340927021,5.8715173842965696,13.075347358989521,7,14,49,21,42.857142857142854,24,4,4.333333333333333,4,0.1428950710993022,0.24517278938508982,-1.5056894785094146,3,42.857142857142854,-9.275194973590965,0.7827116132363467,22
LOW_TOUCH_CLOSE_ABOVE|wait=8|tol=-|retrace=-,atr_adx_pullback,3,-5.592008386489124,-10.96552472801815,944.0799161351088,12.351851771902517,0.5307948052423591,28.57142857142857,-7.98858340927021,5.8715173842965696,13.075347358989521,7,14,49,21,42.857142857142854,24,4,4.333333333333333,4,0.1428950710993022,0.24517278938508982,-1.5056894785094146,3,42.857142857142854,4.83944753256228,1.1436556732387233,20
LOW_TOUCH|wait=2|tol=-|retrace=-,pullback,3,-5.176955733367981,-10.173704661681715,948.2304426663202,10.69332636789992,0.44870655816953947,12.5,-6.4711946667099625,3.545935988947732,15.18811703354208,8,0,49,8,16.3265306122449,40,1,1.5,1.5,0.7342089368458484,0.5279701715171488,-0.540127753339023,2,25.0,-42.48312942935554,0.4122499001380822,49
LOW_TOUCH|wait=2|tol=-|retrace=-,atr_pullback,3,-5.176955733367981,-10.173704661681715,948.2304426663202,10.69332636789992,0.44870655816953947,12.5,-6.4711946667099625,3.545935988947732,15.18811703354208,8,0,49,8,16.3265306122449,40,1,1.5,1.5,0.7342089368458484,0.5279701715171488,-0.540127753339023,2,25.0,-33.53485926287766,0.5022607796563009,47
LOW_TOUCH|wait=2|tol=-|retrace=-,adx_pullback,3,1.024222931675547,2.078052032580069,1010.2422293167555,8.046282141586875,1.2955958887934103,25.0,2.560557329188896,2.3946580704582088,7.877943681827601,4,4,49,8,16.3265306122449,40,1,1.5,1.5,1.0185557019792906,0.6726133067235979,-0.540127753339023,1,25.0,-9.275194973590965,0.7827116132363467,22
LOW_TOUCH|wait=2|tol=-|retrace=-,atr_adx_pullback,3,1.024222931675547,2.078052032580069,1010.2422293167555,8.046282141586875,1.2955958887934103,25.0,2.560557329188896,2.3946580704582088,7.877943681827601,4,4,49,8,16.3265306122449,40,1,1.5,1.5,1.0185557019792906,0.6726133067235979,-0.540127753339023,1,25.0,4.83944753256228,1.1436556732387233,20
LOW_TOUCH|wait=3|tol=-|retrace=-,pullback,3,-7.412591867179243,-14.39697510237119,925.8740813282076,15.999966757232356,0.47749256151552977,25.0,-6.177159889316026,6.332028551692378,22.37833317139037,12,0,49,12,24.489795918367346,36,1,2.0,2.0,1.285761692208618,0.8293066978527949,-0.540127753339023,2,16.666666666666664,-42.48312942935554,0.4122499001380822,49
LOW_TOUCH|wait=3|tol=-|retrace=-,atr_pullback,3,-6.936633755371588,-13.506454486663044,930.6336624462841,15.00320248333524,0.4185175314986563,20.0,-6.936633755371554,4.8583928160257885,18.982846821996308,10,2,49,12,24.489795918367346,36,1,2.0,2.0,1.304623174026839,0.8147072352989153,-0.540127753339023,2,20.0,-33.53485926287766,0.5022607796563009,47
LOW_TOUCH|wait=3|tol=-|retrace=-,adx_pullback,3,1.8901779162540377,3.851818365718551,1018.9017791625404,8.046282141586875,1.540878573011871,40.0,3.780355832508076,2.4407091871977893,9.955052829793438,5,7,49,12,24.489795918367346,36,1,2.0,2.0,1.9833069133629517,1.1000538240621058,-0.540127753339023,1,20.0,-9.275194973590965,0.7827116132363467,22
LOW_TOUCH|wait=3|tol=-|retrace=-,atr_adx_pullback,3,1.8901779162540377,3.851818365718551,1018.9017791625404,8.046282141586875,1.540878573011871,40.0,3.780355832508076,2.4407091871977893,9.955052829793438,5,7,49,12,24.489795918367346,36,1,2.0,2.0,1.9833069133629517,1.1000538240621058,-0.540127753339023,1,20.0,4.83944753256228,1.1436556732387233,20
LOW_TOUCH|wait=5|tol=-|retrace=-,pullback,3,-15.390569417812616,-28.631992151798446,846.0943058218738,21.420734184739732,0.2921244935054019,17.647058823529413,-9.053276128125063,7.598434262030854,30.42600745193103,17,0,49,17,34.69387755102041,31,1,2.588235294117647,3,1.1340678620479856,0.672066172669321,-0.540127753339023,2,11.76470588235294,-42.48312942935554,0.4122499001380822,49
LOW_TOUCH|wait=5|tol=-|retrace=-,atr_pullback,3,-14.955623180163958,-27.8895571459463,850.4437681983604,18.703755448527463,0.24011160194560485,13.333333333333334,-9.97041545344263,6.124798526364264,27.402253984385066,15,2,49,17,34.69387755102041,31,1,2.588235294117647,3,1.1264163392387154,0.672066172669321,-0.540127753339023,2,13.333333333333334,-33.53485926287766,0.5022607796563009,47
LOW_TOUCH|wait=5|tol=-|retrace=-,adx_pullback,3,-0.9751252532393437,-1.9584004804276467,990.2487474676066,8.04628214158687,0.8435449586595167,33.33333333333333,-1.6252087553988872,2.670964770895694,11.721376533978841,6,11,49,17,34.69387755102041,31,1,2.588235294117647,3,1.840895300216481,1.1144455292731164,-0.540127753339023,1,16.666666666666664,-9.275194973590965,0.7827116132363467,22
LOW_TOUCH|wait=5|tol=-|retrace=-,atr_adx_pullback,3,-0.9751252532393437,-1.9584004804276467,990.2487474676066,8.04628214158687,0.8435449586595167,33.33333333333333,-1.6252087553988872,2.670964770895694,11.721376533978841,6,11,49,17,34.69387755102041,31,1,2.588235294117647,3,1.840895300216481,1.1144455292731164,-0.540127753339023,1,16.666666666666664,4.83944753256228,1.1436556732387233,20
LOW_TOUCH|wait=8|tol=-|retrace=-,pullback,3,-26.547832987524707,-46.35286609707882,734.521670124753,35.662820470796234,0.26185783768063775,21.428571428571427,-9.481368924115973,17.476398802670964,46.93628218447161,28,0,49,28,57.14285714285714,20,1,4.357142857142857,4.0,0.8302586634334024,0.5854135051632451,-1.5056894785094146,4,14.285714285714285,-42.48312942935554,0.4122499001380822,49
LOW_TOUCH|wait=8|tol=-|retrace=-,atr_pullback,3,-26.17024217442746,-45.79477975875913,738.2975782557254,33.98714492249712,0.2356159554536376,19.230769230769234,-10.065477759395172,16.002763067004373,44.48597090022838,26,2,49,28,57.14285714285714,20,1,4.357142857142857,4.0,0.8024743849961632,0.5728681485261902,-1.5056894785094146,4,15.384615384615385,-33.53485926287766,0.5022607796563009,47
LOW_TOUCH|wait=8|tol=-|retrace=-,adx_pullback,3,-5.113358962937229,-10.052064870540223,948.8664103706277,12.351851771902506,0.6052802323745008,40.0,-5.113358962937241,7.920792079207921,18.900201146825843,10,18,49,28,57.14285714285714,20,1,4.357142857142857,4.0,1.10508167778579,0.7817520926821568,-1.5056894785094146,3,30.0,-9.275194973590965,0.7827116132363467,22
LOW_TOUCH|wait=8|tol=-|retrace=-,atr_adx_pullback,3,-5.113358962937229,-10.052064870540223,948.8664103706277,12.351851771902506,0.6052802323745008,40.0,-5.113358962937241,7.920792079207921,18.900201146825843,10,18,49,28,57.14285714285714,20,1,4.357142857142857,4.0,1.10508167778579,0.7817520926821568,-1.5056894785094146,3,30.0,4.83944753256228,1.1436556732387233,20
CLOSE_NEAR_EMA|wait=2|tol=0.0025|retrace=-,pullback,3,6.405355817892451,13.350264696899439,1064.0535581789245,8.352273452800045,3.2251894063126536,50.0,10.675593029820769,6.147824084734054,12.206008135860447,6,0,49,6,12.244897959183673,41,2,1.5,1.5,0.5527684160269465,0.4652396066986494,-0.008750228699169312,1,16.666666666666664,-42.48312942935554,0.4122499001380822,49
CLOSE_NEAR_EMA|wait=2|tol=0.0025|retrace=-,atr_pullback,3,4.399627285220367,9.079104627167078,1043.9962728522037,8.046282141586879,2.528409085323486,40.0,8.799254570440757,4.9504950495049505,10.096893186152464,5,1,49,6,12.244897959183673,41,2,1.5,1.5,0.5766633701451972,0.4971855679616056,-0.008750228699169312,1,20.0,-33.53485926287766,0.5022607796563009,47
CLOSE_NEAR_EMA|wait=2|tol=0.0025|retrace=-,adx_pullback,3,3.712549541636645,7.635017255456433,1037.1254954163664,8.04628214158687,5.143117256929931,50.0,18.56274770818328,2.1413769283905135,4.021234162607044,2,4,49,6,12.244897959183673,41,2,1.5,1.5,0.5456517976814682,0.5456517976814682,-0.008750228699169312,1,50.0,-9.275194973590965,0.7827116132363467,22
CLOSE_NEAR_EMA|wait=2|tol=0.0025|retrace=-,atr_adx_pullback,3,3.712549541636645,7.635017255456433,1037.1254954163664,8.04628214158687,5.143117256929931,50.0,18.56274770818328,2.1413769283905135,4.021234162607044,2,4,49,6,12.244897959183673,41,2,1.5,1.5,0.5456517976814682,0.5456517976814682,-0.008750228699169312,1,50.0,4.83944753256228,1.1436556732387233,20
CLOSE_NEAR_EMA|wait=3|tol=0.0025|retrace=-,pullback,3,-0.23270695326154966,-0.4691342899557638,997.6729304673845,9.642952223534158,0.9741256664965576,30.0,-0.23270695326157237,8.38130324660373,19.35936233632484,10,0,49,10,20.408163265306122,37,2,2.1,2.0,0.5472538420961344,0.4652396066986494,-0.008750228699169312,1,10.0,-42.48312942935554,0.4122499001380822,49
CLOSE_NEAR_EMA|wait=3|tol=0.0025|retrace=-,atr_pullback,3,-2.1133087777953734,-4.2195645202105165,978.8669122220463,9.642952223534158,0.7650243993742325,22.22222222222222,-2.3481208642171065,7.183974211374626,17.38182382203334,9,1,49,10,20.408163265306122,37,2,2.1,2.0,0.5599160861695167,0.4971855679616056,-0.008750228699169312,1,11.11111111111111,-33.53485926287766,0.5022607796563009,47
CLOSE_NEAR_EMA|wait=3|tol=0.0025|retrace=-,adx_pullback,3,3.1409747993868224,6.44109066044436,1031.4097479938682,8.046282141586882,3.1778261220278408,33.33333333333333,10.469915997956036,2.348606953718628,5.994556904980289,3,7,49,10,20.408163265306122,37,2,2.1,2.0,0.5327614948532979,0.5069808891969574,-0.008750228699169312,1,33.33333333333333,-9.275194973590965,0.7827116132363467,22
CLOSE_NEAR_EMA|wait=3|tol=0.0025|retrace=-,atr_adx_pullback,3,3.1409747993868224,6.44109066044436,1031.4097479938682,8.046282141586882,3.1778261220278408,33.33333333333333,10.469915997956036,2.348606953718628,5.994556904980289,3,7,49,10,20.408163265306122,37,2,2.1,2.0,0.5327614948532979,0.5069808891969574,-0.008750228699169312,1,33.33333333333333,4.83944753256228,1.1436556732387233,20
CLOSE_NEAR_EMA|wait=5|tol=0.0025|retrace=-,pullback,3,-8.216927603520492,-15.89132401950838,917.8307239647951,12.727815783823226,0.5000205085901533,21.428571428571427,-5.869234002514645,9.578632281832835,25.85674366483807,14,0,49,14,28.57142857142857,32,3,2.7142857142857144,3.0,0.5925860831593487,0.5020832285792816,-0.008750228699169312,1,7.142857142857142,-42.48312942935554,0.4122499001380822,49
CLOSE_NEAR_EMA|wait=5|tol=0.0025|retrace=-,atr_pullback,3,-9.947027801080015,-19.06062952864459,900.5297219891999,12.727815783823226,0.3947482391237328,15.384615384615385,-7.651559846984626,8.38130324660373,24.037464469410637,13,1,49,14,28.57142857142857,32,3,2.7142857142857144,3.0,0.6048393475996299,0.5069808891969574,-0.008750228699169312,1,7.6923076923076925,-33.53485926287766,0.5022607796563009,47
CLOSE_NEAR_EMA|wait=5|tol=0.0025|retrace=-,adx_pullback,3,0.24049736337505007,0.4860092695553986,1002.4049736337505,8.046282141586868,1.0570731718288404,25.0,0.6012434084375968,2.578862537416532,7.798832425171376,4,10,49,14,28.57142857142857,32,3,2.7142857142857144,3.0,0.6817804297610052,0.8035173566295316,-0.008750228699169312,1,25.0,-9.275194973590965,0.7827116132363467,22
CLOSE_NEAR_EMA|wait=5|tol=0.0025|retrace=-,atr_adx_pullback,3,0.24049736337505007,0.4860092695553986,1002.4049736337505,8.046282141586868,1.0570731718288404,25.0,0.6012434084375968,2.578862537416532,7.798832425171376,4,10,49,14,28.57142857142857,32,3,2.7142857142857144,3.0,0.6817804297610052,0.8035173566295316,-0.008750228699169312,1,25.0,4.83944753256228,1.1436556732387233,20
CLOSE_NEAR_EMA|wait=8|tol=0.0025|retrace=-,pullback,3,-20.10209397844577,-36.42600655577505,798.9790602155423,29.950182657545003,0.3133466521824549,21.73913043478261,-8.740040860193803,16.186967533962697,39.154483995076,23,0,49,23,46.93877551020408,22,4,4.3478260869565215,4,0.613011881703874,0.5385015608740847,-0.008750228699169312,1,4.3478260869565215,-42.48312942935554,0.4122499001380822,49
CLOSE_NEAR_EMA|wait=8|tol=0.0025|retrace=-,atr_pullback,3,-18.75747666394417,-34.24803795154848,812.4252333605583,27.40285298794643,0.2961589464872562,19.047619047619047,-8.93213174473533,14.75938291503569,36.796426972838056,21,2,49,23,46.93877551020408,22,4,4.3478260869565215,4,0.6123195545780414,0.5385015608740847,-0.008750228699169312,1,4.761904761904762,-33.53485926287766,0.5022607796563009,47
CLOSE_NEAR_EMA|wait=8|tol=0.0025|retrace=-,adx_pullback,3,-1.4198016636302329,-2.8449821631337135,985.8019833636977,8.643763295431754,0.7792479739827526,33.33333333333333,-2.366336106050388,4.9044439327653695,11.54096947557246,6,17,49,23,46.93877551020408,22,4,4.3478260869565215,4,0.715104317401389,0.7817520926821568,-0.008750228699169312,1,16.666666666666664,-9.275194973590965,0.7827116132363467,22
CLOSE_NEAR_EMA|wait=8|tol=0.0025|retrace=-,atr_adx_pullback,3,-1.4198016636302329,-2.8449821631337135,985.8019833636977,8.643763295431754,0.7792479739827526,33.33333333333333,-2.366336106050388,4.9044439327653695,11.54096947557246,6,17,49,23,46.93877551020408,22,4,4.3478260869565215,4,0.715104317401389,0.7817520926821568,-0.008750228699169312,1,16.666666666666664,4.83944753256228,1.1436556732387233,20
CLOSE_NEAR_EMA|wait=2|tol=0.0050|retrace=-,pullback,3,-0.5238880115933853,-1.0545839377954946,994.7611198840661,8.498917034651898,0.9504503266463027,38.46153846153847,-0.4029907781487579,12.36472484457748,25.049249567061622,13,0,49,13,26.53061224489796,34,2,1.1538461538461537,1,0.3420666743411264,0.22416799187630468,-0.0704992156500823,3,23.076923076923077,-42.48312942935554,0.4122499001380822,49
CLOSE_NEAR_EMA|wait=2|tol=0.0050|retrace=-,atr_pullback,3,-0.5238880115933853,-1.0545839377954946,994.7611198840661,8.498917034651898,0.9504503266463027,38.46153846153847,-0.4029907781487579,12.36472484457748,25.049249567061622,13,0,49,13,26.53061224489796,34,2,1.1538461538461537,1,0.3420666743411264,0.22416799187630468,-0.0704992156500823,3,23.076923076923077,-33.53485926287766,0.5022607796563009,47
CLOSE_NEAR_EMA|wait=2|tol=0.0050|retrace=-,adx_pullback,3,2.917272771348212,5.975643012101894,1029.1727277134821,8.046282141586888,2.761623449543425,33.33333333333333,9.724242571160707,2.3946580704582088,5.983724231438358,3,10,49,13,26.53061224489796,34,2,1.1538461538461537,1,0.46067514967060613,0.29072185364888187,-0.008750228699169312,1,33.33333333333333,-9.275194973590965,0.7827116132363467,22
CLOSE_NEAR_EMA|wait=2|tol=0.0050|retrace=-,atr_adx_pullback,3,2.917272771348212,5.975643012101894,1029.1727277134821,8.046282141586888,2.761623449543425,33.33333333333333,9.724242571160707,2.3946580704582088,5.983724231438358,3,10,49,13,26.53061224489796,34,2,1.1538461538461537,1,0.46067514967060613,0.29072185364888187,-0.008750228699169312,1,33.33333333333333,4.83944753256228,1.1436556732387233,20
CLOSE_NEAR_EMA|wait=3|tol=0.0050|retrace=-,pullback,3,-2.1972232303885675,-4.385218940886515,978.0277676961143,9.694168580402005,0.8190742678529316,35.714285714285715,-1.5694451645632626,13.055491595671196,26.782938784717725,14,0,49,14,28.57142857142857,33,2,1.2857142857142858,1.0,0.32353460690716196,0.20011482181820905,-0.0704992156500823,3,21.428571428571427,-42.48312942935554,0.4122499001380822,49
CLOSE_NEAR_EMA|wait=3|tol=0.0050|retrace=-,atr_pullback,3,-2.1972232303885675,-4.385218940886515,978.0277676961143,9.694168580402005,0.8190742678529316,35.714285714285715,-1.5694451645632626,13.055491595671196,26.782938784717725,14,0,49,14,28.57142857142857,33,2,1.2857142857142858,1.0,0.32353460690716196,0.20011482181820905,-0.0704992156500823,3,21.428571428571427,-33.53485926287766,0.5022607796563009,47
CLOSE_NEAR_EMA|wait=3|tol=0.0050|retrace=-,adx_pullback,3,2.917272771348212,5.975643012101894,1029.1727277134821,8.046282141586888,2.761623449543425,33.33333333333333,9.724242571160707,2.3946580704582088,5.983724231438358,3,11,49,14,28.57142857142857,33,2,1.2857142857142858,1.0,0.46067514967060613,0.29072185364888187,-0.008750228699169312,1,33.33333333333333,-9.275194973590965,0.7827116132363467,22
CLOSE_NEAR_EMA|wait=3|tol=0.0050|retrace=-,atr_adx_pullback,3,2.917272771348212,5.975643012101894,1029.1727277134821,8.046282141586888,2.761623449543425,33.33333333333333,9.724242571160707,2.3946580704582088,5.983724231438358,3,11,49,14,28.57142857142857,33,2,1.2857142857142858,1.0,0.46067514967060613,0.29072185364888187,-0.008750228699169312,1,33.33333333333333,4.83944753256228,1.1436556732387233,20
CLOSE_NEAR_EMA|wait=5|tol=0.0050|retrace=-,pullback,3,-14.25156092293663,-26.679534948323315,857.4843907706337,18.75646200818963,0.3916721553520994,28.57142857142857,-6.7864575823507876,16.71655537646788,37.351063416249154,21,0,49,21,42.857142857142854,25,3,2.238095238095238,1,0.408080149873816,0.2257863593896053,-0.0704992156500823,3,14.285714285714285,-42.48312942935554,0.4122499001380822,49
CLOSE_NEAR_EMA|wait=5|tol=0.0050|retrace=-,atr_pullback,3,-14.25156092293663,-26.679534948323315,857.4843907706337,18.75646200818963,0.3916721553520994,28.57142857142857,-6.7864575823507876,16.71655537646788,37.351063416249154,21,0,49,21,42.857142857142854,25,3,2.238095238095238,1,0.408080149873816,0.2257863593896053,-0.0704992156500823,3,14.285714285714285,-33.53485926287766,0.5022607796563009,47
CLOSE_NEAR_EMA|wait=5|tol=0.0050|retrace=-,adx_pullback,3,-1.2673117622086691,-2.5414104581902963,987.3268823779133,8.841905454399496,0.7837864258467645,33.33333333333333,-2.1121862703477823,4.9044439327653695,11.56096241812327,6,15,49,21,42.857142857142854,25,3,2.238095238095238,1,0.6462398034039746,0.6953878388554938,-0.008750228699169312,1,16.666666666666664,-9.275194973590965,0.7827116132363467,22
CLOSE_NEAR_EMA|wait=5|tol=0.0050|retrace=-,atr_adx_pullback,3,-1.2673117622086691,-2.5414104581902963,987.3268823779133,8.841905454399496,0.7837864258467645,33.33333333333333,-2.1121862703477823,4.9044439327653695,11.56096241812327,6,15,49,21,42.857142857142854,25,3,2.238095238095238,1,0.6462398034039746,0.6953878388554938,-0.008750228699169312,1,16.666666666666664,4.83944753256228,1.1436556732387233,20
CLOSE_NEAR_EMA|wait=8|tol=0.0050|retrace=-,pullback,3,1.3830450500634925,2.8111694468849313,1013.8304505006349,32.63554580962249,1.0391895670190512,28.57142857142857,0.4939446607369819,23.969606262951874,50.232007416397245,28,0,49,28,57.14285714285714,18,3,3.4642857142857144,3.5,0.42802364344043115,0.3164245416210323,-0.11319392799334704,4,14.285714285714285,-42.48312942935554,0.4122499001380822,49
CLOSE_NEAR_EMA|wait=8|tol=0.0050|retrace=-,atr_pullback,3,5.069793259380549,10.497002622166862,1050.6979325938055,30.18586814670206,1.1541691769180462,29.629629629629626,1.8777012071779768,23.739350679253974,49.91806714801284,27,1,49,28,57.14285714285714,18,3,3.4642857142857144,3.5,0.4139775195821308,0.29072185364888187,-0.11319392799334704,4,14.814814814814813,-33.53485926287766,0.5022607796563009,47
CLOSE_NEAR_EMA|wait=8|tol=0.0050|retrace=-,adx_pullback,3,29.01434377460555,67.22815999088168,1290.1434377460555,9.949811664997,4.391112298098656,37.5,36.26792971825694,8.496431038452682,17.98494281397392,8,20,49,28,57.14285714285714,18,3,3.4642857142857144,3.5,0.5821259844596366,0.5917424184477373,-0.11319392799334704,2,25.0,-9.275194973590965,0.7827116132363467,22
CLOSE_NEAR_EMA|wait=8|tol=0.0050|retrace=-,atr_adx_pullback,3,29.01434377460555,67.22815999088168,1290.1434377460555,9.949811664997,4.391112298098656,37.5,36.26792971825694,8.496431038452682,17.98494281397392,8,20,49,28,57.14285714285714,18,3,3.4642857142857144,3.5,0.5821259844596366,0.5917424184477373,-0.11319392799334704,2,25.0,4.83944753256228,1.1436556732387233,20
CLOSE_NEAR_EMA|wait=2|tol=0.0075|retrace=-,pullback,3,-7.145424862643972,-13.897676469991449,928.5457513735603,20.44717250078402,0.6247869776228183,36.84210526315789,-3.760749927707348,18.81188118811881,35.54087025833914,19,0,49,19,38.775510204081634,28,2,1.105263157894737,1,0.23055517774335438,0.19231194323482054,-0.36051373206819665,7,36.84210526315789,-42.48312942935554,0.4122499001380822,49
CLOSE_NEAR_EMA|wait=2|tol=0.0075|retrace=-,atr_pullback,3,-7.145424862643972,-13.897676469991449,928.5457513735603,20.44717250078402,0.6247869776228183,36.84210526315789,-3.760749927707348,18.81188118811881,35.54087025833914,19,0,49,19,38.775510204081634,28,2,1.105263157894737,1,0.23055517774335438,0.19231194323482054,-0.36051373206819665,7,36.84210526315789,-33.53485926287766,0.5022607796563009,47
CLOSE_NEAR_EMA|wait=2|tol=0.0075|retrace=-,adx_pullback,3,4.934280720367588,10.209547852367585,1049.3428072036759,8.517340590386596,3.9223402325038323,50.0,12.33570180091894,5.457057333640341,8.121614269004157,4,15,49,19,38.775510204081634,28,2,1.105263157894737,1,0.4182506993747787,0.2908496010680892,-0.008750228699169312,1,25.0,-9.275194973590965,0.7827116132363467,22
CLOSE_NEAR_EMA|wait=2|tol=0.0075|retrace=-,atr_adx_pullback,3,4.934280720367588,10.209547852367585,1049.3428072036759,8.517340590386596,3.9223402325038323,50.0,12.33570180091894,5.457057333640341,8.121614269004157,4,15,49,19,38.775510204081634,28,2,1.105263157894737,1,0.4182506993747787,0.2908496010680892,-0.008750228699169312,1,25.0,4.83944753256228,1.1436556732387233,20
CLOSE_NEAR_EMA|wait=3|tol=0.0075|retrace=-,pullback,3,-8.253728640847429,-15.959377808313901,917.4627135915257,22.69060861868888,0.6150162630835543,40.909090909090914,-3.7516948367488423,23.14068616163942,40.98858585822087,22,0,49,22,44.89795918367347,25,2,1.3636363636363635,1.0,0.29374469508005074,0.20823996755556262,-0.36051373206819665,7,31.818181818181817,-42.48312942935554,0.4122499001380822,49
CLOSE_NEAR_EMA|wait=3|tol=0.0075|retrace=-,atr_pullback,3,-5.864177456149275,-11.48283720784523,941.3582254385072,20.677069048886235,0.6962429015792595,42.857142857142854,-2.792465455309179,22.841353902832143,39.854830707635024,21,1,49,22,44.89795918367347,25,2,1.3636363636363635,1.0,0.22225849646221638,0.19231194323482054,-0.36051373206819665,7,33.33333333333333,-33.53485926287766,0.5022607796563009,47
CLOSE_NEAR_EMA|wait=3|tol=0.0075|retrace=-,adx_pullback,3,4.939804996280326,10.22125878689586,1049.3980499628033,8.841905454399486,3.9254579878465754,60.0,9.879609992560654,7.506332028551692,10.16220649084353,5,17,49,22,44.89795918367347,25,2,1.3636363636363635,1.0,0.337714854112094,0.29072185364888187,-0.008750228699169312,1,20.0,-9.275194973590965,0.7827116132363467,22
CLOSE_NEAR_EMA|wait=3|tol=0.0075|retrace=-,atr_adx_pullback,3,4.939804996280326,10.22125878689586,1049.3980499628033,8.841905454399486,3.9254579878465754,60.0,9.879609992560654,7.506332028551692,10.16220649084353,5,17,49,22,44.89795918367347,25,2,1.3636363636363635,1.0,0.337714854112094,0.29072185364888187,-0.008750228699169312,1,20.0,4.83944753256228,1.1436556732387233,20
CLOSE_NEAR_EMA|wait=5|tol=0.0075|retrace=-,pullback,3,-14.473932190659388,-27.062806453080444,855.2606780934061,26.225886500746697,0.46769032570155106,36.0,-5.7895728762637555,23.739350679253974,45.17949671095624,25,0,49,25,51.02040816326531,21,3,1.68,1,0.36372367794811533,0.251944639364577,-0.36051373206819665,7,28.000000000000004,-42.48312942935554,0.4122499001380822,49
CLOSE_NEAR_EMA|wait=5|tol=0.0075|retrace=-,atr_pullback,3,-12.246387532671541,-23.177705418817464,877.5361246732846,24.304423996596565,0.5141659569631603,37.5,-5.102661471946476,23.440018420446695,44.15489472643111,24,1,49,25,51.02040816326531,21,3,1.68,1,0.30408904511034623,0.23805631562044083,-0.36051373206819665,7,29.166666666666668,-33.53485926287766,0.5022607796563009,47
CLOSE_NEAR_EMA|wait=5|tol=0.0075|retrace=-,adx_pullback,3,0.14101710101700746,0.2848303312330325,1001.4101710101701,12.696151367372533,1.0224769326093655,42.857142857142854,0.20145300145288406,8.012894312687083,13.766289004486486,7,18,49,25,51.02040816326531,21,3,1.68,1,0.5210309649761308,0.2909773484872965,-0.008750228699169312,1,14.285714285714285,-9.275194973590965,0.7827116132363467,22
CLOSE_NEAR_EMA|wait=5|tol=0.0075|retrace=-,atr_adx_pullback,3,0.14101710101700746,0.2848303312330325,1001.4101710101701,12.696151367372533,1.0224769326093655,42.857142857142854,0.20145300145288406,8.012894312687083,13.766289004486486,7,18,49,25,51.02040816326531,21,3,1.68,1,0.5210309649761308,0.2909773484872965,-0.008750228699169312,1,14.285714285714285,4.83944753256228,1.1436556732387233,20
CLOSE_NEAR_EMA|wait=8|tol=0.0075|retrace=-,pullback,3,1.5941954572123564,3.2438127010186113,1015.9419545721236,34.18988293921778,1.040748322194093,36.36363636363637,0.4830895324885894,32.903522910430574,59.349452412434964,33,0,49,33,67.3469387755102,13,3,2.9696969696969697,1,0.3436000983407572,0.251944639364577,-0.36051373206819665,11,33.33333333333333,-42.48312942935554,0.4122499001380822,49
CLOSE_NEAR_EMA|wait=8|tol=0.0075|retrace=-,atr_pullback,3,4.240237923209702,8.743237946218763,1042.402379232097,32.475844419089675,1.1132243655598826,37.5,1.325074351003046,32.6041906516233,58.69390994315748,32,1,49,33,67.3469387755102,13,3,2.9696969696969697,1,0.29824526184970046,0.23805631562044083,-0.36051373206819665,11,34.375,-33.53485926287766,0.5022607796563009,47
CLOSE_NEAR_EMA|wait=8|tol=0.0075|retrace=-,adx_pullback,3,26.37948449920482,60.40646683809376,1263.7948449920482,18.587180679443964,2.816850256770627,46.15384615384615,20.291911153234476,16.117890858853325,27.84290380986328,13,20,49,33,67.3469387755102,13,3,2.9696969696969697,1,0.41058693719051065,0.2909773484872965,-0.17364063902918953,4,30.76923076923077,-9.275194973590965,0.7827116132363467,22
CLOSE_NEAR_EMA|wait=8|tol=0.0075|retrace=-,atr_adx_pullback,3,26.37948449920482,60.40646683809376,1263.7948449920482,18.587180679443964,2.816850256770627,46.15384615384615,20.291911153234476,16.117890858853325,27.84290380986328,13,20,49,33,67.3469387755102,13,3,2.9696969696969697,1,0.41058693719051065,0.2909773484872965,-0.17364063902918953,4,30.76923076923077,4.83944753256228,1.1436556732387233,20
PERCENT_RETRACE|wait=2|tol=-|retrace=0.0025,pullback,3,-13.273371466466163,-24.98152499721751,867.2662853353384,28.97417265471869,0.4616601943085652,33.33333333333333,-7.374095259147875,17.982961086806355,32.053792808272675,18,0,49,18,36.734693877551024,30,1,1.1111111111111112,1.0,0.6532028226499487,0.4018349380235596,0.251944639364577,0,0.0,-42.48312942935554,0.4122499001380822,49
PERCENT_RETRACE|wait=2|tol=-|retrace=0.0025,atr_pullback,3,-9.659593241905338,-18.538343087035802,903.4040675809466,26.014625021173245,0.5480836612554448,35.294117647058826,-5.682113671709002,17.637577711259496,31.121538139908004,17,1,49,18,36.734693877551024,30,1,1.1111111111111112,1.0,0.674002695447354,0.4069589070762115,0.251944639364577,0,0.0,-33.53485926287766,0.5022607796563009,47
PERCENT_RETRACE|wait=2|tol=-|retrace=0.0025,adx_pullback,3,-8.780915612126467,-16.931219922154916,912.1908438787353,20.06906087358141,0.4609869410872051,30.0,-8.780915612126455,9.716785632051577,18.47313189998993,10,8,49,18,36.734693877551024,30,1,1.1111111111111112,1.0,0.7461657398379458,0.3750200085072669,0.29072185364888187,0,0.0,-9.275194973590965,0.7827116132363467,22
PERCENT_RETRACE|wait=2|tol=-|retrace=0.0025,atr_adx_pullback,3,-4.979942988155233,-9.796613932382403,950.2005701184477,16.738449593424626,0.6085263226295066,33.33333333333333,-5.533269986839135,9.37140225650472,17.089941227846705,9,9,49,18,36.734693877551024,30,1,1.1111111111111112,1.0,0.7957836014761558,0.39671096897090763,0.29072185364888187,0,0.0,4.83944753256228,1.1436556732387233,20
PERCENT_RETRACE|wait=3|tol=-|retrace=0.0025,pullback,3,-22.888113579114442,-40.820940623338586,771.1188642088556,36.84828265771867,0.3166937508565355,30.0,-11.444056789557226,19.34146903062399,33.87244139504883,20,0,49,20,40.816326530612244,28,1,1.3,1.0,0.6869994474207167,0.44447803060180746,0.251944639364577,0,0.0,-42.48312942935554,0.4122499001380822,49
PERCENT_RETRACE|wait=3|tol=-|retrace=0.0025,atr_pullback,3,-12.491223101104254,-23.60970376992154,875.0877689889575,28.333622737168174,0.4783568193619978,33.33333333333333,-6.939568389502351,18.535574487681323,32.36517135007988,18,2,49,20,40.816326530612244,28,1,1.3,1.0,0.663335720929579,0.44447803060180746,0.251944639364577,0,0.0,-33.53485926287766,0.5022607796563009,47
PERCENT_RETRACE|wait=3|tol=-|retrace=0.0025,adx_pullback,3,-18.893703195033336,-34.470378551532846,811.0629680496667,28.930414987273778,0.2706688315698754,25.0,-15.744752662527778,11.075293575869214,21.01066017078383,12,8,49,20,40.816326530612244,28,1,1.3,1.0,0.7869996282578932,0.4018349380235596,0.29072185364888187,0,0.0,-9.275194973590965,0.7827116132363467,22
PERCENT_RETRACE|wait=3|tol=-|retrace=0.0025,atr_adx_pullback,3,-7.958251812666049,-15.412187232778784,920.4174818733395,19.3481997674057,0.48716385010815694,30.0,-7.958251812666049,10.269399032926549,18.59477147407841,10,10,49,20,40.816326530612244,28,1,1.3,1.0,0.7644049567412806,0.4018349380235596,0.29072185364888187,0,0.0,4.83944753256228,1.1436556732387233,20
PERCENT_RETRACE|wait=5|tol=-|retrace=0.0025,pullback,3,-26.034349386174643,-45.59321451675346,739.6565061382536,38.20683168567012,0.2915191617159153,28.000000000000004,-10.413739754469862,21.920331568040524,41.24999194278783,25,0,49,25,51.02040816326531,23,1,1.92,1,0.7064859696622798,0.48199715412740346,0.251944639364577,0,0.0,-42.48312942935554,0.4122499001380822,49
PERCENT_RETRACE|wait=5|tol=-|retrace=0.0025,atr_pullback,3,-16.061661591074575,-29.769913483440668,839.3833840892543,29.87534307771759,0.4188003043963714,30.434782608695656,-6.983331126554157,21.11443702509786,40.57691196555486,23,2,49,25,51.02040816326531,23,1,1.92,1,0.6896610117336993,0.48199715412740346,0.251944639364577,0,0.0,-33.53485926287766,0.5022607796563009,47
PERCENT_RETRACE|wait=5|tol=-|retrace=0.0025,adx_pullback,3,-18.610254222458092,-34.00732325872926,813.8974577754191,29.194820183184362,0.2817105681213923,30.76923076923077,-14.315580171121601,13.078517154040986,22.60124480144043,13,12,49,25,51.02040816326531,23,1,1.92,1,0.7540406697178723,0.39671096897090763,0.29072185364888187,0,0.0,-9.275194973590965,0.7827116132363467,22
PERCENT_RETRACE|wait=5|tol=-|retrace=0.0025,atr_adx_pullback,3,-7.636585801696935,-14.814460074544765,923.6341419830306,19.64825435527506,0.5080221436709991,36.36363636363637,-6.942350728815385,12.272622611098319,20.39981246118674,11,14,49,25,51.02040816326531,23,1,1.92,1,0.727507521331857,0.39671096897090763,0.29072185364888187,0,0.0,4.83944753256228,1.1436556732387233,20
PERCENT_RETRACE|wait=8|tol=-|retrace=0.0025,pullback,3,-34.237899921558586,-57.08531567819208,657.6210007844142,44.70930833276756,0.22510919664738763,22.58064516129032,-11.044483845664049,24.407091871977897,48.11918072421282,31,0,49,31,63.26530612244898,17,1,2.903225806451613,1,0.6620311316617921,0.48199715412740346,0.25039638615490145,0,0.0,-42.48312942935554,0.4122499001380822,49
PERCENT_RETRACE|wait=8|tol=-|retrace=0.0025,atr_pullback,3,-25.37128565683066,-44.604299519230416,746.2871434316934,37.2545397828187,0.29691993362057556,24.137931034482758,-8.748719192010578,23.60119732903523,47.952253688528444,29,2,49,31,63.26530612244898,17,1,2.903225806451613,1,0.6456213486149531,0.48199715412740346,0.25039638615490145,0,0.0,-33.53485926287766,0.5022607796563009,47
PERCENT_RETRACE|wait=8|tol=-|retrace=0.0025,adx_pullback,3,-20.99180095535238,-37.846778842932494,790.0819904464762,30.827500641704614,0.2541556108134248,26.666666666666668,-13.99453397023492,13.608104996546167,25.565959193531143,15,16,49,31,63.26530612244898,17,1,2.903225806451613,1,0.7299630706348458,0.39671096897090763,0.25415436994375484,0,0.0,-9.275194973590965,0.7827116132363467,22
PERCENT_RETRACE|wait=8|tol=-|retrace=0.0025,atr_adx_pullback,3,-10.339233232543506,-19.77055691908469,896.6076676745649,21.501066893306024,0.4275897976180923,30.76923076923077,-7.953256332725757,12.802210453603498,23.65096444143189,13,18,49,31,63.26530612244898,17,1,2.903225806451613,1,0.7038076990646751,0.39671096897090763,0.25415436994375484,0,0.0,4.83944753256228,1.1436556732387233,20
PERCENT_RETRACE|wait=2|tol=-|retrace=0.0050,pullback,3,-9.596854223268906,-18.424117029892617,904.0314577673109,13.70044236156416,0.36362487461034976,22.22222222222222,-10.663171359187649,6.0326962928851025,16.385582171999395,9,0,49,9,18.367346938775512,39,1,1.3333333333333333,1,1.159763042542244,0.8308553116440689,0.5587547750726919,0,0.0,-42.48312942935554,0.4122499001380822,49
PERCENT_RETRACE|wait=2|tol=-|retrace=0.0050,atr_pullback,3,-9.596854223268906,-18.424117029892617,904.0314577673109,13.70044236156416,0.36362487461034976,22.22222222222222,-10.663171359187649,6.0326962928851025,16.385582171999395,9,0,49,9,18.367346938775512,39,1,1.3333333333333333,1,1.159763042542244,0.8308553116440689,0.5587547750726919,0,0.0,-33.53485926287766,0.5022607796563009,47
PERCENT_RETRACE|wait=2|tol=-|retrace=0.0050,adx_pullback,3,-3.9053184268439853,-7.72570507837933,960.9468157315602,8.616901414531993,0.5977710342072272,33.33333333333333,-6.508864044739994,3.8913193644945885,11.289737884094745,6,3,49,9,18.367346938775512,39,1,1.3333333333333333,1,1.3295996001063826,0.9105896262998783,0.5770514879717007,0,0.0,-9.275194973590965,0.7827116132363467,22
PERCENT_RETRACE|wait=2|tol=-|retrace=0.0050,atr_adx_pullback,3,-3.9053184268439853,-7.72570507837933,960.9468157315602,8.616901414531993,0.5977710342072272,33.33333333333333,-6.508864044739994,3.8913193644945885,11.289737884094745,6,3,49,9,18.367346938775512,39,1,1.3333333333333333,1,1.3295996001063826,0.9105896262998783,0.5770514879717007,0,0.0,4.83944753256228,1.1436556732387233,20
PERCENT_RETRACE|wait=3|tol=-|retrace=0.0050,pullback,3,-17.956882160941802,-32.933677458410415,820.431178390582,23.237688954150578,0.2709835745042094,21.428571428571427,-12.826344400672708,10.223347916186967,23.93516073608633,14,0,49,14,28.57142857142857,34,1,1.9285714285714286,2.0,1.1168827683980425,0.8195581221583146,0.5069808891969574,0,0.0,-42.48312942935554,0.4122499001380822,49
PERCENT_RETRACE|wait=3|tol=-|retrace=0.0050,atr_pullback,3,-10.160009911495662,-19.446537989141287,898.3999008850434,14.194475936611706,0.3496143022516921,18.181818181818183,-9.236372646814226,8.289201013124568,19.898000472020065,11,3,49,14,28.57142857142857,34,1,1.9285714285714286,2.0,1.068464473159065,0.8082609326725603,0.5069808891969574,0,0.0,-33.53485926287766,0.5022607796563009,47
PERCENT_RETRACE|wait=3|tol=-|retrace=0.0050,adx_pullback,3,-12.343364723209731,-23.34896313175099,876.5663527679027,16.279782309095573,0.30558099681584755,22.22222222222222,-13.714849692455257,6.608335252129864,16.195310991198358,9,5,49,14,28.57142857142857,34,1,1.9285714285714286,2.0,1.1992422676772967,0.8082609326725603,0.5069808891969574,0,0.0,-9.275194973590965,0.7827116132363467,22
PERCENT_RETRACE|wait=3|tol=-|retrace=0.0050,atr_adx_pullback,3,-4.50392886314354,-8.88221322383609,954.9607113685646,8.79239387915884,0.5620565175709842,25.0,-5.629911078929425,6.147824084734054,15.023288472320933,8,6,49,14,28.57142857142857,34,1,1.9285714285714286,2.0,1.1616049278134768,0.7646931806051056,0.5069808891969574,0,0.0,4.83944753256228,1.1436556732387233,20
PERCENT_RETRACE|wait=5|tol=-|retrace=0.0050,pullback,3,-23.665796497478446,-42.019380348166756,763.3420350252155,26.888326177555992,0.21127873053523188,16.666666666666664,-13.147664720821341,10.960165784020262,29.834225758746754,18,0,49,18,36.734693877551024,30,1,2.4444444444444446,2.5,1.0837909303245368,0.8195581221583146,0.5069808891969574,0,0.0,-42.48312942935554,0.4122499001380822,49
PERCENT_RETRACE|wait=5|tol=-|retrace=0.0050,atr_pullback,3,-16.41146427987657,-30.359389549148474,835.8853572012343,18.275187367153602,0.24135790038133562,13.333333333333334,-10.940976186584361,9.026018880957864,26.36681740096378,15,3,49,18,36.734693877551024,30,1,2.4444444444444446,2.5,1.0416658128679186,0.8082609326725603,0.5069808891969574,0,0.0,-33.53485926287766,0.5022607796563009,47
PERCENT_RETRACE|wait=5|tol=-|retrace=0.0050,adx_pullback,3,-12.343364723209731,-23.34896313175099,876.5663527679027,16.279782309095573,0.30558099681584755,22.22222222222222,-13.714849692455257,6.608335252129864,16.195310991198358,9,9,49,18,36.734693877551024,30,1,2.4444444444444446,2.5,1.1992422676772967,0.8082609326725603,0.5069808891969574,0,0.0,-9.275194973590965,0.7827116132363467,22
PERCENT_RETRACE|wait=5|tol=-|retrace=0.0050,atr_adx_pullback,3,-4.50392886314354,-8.88221322383609,954.9607113685646,8.79239387915884,0.5620565175709842,25.0,-5.629911078929425,6.147824084734054,15.023288472320933,8,10,49,18,36.734693877551024,30,1,2.4444444444444446,2.5,1.1616049278134768,0.7646931806051056,0.5069808891969574,0,0.0,4.83944753256228,1.1436556732387233,20
PERCENT_RETRACE|wait=8|tol=-|retrace=0.0050,pullback,3,-29.40386855739274,-50.47978173544073,705.9613144260726,33.01591640741375,0.17654668696484996,16.666666666666664,-12.251611898913637,14.713331798296108,38.19818047236605,24,0,49,24,48.97959183673469,24,1,3.6666666666666665,3.0,0.9797281556536293,0.7108783273959325,0.5069808891969574,0,0.0,-42.48312942935554,0.4122499001380822,49
PERCENT_RETRACE|wait=8|tol=-|retrace=0.0050,atr_pullback,3,-22.694847341952336,-40.52119052345666,773.0515265804767,25.124656641269166,0.1899768324320421,14.285714285714285,-10.807070162834412,12.779184895233708,35.248831115176415,21,3,49,24,48.97959183673469,24,1,3.6666666666666665,3.0,0.9347726753744868,0.7006312262542143,0.5069808891969574,0,0.0,-33.53485926287766,0.5022607796563009,47
PERCENT_RETRACE|wait=8|tol=-|retrace=0.0050,adx_pullback,3,-13.79523527541818,-25.889853639502824,862.0476472458182,18.43572271162151,0.2988277263070951,27.27272727272727,-12.541122977652869,8.933916647478702,19.46339109249875,11,13,49,24,48.97959183673469,24,1,3.6666666666666665,3.0,1.1233349631327258,0.8082609326725603,0.5069808891969574,0,0.0,-9.275194973590965,0.7827116132363467,22
PERCENT_RETRACE|wait=8|tol=-|retrace=0.0050,atr_adx_pullback,3,-6.085645216930096,-11.902659247349789,939.143547830699,11.14114748345047,0.5075039702744282,30.0,-6.0856452169300725,8.473405480082892,18.469235610941144,10,14,49,24,48.97959183673469,24,1,3.6666666666666665,3.0,1.0856343607872128,0.7646931806051056,0.5069808891969574,0,0.0,4.83944753256228,1.1436556732387233,20
PERCENT_RETRACE|wait=2|tol=-|retrace=0.0075,pullback,3,-4.974286729622816,-9.785775844004673,950.2571327037718,10.31377025806821,0.45913439918730176,20.0,-9.948573459245585,3.638038222426894,9.410803347111969,5,0,49,5,10.204081632653061,43,1,1.2,1,1.5811192707616182,1.1000538240621058,0.8308553116440689,0,0.0,-42.48312942935554,0.4122499001380822,49
PERCENT_RETRACE|wait=2|tol=-|retrace=0.0075,atr_pullback,3,-4.974286729622816,-9.785775844004673,950.2571327037718,10.31377025806821,0.45913439918730176,20.0,-9.948573459245585,3.638038222426894,9.410803347111969,5,0,49,5,10.204081632653061,43,1,1.2,1,1.5811192707616182,1.1000538240621058,0.8308553116440689,0,0.0,-33.53485926287766,0.5022607796563009,47
PERCENT_RETRACE|wait=2|tol=-|retrace=0.0075,adx_pullback,3,-0.2531799162768834,-0.5103542562447716,997.4682008372312,8.046282141586882,0.9459661820677937,33.33333333333333,-0.8439330542562024,1.9571724614321897,5.837538967183136,3,2,49,5,10.204081632653061,43,1,1.2,1,2.0013604488796277,1.6349035747677876,1.1000538240621058,0,0.0,-9.275194973590965,0.7827116132363467,22
PERCENT_RETRACE|wait=2|tol=-|retrace=0.0075,atr_adx_pullback,3,-0.2531799162768834,-0.5103542562447716,997.4682008372312,8.046282141586882,0.9459661820677937,33.33333333333333,-0.8439330542562024,1.9571724614321897,5.837538967183136,3,2,49,5,10.204081632653061,43,1,1.2,1,2.0013604488796277,1.6349035747677876,1.1000538240621058,0,0.0,4.83944753256228,1.1436556732387233,20
PERCENT_RETRACE|wait=3|tol=-|retrace=0.0075,pullback,3,-15.050629961699165,-28.05206066610182,849.4937003830083,18.84805037248991,0.20063420012996844,12.5,-18.813287452123987,6.447156343541331,14.134136651530387,8,0,49,8,16.3265306122449,40,1,1.875,1.5,1.501144142390385,1.3001974053249812,0.8082609326725603,0,0.0,-42.48312942935554,0.4122499001380822,49
PERCENT_RETRACE|wait=3|tol=-|retrace=0.0075,atr_pullback,3,-5.042916039391116,-9.917233683938742,949.5708396060888,10.31377025806821,0.4557336136980396,16.666666666666664,-8.404860065651823,5.687312917338246,11.311581840782797,6,2,49,8,16.3265306122449,40,1,1.875,1.5,1.4523095477467753,1.0853567597936222,0.8082609326725603,0,0.0,-33.53485926287766,0.5022607796563009,47
PERCENT_RETRACE|wait=3|tol=-|retrace=0.0075,adx_pullback,3,-8.507692206288835,-16.428258570969035,914.9230779371117,12.59759607361052,0.32351020227846056,20.0,-17.015384412577646,4.466958323739351,9.20367021666499,5,3,49,8,16.3265306122449,40,1,1.875,1.5,1.6625366531798602,1.5003409865878565,0.8082609326725603,0,0.0,-9.275194973590965,0.7827116132363467,22
PERCENT_RETRACE|wait=3|tol=-|retrace=0.0075,atr_adx_pullback,3,-0.3252188958155329,-0.6553280012128404,996.7478110418447,8.138235859445299,0.9316425462936874,25.0,-0.8130472395387756,4.006447156343541,7.8327527246188104,4,4,49,8,16.3265306122449,40,1,1.875,1.5,1.7030855698278609,1.3674786994149466,0.8082609326725603,0,0.0,4.83944753256228,1.1436556732387233,20
PERCENT_RETRACE|wait=5|tol=-|retrace=0.0075,pullback,3,-23.00783102704091,-41.00623551501792,769.9216897295909,26.08936772801826,0.13008394684112767,7.142857142857142,-16.43416501931494,7.644485378770435,23.58337562924551,14,0,49,14,28.57142857142857,34,1,3.0,3.0,1.4190645332335738,1.1802360320971812,0.7681512115737742,0,0.0,-42.48312942935554,0.4122499001380822,49
PERCENT_RETRACE|wait=5|tol=-|retrace=0.0075,atr_pullback,3,-13.937538910784134,-26.136571117867113,860.6246108921587,17.382105234353993,0.21625959686770044,8.333333333333332,-11.61461575898675,6.88464195256735,21.371638527082833,12,2,49,14,28.57142857142857,34,1,3.0,3.0,1.3809673010523005,1.1144455292731164,0.7681512115737742,0,0.0,-33.53485926287766,0.5022607796563009,47
PERCENT_RETRACE|wait=5|tol=-|retrace=0.0075,adx_pullback,3,-12.691540071888802,-23.962237394693386,873.084599281112,16.594416898594318,0.2342513734207471,14.285714285714285,-18.130771531269716,4.9735206078747405,12.637858709829352,7,7,49,14,28.57142857142857,34,1,3.0,3.0,1.4673322500245352,1.1288372344841269,0.8082609326725603,0,0.0,-9.275194973590965,0.7827116132363467,22
PERCENT_RETRACE|wait=5|tol=-|retrace=0.0075,atr_adx_pullback,3,-4.8832427366520275,-9.611233936525865,951.1675726334797,9.135167327466695,0.4641428530877151,16.666666666666664,-8.138737894420046,4.513009440478932,11.329631845676651,6,8,49,14,28.57142857142857,34,1,3.0,3.0,1.4618307939306483,1.1144455292731164,0.8082609326725603,0,0.0,4.83944753256228,1.1436556732387233,20
PERCENT_RETRACE|wait=8|tol=-|retrace=0.0075,pullback,3,-26.634437304604354,-46.480458072453146,733.6556269539565,29.57082261559772,0.10959973230707602,6.25,-16.64652331537772,8.151047662905825,26.392691175645187,16,0,49,16,32.6530612244898,32,1,3.5,3.5,1.4069008533630807,1.1802360320971812,0.7681512115737742,0,0.0,-42.48312942935554,0.4122499001380822,49
PERCENT_RETRACE|wait=8|tol=-|retrace=0.0075,atr_pullback,3,-17.991388358230324,-32.99059801521865,820.0861164176968,21.273703299365035,0.1692214917384519,7.142857142857142,-12.850991684450216,7.39120423670274,24.29264371021643,14,2,49,16,32.6530612244898,32,1,3.5,3.5,1.3725084143690616,1.1144455292731164,0.7681512115737742,0,0.0,-33.53485926287766,0.5022607796563009,47
PERCENT_RETRACE|wait=8|tol=-|retrace=0.0075,adx_pullback,3,-14.704765894588775,-27.459591441661523,852.9523410541123,18.517647176569167,0.20505022815350576,12.5,-18.380957368235954,5.364955100161179,14.30133383882569,8,8,49,16,32.6530612244898,32,1,3.5,3.5,1.3955110916772924,1.1144455292731164,0.8082609326725603,0,0.0,-9.275194973590965,0.7827116132363467,22
PERCENT_RETRACE|wait=8|tol=-|retrace=0.0075,atr_adx_pullback,3,-7.076518302980047,-13.76866185077753,929.2348169701995,11.230398736453607,0.3686584156520287,14.285714285714285,-10.109311861400053,4.9044439327653695,13.023273078931734,7,9,49,16,32.6530612244898,32,1,3.5,3.5,1.3805353924043546,1.1000538240621058,0.8082609326725603,0,0.0,4.83944753256228,1.1436556732387233,20
HYBRID|wait=2|tol=0.0025|retrace=0.0025,pullback,3,-14.488952820322071,-27.088658953977074,855.1104717967793,29.336488751929906,0.4826195449539434,33.33333333333333,-6.8995013430105105,20.67695141607184,36.957059166342574,21,0,49,21,42.857142857142854,27,1,1.1904761904761905,1,0.5545674866269713,0.35332904804362625,-0.3271513517098119,2,9.523809523809524,-42.48312942935554,0.4122499001380822,49
HYBRID|wait=2|tol=0.0025|retrace=0.0025,atr_pullback,3,-10.925826183411118,-20.826454428259854,890.7417381658888,26.392038327219247,0.5605514321712415,35.0,-5.462913091705554,20.331568040524985,36.22911680082688,20,1,49,21,42.857142857142854,27,1,1.1904761904761905,1,0.5673156117036171,0.3750200085072669,-0.3271513517098119,2,10.0,-33.53485926287766,0.5022607796563009,47
HYBRID|wait=2|tol=0.0025|retrace=0.0025,adx_pullback,3,-9.598308287572149,-18.426765292297986,904.0169171242785,20.768294010359085,0.43776186031869946,27.27272727272727,-8.725734806883752,10.016117890858853,20.186245513519573,11,10,49,21,42.857142857142854,27,1,1.1904761904761905,1,0.6775370154254808,0.35332904804362625,-0.008750228699169312,1,9.090909090909092,-9.275194973590965,0.7827116132363467,22
HYBRID|wait=2|tol=0.0025|retrace=0.0025,atr_adx_pullback,3,-5.831395281752691,-11.420608606172443,941.6860471824731,17.466818804396624,0.5691436976928643,30.0,-5.8313952817526795,9.670734515311995,18.87443790765545,10,11,49,21,42.857142857142854,27,1,1.1904761904761905,1,0.7153302184586233,0.3750200085072669,-0.008750228699169312,1,10.0,4.83944753256228,1.1436556732387233,20
HYBRID|wait=3|tol=0.0025|retrace=0.0025,pullback,3,-26.335574412370043,-46.03950256651046,736.6442558762996,39.12614641291405,0.31793334546896873,28.000000000000004,-10.534229764948003,22.795302786092563,40.94906526916886,25,0,49,25,51.02040816326531,23,1,1.48,1,0.5578781563552143,0.35332904804362625,-0.3271513517098119,2,8.0,-42.48312942935554,0.4122499001380822,49
HYBRID|wait=3|tol=0.0025|retrace=0.0025,atr_pullback,3,-16.4035003767297,-30.345996927212283,835.964996232703,30.91860775583946,0.44867234136473344,30.434782608695656,-7.131956685534656,21.989408243149896,40.26491428300386,23,2,49,25,51.02040816326531,23,1,1.48,1,0.5281307798781933,0.35332904804362625,-0.3271513517098119,2,8.695652173913043,-33.53485926287766,0.5022607796563009,47
HYBRID|wait=3|tol=0.0025|retrace=0.0025,adx_pullback,3,-19.620477568902388,-35.650154176895896,803.7952243109761,29.55212929966709,0.2623832781380341,23.076923076923077,-15.09267505300184,11.374625834676491,22.533853503976673,13,12,49,25,51.02040816326531,23,1,1.48,1,0.7257881007996576,0.39671096897090763,-0.008750228699169312,1,7.6923076923076925,-9.275194973590965,0.7827116132363467,22
HYBRID|wait=3|tol=0.0025|retrace=0.0025,atr_adx_pullback,3,-8.783016184161363,-16.935080811280766,912.1698381583864,20.053738972621463,0.46136417310343864,27.27272727272727,-7.984560167419411,10.568731291733824,20.323334886996754,11,14,49,25,51.02040816326531,23,1,1.48,1,0.6941181217012397,0.39671096897090763,-0.008750228699169312,1,9.090909090909092,4.83944753256228,1.1436556732387233,20
HYBRID|wait=5|tol=0.0025|retrace=0.0025,pullback,3,-28.02480552080459,-48.50786994333763,719.7519447919541,39.32603458338175,0.3082824013569686,28.57142857142857,-10.00885911457306,25.259037531660145,45.153106586478046,28,0,49,28,57.14285714285714,20,1,1.7857142857142858,1.0,0.5440059061903434,0.3559311076406242,-0.3271513517098119,2,7.142857142857142,-42.48312942935554,0.4122499001380822,49
HYBRID|wait=5|tol=0.0025|retrace=0.0025,atr_pullback,3,-18.32048821167698,-33.53224755550214,816.7951178832302,31.14544657571625,0.42591900333950267,30.76923076923077,-7.046341619875761,24.453142988717477,45.03578075749472,26,2,49,28,57.14285714285714,20,1,1.7857142857142858,1.0,0.5166238231402963,0.3559311076406242,-0.3271513517098119,2,7.6923076923076925,-33.53485926287766,0.5022607796563009,47
HYBRID|wait=5|tol=0.0025|retrace=0.0025,adx_pullback,3,-19.339568515638987,-35.19543559252383,806.6043148436102,29.305929222031452,0.27310879235679836,28.57142857142857,-13.813977511170703,13.377849412848262,24.129761366026333,14,14,49,28,57.14285714285714,20,1,1.7857142857142858,1.0,0.6995556055452264,0.37762206810426485,-0.008750228699169312,1,7.142857142857142,-9.275194973590965,0.7827116132363467,22
HYBRID|wait=5|tol=0.0025|retrace=0.0025,atr_adx_pullback,3,-8.46423254636087,-16.348114953300207,915.3576745363913,19.774344074295193,0.4811321881755152,33.33333333333333,-7.053527121967373,12.571954869905595,22.134416829526852,12,16,49,28,57.14285714285714,20,1,1.7857142857142858,1.0,0.6661527088292716,0.37762206810426485,-0.008750228699169312,1,8.333333333333332,4.83944753256228,1.1436556732387233,20
HYBRID|wait=8|tol=0.0025|retrace=0.0025,pullback,3,-38.69998495380594,-62.75955172269618,613.0001504619406,48.32504420636149,0.22550625913144567,23.52941176470588,-11.382348515825266,28.390513469951646,50.784944574241216,34,0,49,34,69.38775510204081,14,1,2.676470588235294,1.5,0.4803863930833825,0.3559311076406242,-1.5056894785094146,3,8.823529411764707,-42.48312942935554,0.4122499001380822,49
HYBRID|wait=8|tol=0.0025|retrace=0.0025,atr_pullback,3,-30.434987528415014,-51.92879194754374,695.6501247158499,41.357780392971506,0.28641513282333586,25.0,-9.510933602629681,27.58461892700898,50.95304480458153,32,2,49,34,69.38775510204081,14,1,2.676470588235294,1.5,0.4541622310360341,0.3559311076406242,-1.5056894785094146,3,9.375,-33.53485926287766,0.5022607796563009,47
HYBRID|wait=8|tol=0.0025|retrace=0.0025,adx_pullback,3,-24.99414717533464,-44.03781272080693,750.0585282466536,34.26183110145074,0.2178490436607438,25.0,-15.621341984584156,14.552152889707576,26.684042614649897,16,18,49,34,69.38775510204081,14,1,2.676470588235294,1.5,0.5738032488981468,0.37762206810426485,-1.5056894785094146,2,12.5,-9.275194973590965,0.7827116132363467,22
HYBRID|wait=8|tol=0.0025|retrace=0.0025,atr_adx_pullback,3,-14.881210334814307,-27.762149162738968,851.1878966518569,25.398443445069503,0.33527610726403906,28.57142857142857,-10.629435953438767,13.74625834676491,24.854569229840116,14,20,49,34,69.38775510204081,14,1,2.676470588235294,1.5,0.5272075721920312,0.37762206810426485,-1.5056894785094146,2,14.285714285714285,4.83944753256228,1.1436556732387233,20
HYBRID|wait=2|tol=0.0025|retrace=0.0050,pullback,3,-10.191509177819409,-19.503533431824515,898.0849082218059,15.884140898405134,0.48024403832427975,26.666666666666668,-6.794339451879583,10.33847570803592,26.96047478609914,15,0,49,15,30.612244897959183,33,1,1.5333333333333334,2,0.7667857198086606,0.5770514879717007,-0.3271513517098119,2,13.333333333333334,-42.48312942935554,0.4122499001380822,49
HYBRID|wait=2|tol=0.0025|retrace=0.0050,atr_pullback,3,-11.884388743266777,-22.536726999390467,881.1561125673322,15.884140898405134,0.3939090087238319,21.428571428571427,-8.488849102333388,9.141146672806816,25.18033478141789,14,1,49,15,30.612244897959183,33,1,1.5333333333333334,2,0.7906065822638725,0.6261954127308811,-0.3271513517098119,2,14.285714285714285,-33.53485926287766,0.5022607796563009,47
HYBRID|wait=2|tol=0.0025|retrace=0.0050,adx_pullback,3,-5.539810812501787,-10.866138837945204,944.6018918749821,9.82755664878347,0.5084921968175475,25.0,-6.92476351562722,4.42090720699977,14.902022791896007,8,7,49,15,30.612244897959183,33,1,1.5333333333333334,2,1.0267525201655272,0.6982323830138562,-0.008750228699169312,1,12.5,-9.275194973590965,0.7827116132363467,22
HYBRID|wait=2|tol=0.0025|retrace=0.0050,atr_adx_pullback,3,-5.539810812501787,-10.866138837945204,944.6018918749821,9.82755664878347,0.5084921968175475,25.0,-6.92476351562722,4.42090720699977,14.902022791896007,8,7,49,15,30.612244897959183,33,1,1.5333333333333334,2,1.0267525201655272,0.6982323830138562,-0.008750228699169312,1,12.5,4.83944753256228,1.1436556732387233,20
HYBRID|wait=3|tol=0.0025|retrace=0.0050,pullback,3,-22.213695248074007,-39.77161882954835,777.8630475192599,27.091628809495,0.27278885036666334,20.0,-11.106847624036993,13.907437255353441,33.221317292084535,20,0,49,20,40.816326530612244,28,1,1.9,2.0,0.7962020565721799,0.6261954127308811,-0.3271513517098119,2,10.0,-42.48312942935554,0.4122499001380822,49
HYBRID|wait=3|tol=0.0025|retrace=0.0050,atr_pullback,3,-14.688847817636317,-27.432264576218124,853.1115218236368,18.50244067205442,0.33939428897630836,17.647058823529413,-8.640498716256642,11.950264793921253,30.078572431747826,17,3,49,20,40.816326530612244,28,1,1.9,2.0,0.717379507845028,0.5770514879717007,-0.3271513517098119,2,11.76470588235294,-33.53485926287766,0.5022607796563009,47
HYBRID|wait=3|tol=0.0025|retrace=0.0050,adx_pullback,3,-13.356829860433301,-25.127163315143786,866.431701395667,17.229966795942765,0.2873884783794042,20.0,-13.356829860433312,6.9306930693069315,17.81835712483326,10,10,49,20,40.816326530612244,28,1,1.9,2.0,1.0522622080584634,0.7646931806051056,-0.008750228699169312,1,10.0,-9.275194973590965,0.7827116132363467,22
HYBRID|wait=3|tol=0.0025|retrace=0.0050,atr_adx_pullback,3,-5.608031690424344,-10.996022400797623,943.9196830957566,9.82755664878347,0.5054329372468335,22.22222222222222,-6.231146322693702,6.470181901911122,16.79148923141439,9,11,49,20,40.816326530612244,28,1,1.9,2.0,1.002475677110753,0.7211254285376508,-0.008750228699169312,1,11.11111111111111,4.83944753256228,1.1436556732387233,20
HYBRID|wait=5|tol=0.0025|retrace=0.0050,pullback,3,-26.520188532007,-46.3121059360431,734.79811467993,29.49759177945448,0.23254915283415223,17.391304347826086,-11.530516753046513,14.897536265254432,37.10190660157434,23,0,49,23,46.93877551020408,25,1,2.1739130434782608,2,0.7571122789374598,0.5770514879717007,-0.3271513517098119,2,8.695652173913043,-42.48312942935554,0.4122499001380822,49
HYBRID|wait=5|tol=0.0025|retrace=0.0050,atr_pullback,3,-19.411940206323695,-35.312741000506065,805.880597936763,21.191845286138733,0.27354427787399804,15.0,-9.705970103161826,12.940363803822244,34.42448098264761,20,3,49,23,46.93877551020408,25,1,2.1739130434782608,2,0.6842496458741726,0.5699572374390209,-0.3271513517098119,2,10.0,-33.53485926287766,0.5022607796563009,47
HYBRID|wait=5|tol=0.0025|retrace=0.0050,adx_pullback,3,-13.356829860433301,-25.127163315143786,866.431701395667,17.229966795942765,0.2873884783794042,20.0,-13.356829860433312,6.9306930693069315,17.81835712483326,10,13,49,23,46.93877551020408,25,1,2.1739130434782608,2,1.0522622080584634,0.7646931806051056,-0.008750228699169312,1,10.0,-9.275194973590965,0.7827116132363467,22
HYBRID|wait=5|tol=0.0025|retrace=0.0050,atr_adx_pullback,3,-5.608031690424344,-10.996022400797623,943.9196830957566,9.82755664878347,0.5054329372468335,22.22222222222222,-6.231146322693702,6.470181901911122,16.79148923141439,9,14,49,23,46.93877551020408,25,1,2.1739130434782608,2,1.002475677110753,0.7211254285376508,-0.008750228699169312,1,11.11111111111111,4.83944753256228,1.1436556732387233,20
HYBRID|wait=8|tol=0.0025|retrace=0.0050,pullback,3,-36.076701540912836,-59.472803412766574,639.2329845908716,43.88157446867621,0.19939832427281998,19.35483870967742,-11.63764565835899,21.828229334561364,47.24448349180977,31,0,49,31,63.26530612244898,17,1,3.4516129032258065,3,0.6306430430543718,0.5628629869063411,-1.5056894785094146,3,9.67741935483871,-42.48312942935554,0.4122499001380822,49
HYBRID|wait=8|tol=0.0025|retrace=0.0050,atr_pullback,3,-29.892925750444444,-51.169750502064005,701.0707424955556,37.27037596026326,0.21951638387219297,17.857142857142858,-10.676044910873012,19.871056873129174,45.174616048029016,28,3,49,31,63.26530612244898,17,1,3.4516129032258065,3,0.5650480298788357,0.5608088809895164,-1.5056894785094146,3,10.714285714285714,-33.53485926287766,0.5022607796563009,47
HYBRID|wait=8|tol=0.0025|retrace=0.0050,adx_pullback,3,-18.895120499197425,-34.47268979131623,811.0487950080258,22.52068387526731,0.22943944237353034,23.076923076923077,-14.534708076305701,10.039143449228643,22.269624492391532,13,18,49,31,63.26530612244898,17,1,3.4516129032258065,3,0.8138797528799641,0.7211254285376508,-1.5056894785094146,2,15.384615384615385,-9.275194973590965,0.7827116132363467,22
HYBRID|wait=8|tol=0.0025|retrace=0.0050,atr_adx_pullback,3,-11.64163080298399,-22.105378823862644,883.5836919701601,15.591440842795373,0.3399289387317052,25.0,-9.70135900248665,9.578632281832835,21.459218937812487,12,19,49,31,63.26530612244898,17,1,3.4516129032258065,3,0.756674650070973,0.6982323830138562,-1.5056894785094146,2,16.666666666666664,4.83944753256228,1.1436556732387233,20
HYBRID|wait=2|tol=0.0025|retrace=0.0075,pullback,3,-6.778281280728185,-13.209145089708707,932.2171871927181,12.687265032382344,0.5491920102841363,25.0,-5.648567733940117,8.40432880497352,22.16086958186008,12,0,49,12,24.489795918367346,36,1,1.5,1.5,0.7940224619275412,0.5279701715171488,-0.3271513517098119,2,16.666666666666664,-42.48312942935554,0.4122499001380822,49
HYBRID|wait=2|tol=0.0025|retrace=0.0075,atr_pullback,3,-8.535499793487803,-16.479517990045732,914.645002065122,12.687265032382344,0.43232342480938796,18.181818181818183,-7.759545266807053,7.206999769744417,20.313074242264708,11,1,49,12,24.489795918367346,36,1,1.5,1.5,0.8268159906995275,0.5587547750726919,-0.3271513517098119,2,18.181818181818183,-33.53485926287766,0.5022607796563009,47
HYBRID|wait=2|tol=0.0025|retrace=0.0075,adx_pullback,3,-1.9497922079395265,-3.896352951616344,980.5020779206047,8.046282141586872,0.6908430290787608,20.0,-3.8995844158790076,2.4867603039373702,9.587111023523185,5,7,49,12,24.489795918367346,36,1,1.5,1.5,1.2481007814649607,1.1000538240621058,-0.008750228699169312,1,20.0,-9.275194973590965,0.7827116132363467,22
HYBRID|wait=2|tol=0.0025|retrace=0.0075,atr_adx_pullback,3,-1.9497922079395265,-3.896352951616344,980.5020779206047,8.046282141586872,0.6908430290787608,20.0,-3.8995844158790076,2.4867603039373702,9.587111023523185,5,7,49,12,24.489795918367346,36,1,1.5,1.5,1.2481007814649607,1.1000538240621058,-0.008750228699169312,1,20.0,4.83944753256228,1.1436556732387233,20
HYBRID|wait=3|tol=0.0025|retrace=0.0075,pullback,3,-19.257378056232856,-35.0620851510392,807.4262194376714,24.320700535333888,0.2719257246651555,17.647058823529413,-11.327869444842838,11.973290352291043,28.74346944507343,17,0,49,17,34.69387755102041,31,1,1.9411764705882353,2,0.8206191104378933,0.5587547750726919,-0.3271513517098119,2,11.76470588235294,-42.48312942935554,0.4122499001380822,49
HYBRID|wait=3|tol=0.0025|retrace=0.0075,atr_pullback,3,-11.446544090047938,-21.75786012918134,885.5345590995206,15.405074927497287,0.35639106195874104,14.285714285714285,-8.176102921462798,10.016117890858853,25.408094008844344,14,3,49,17,34.69387755102041,31,1,1.9411764705882353,2,0.7301382413832902,0.5279701715171488,-0.3271513517098119,2,14.285714285714285,-33.53485926287766,0.5022607796563009,47
HYBRID|wait=3|tol=0.0025|retrace=0.0075,adx_pullback,3,-10.063901956786196,-19.272512416011967,899.360980432138,14.084239885392321,0.28438233408121333,14.285714285714285,-14.377002795408787,4.996546166244531,12.61428246786604,7,10,49,17,34.69387755102041,31,1,1.9411764705882353,2,1.2213008323693173,1.1000538240621058,-0.008750228699169312,1,14.285714285714285,-9.275194973590965,0.7827116132363467,22
HYBRID|wait=3|tol=0.0025|retrace=0.0075,atr_adx_pullback,3,-2.0206058630210806,-4.0363927066434435,979.7939413697892,8.138235859445286,0.6831722767846025,16.666666666666664,-3.3676764383684294,4.536034998848723,11.548387817529665,6,11,49,17,34.69387755102041,31,1,1.9411764705882353,2,1.1747941399995607,0.954157378367333,-0.008750228699169312,1,16.666666666666664,4.83944753256228,1.1436556732387233,20
HYBRID|wait=5|tol=0.0025|retrace=0.0075,pullback,3,-27.21540229760484,-47.33241614260534,727.8459770239516,30.164635471095835,0.1954395668550297,13.636363636363635,-12.370637408002183,13.469951646327424,35.296230975023235,22,0,49,22,44.89795918367347,26,1,2.409090909090909,2.0,0.7908503929924823,0.6174645797878311,-0.3271513517098119,2,9.090909090909092,-42.48312942935554,0.4122499001380822,49
HYBRID|wait=5|tol=0.0025|retrace=0.0075,atr_pullback,3,-20.174407166868253,-36.54208835604017,798.2559283313175,21.937472049515872,0.22497485149589155,10.526315789473683,-10.618109035193799,11.512779184895233,32.58725068177462,19,3,49,22,44.89795918367347,26,1,2.409090909090909,2.0,0.7194799551450782,0.5628629869063411,-0.3271513517098119,2,10.526315789473683,-33.53485926287766,0.5022607796563009,47
HYBRID|wait=5|tol=0.0025|retrace=0.0075,adx_pullback,3,-14.176585972658756,-26.550082220713456,858.2341402734124,18.01307803851198,0.21210711094542736,11.11111111111111,-15.751762191843076,5.503108450379922,15.892507217939015,9,13,49,22,44.89795918367347,26,1,2.409090909090909,2.0,1.1675275900952962,1.1000538240621058,-0.008750228699169312,1,11.11111111111111,-9.275194973590965,0.7827116132363467,22
HYBRID|wait=5|tol=0.0025|retrace=0.0075,atr_adx_pullback,3,-6.501101425085778,-12.687496211651927,934.9889857491422,10.680704236439784,0.39007597951929207,12.5,-8.126376781357209,5.042597282984112,14.87535481889462,8,14,49,22,44.89795918367347,26,1,2.409090909090909,2.0,1.1259259155337262,0.9649295369252122,-0.008750228699169312,1,12.5,4.83944753256228,1.1436556732387233,20
HYBRID|wait=8|tol=0.0025|retrace=0.0075,pullback,3,-36.681498370726935,-60.243001481479254,633.1850162927307,44.41252713653997,0.1727436615277717,16.666666666666664,-12.227166123575655,20.400644715634353,45.54599853393207,30,0,49,30,61.224489795918366,18,1,3.6666666666666665,3.0,0.6511686854986185,0.5608088809895164,-1.5056894785094146,3,10.0,-42.48312942935554,0.4122499001380822,49
HYBRID|wait=8|tol=0.0025|retrace=0.0075,atr_pullback,3,-30.556229072953784,-52.09774372698679,694.4377092704622,37.86387909087756,0.1875715735559952,14.814814814814813,-11.317121878871772,18.443472254202163,43.44334336947638,27,3,49,30,61.224489795918366,18,1,3.6666666666666665,3.0,0.585424854328905,0.5587547750726919,-1.5056894785094146,3,11.11111111111111,-33.53485926287766,0.5022607796563009,47
HYBRID|wait=8|tol=0.0025|retrace=0.0075,adx_pullback,3,-19.662477240588533,-35.71800187852238,803.3752275941147,23.25373811211009,0.17214721063029553,16.666666666666664,-16.385397700490444,8.611558830301636,20.360676001899776,12,18,49,30,61.224489795918366,18,1,3.6666666666666665,3.0,0.8804635848093804,0.8612841165174556,-1.5056894785094146,2,16.666666666666664,-9.275194973590965,0.7827116132363467,22
HYBRID|wait=8|tol=0.0025|retrace=0.0075,atr_adx_pullback,3,-12.477614909969589,-23.585725155339745,875.2238509003041,16.390054653691287,0.26307408387869,18.181818181818183,-11.343286281790524,8.151047662905825,19.55793792885075,11,19,49,30,61.224489795918366,18,1,3.6666666666666665,3.0,0.8241110937386099,0.8298052497883186,-1.5056894785094146,2,18.181818181818183,4.83944753256228,1.1436556732387233,20
HYBRID|wait=2|tol=0.0050|retrace=0.0025,pullback,3,-15.606615939697416,-28.999333465351505,843.9338406030258,30.260088719564298,0.48507215575465223,36.0,-6.242646375878971,24.844577481003917,43.50923199993041,25,0,49,25,51.02040816326531,23,1,1.16,1,0.45021645787304976,0.29960498509405536,-0.3271513517098119,4,16.0,-42.48312942935554,0.4122499001380822,49
HYBRID|wait=2|tol=0.0050|retrace=0.0025,atr_pullback,3,-12.090060773527227,-22.901232828009512,879.0993922647277,27.354123423443085,0.5565313481950372,37.5,-5.037525322303007,24.499194105457057,43.05430958122869,24,1,49,25,51.02040816326531,23,1,1.16,1,0.4564919359055078,0.3025375811026408,-0.3271513517098119,4,16.666666666666664,-33.53485926287766,0.5022607796563009,47
HYBRID|wait=2|tol=0.0050|retrace=0.0025,adx_pullback,3,-9.598308287572149,-18.426765292297986,904.0169171242785,20.768294010359085,0.43776186031869946,27.27272727272727,-8.725734806883752,10.016117890858853,20.186245513519573,11,14,49,25,51.02040816326531,23,1,1.16,1,0.6775370154254808,0.35332904804362625,-0.008750228699169312,1,9.090909090909092,-9.275194973590965,0.7827116132363467,22
HYBRID|wait=2|tol=0.0050|retrace=0.0025,atr_adx_pullback,3,-5.831395281752691,-11.420608606172443,941.6860471824731,17.466818804396624,0.5691436976928643,30.0,-5.8313952817526795,9.670734515311995,18.87443790765545,10,15,49,25,51.02040816326531,23,1,1.16,1,0.7153302184586233,0.3750200085072669,-0.008750228699169312,1,10.0,4.83944753256228,1.1436556732387233,20
HYBRID|wait=3|tol=0.0050|retrace=0.0025,pullback,3,-26.224926911816247,-45.87578529384686,737.7507308818375,39.034710965006106,0.3410874271344841,32.142857142857146,-9.366045325648665,26.893852175915267,45.790407447412335,28,0,49,28,57.14285714285714,20,1,1.3571428571428572,1.0,0.4757274042073974,0.30685139940602024,-0.3271513517098119,4,14.285714285714285,-42.48312942935554,0.4122499001380822,49
HYBRID|wait=3|tol=0.0050|retrace=0.0025,atr_pullback,3,-16.277934424581634,-30.134665231702584,837.2206557541837,30.81484419119329,0.47461745799050037,34.61538461538461,-6.2607440094544655,26.087957632972596,45.434630430112065,26,2,49,28,57.14285714285714,20,1,1.3571428571428572,1.0,0.4430931286971237,0.3025375811026408,-0.3271513517098119,4,15.384615384615385,-33.53485926287766,0.5022607796563009,47
HYBRID|wait=3|tol=0.0050|retrace=0.0025,adx_pullback,3,-19.620477568902388,-35.650154176895896,803.7952243109761,29.55212929966709,0.2623832781380341,23.076923076923077,-15.09267505300184,11.374625834676491,22.533853503976673,13,15,49,28,57.14285714285714,20,1,1.3571428571428572,1.0,0.7257881007996576,0.39671096897090763,-0.008750228699169312,1,7.6923076923076925,-9.275194973590965,0.7827116132363467,22
HYBRID|wait=3|tol=0.0050|retrace=0.0025,atr_adx_pullback,3,-8.783016184161363,-16.935080811280766,912.1698381583864,20.053738972621463,0.46136417310343864,27.27272727272727,-7.984560167419411,10.568731291733824,20.323334886996754,11,17,49,28,57.14285714285714,20,1,1.3571428571428572,1.0,0.6941181217012397,0.39671096897090763,-0.008750228699169312,1,9.090909090909092,4.83944753256228,1.1436556732387233,20
HYBRID|wait=5|tol=0.0050|retrace=0.0025,pullback,3,-28.48482500924491,-49.16996651164956,715.1517499075509,39.63350789755618,0.32327495882152235,32.25806451612903,-9.188653228788684,29.449689154962005,50.08256623599382,31,0,49,31,63.26530612244898,17,1,1.6129032258064515,1,0.46383446539881557,0.29960498509405536,-0.3271513517098119,4,12.903225806451612,-42.48312942935554,0.4122499001380822,49
HYBRID|wait=5|tol=0.0050|retrace=0.0025,atr_pullback,3,-18.842531500351665,-34.38690380585503,811.5746849964834,31.494376097497085,0.4389807725730449,34.48275862068966,-6.497424655293681,28.64379461201934,50.16491066090401,29,2,49,31,63.26530612244898,17,1,1.6129032258064515,1,0.4337559467476335,0.2909773484872965,-0.3271513517098119,4,13.793103448275861,-33.53485926287766,0.5022607796563009,47
HYBRID|wait=5|tol=0.0050|retrace=0.0025,adx_pullback,3,-19.446884969545213,-35.36934367726899,805.5311503045479,29.399985711049354,0.2690118693642706,28.57142857142857,-13.890632121103717,13.400874971218052,24.12028628342231,14,17,49,31,63.26530612244898,17,1,1.6129032258064515,1,0.6900736906989396,0.3750200085072669,-0.008750228699169312,1,7.142857142857142,-9.275194973590965,0.7827116132363467,22
HYBRID|wait=5|tol=0.0050|retrace=0.0025,atr_adx_pullback,3,-8.586018331385038,-16.572601287662735,914.1398166861496,19.88108207144956,0.4735821193889263,33.33333333333333,-7.155015276154188,12.594980428275385,22.123664234457806,12,19,49,31,63.26530612244898,17,1,1.6129032258064515,1,0.6550904748419368,0.3750200085072669,-0.008750228699169312,1,8.333333333333332,4.83944753256228,1.1436556732387233,20
HYBRID|wait=8|tol=0.0050|retrace=0.0025,pullback,3,-17.798325879303434,-32.67181353258074,822.0167412069657,46.27913341206795,0.6607016213809479,29.72972972972973,-4.810358345757682,35.39028321436795,59.47906927288084,37,0,49,37,75.51020408163265,11,1,2.5135135135135136,1,0.40854730012757895,0.31409781371798506,-1.5056894785094146,6,16.216216216216218,-42.48312942935554,0.4122499001380822,49
HYBRID|wait=8|tol=0.0050|retrace=0.0025,atr_pullback,3,-6.715186267373428,-13.090539744055862,932.8481373262657,39.03602223657415,0.8519727600043039,31.428571428571427,-1.918624647820986,34.58438867142528,60.52023633559003,35,2,49,37,75.51020408163265,11,1,2.5135135135135136,1,0.38046583237252884,0.31409781371798506,-1.5056894785094146,6,17.142857142857142,-33.53485926287766,0.5022607796563009,47
HYBRID|wait=8|tol=0.0050|retrace=0.0025,adx_pullback,3,0.19027066142655258,0.3844103828001266,1001.9027066142655,33.82027032030298,1.0057983632880994,29.411764705882355,0.11192391848621408,17.775731061478243,31.38004435586391,17,20,49,37,75.51020408163265,11,1,2.5135135135135136,1,0.525583014501705,0.35332904804362625,-1.5056894785094146,3,17.647058823529413,-9.275194973590965,0.7827116132363467,22
HYBRID|wait=8|tol=0.0050|retrace=0.0025,atr_adx_pullback,3,13.698788211412353,29.57953246969076,1136.9878821141235,24.897347626016906,1.5863768489328078,33.33333333333333,9.132525474274917,16.969836518535576,30.183726481236587,15,22,49,37,75.51020408163265,11,1,2.5135135135135136,1,0.47566435165647153,0.35332904804362625,-1.5056894785094146,3,20.0,4.83944753256228,1.1436556732387233,20
HYBRID|wait=2|tol=0.0050|retrace=0.0050,pullback,3,-11.466738832799104,-21.793870352573553,885.332611672009,16.945644899638452,0.4791851997244275,31.57894736842105,-6.035125701473194,14.552152889707576,33.90430986233291,19,0,49,19,38.775510204081634,29,1,1.3157894736842106,1,0.5788031153316328,0.29072185364888187,-0.3271513517098119,4,21.052631578947366,-42.48312942935554,0.4122499001380822,49
HYBRID|wait=2|tol=0.0050|retrace=0.0050,atr_pullback,3,-11.466738832799104,-21.793870352573553,885.332611672009,16.945644899638452,0.4791851997244275,31.57894736842105,-6.035125701473194,14.552152889707576,33.90430986233291,19,0,49,19,38.775510204081634,29,1,1.3157894736842106,1,0.5788031153316328,0.29072185364888187,-0.3271513517098119,4,21.052631578947366,-33.53485926287766,0.5022607796563009,47
HYBRID|wait=2|tol=0.0050|retrace=0.0050,adx_pullback,3,-5.496659630308341,-10.783935333017801,945.0334036969166,9.786364189130929,0.5105300300397584,25.0,-6.870824537885412,4.443932765369561,14.904112369150843,8,11,49,19,38.775510204081634,29,1,1.3157894736842106,1,1.0324461531985012,0.6982323830138562,-0.008750228699169312,1,12.5,-9.275194973590965,0.7827116132363467,22
HYBRID|wait=2|tol=0.0050|retrace=0.0050,atr_adx_pullback,3,-5.496659630308341,-10.783935333017801,945.0334036969166,9.786364189130929,0.5105300300397584,25.0,-6.870824537885412,4.443932765369561,14.904112369150843,8,11,49,19,38.775510204081634,29,1,1.3157894736842106,1,1.0324461531985012,0.6982323830138562,-0.008750228699169312,1,12.5,4.83944753256228,1.1436556732387233,20
HYBRID|wait=3|tol=0.0050|retrace=0.0050,pullback,3,-22.18597698271495,-39.728293127386706,778.1402301728505,26.948761003436474,0.3016254168949186,26.08695652173913,-9.6460769490065,18.052037761915727,38.32826290709241,23,0,49,23,46.93877551020408,25,1,1.608695652173913,1,0.6601492916035494,0.5587547750726919,-0.3271513517098119,4,17.391304347826086,-42.48312942935554,0.4122499001380822,49
HYBRID|wait=3|tol=0.0050|retrace=0.0050,atr_pullback,3,-13.018863899359848,-24.53651715473538,869.8113610064015,18.34274189796055,0.4454676856132888,28.57142857142857,-6.199458999695155,17.29219433571264,37.175016655209845,21,2,49,23,46.93877551020408,25,1,1.608695652173913,1,0.5661018025828193,0.29072185364888187,-0.3271513517098119,4,19.047619047619047,-33.53485926287766,0.5022607796563009,47
HYBRID|wait=3|tol=0.0050|retrace=0.0050,adx_pullback,3,-13.317249638832324,-25.058112008276645,866.8275036116768,17.19215589577766,0.28806362925545687,20.0,-13.317249638832312,6.953718627676721,17.82106745180891,10,13,49,23,46.93877551020408,25,1,1.608695652173913,1,1.0568171144848426,0.7646931806051056,-0.008750228699169312,1,10.0,-9.275194973590965,0.7827116132363467,22
HYBRID|wait=3|tol=0.0050|retrace=0.0050,atr_adx_pullback,3,-5.564911672804624,-10.913938680696733,944.3508832719538,9.786364189130929,0.5074459005219345,22.22222222222222,-6.183235192005138,6.493207460280911,16.794441952299163,9,14,49,23,46.93877551020408,25,1,1.608695652173913,1,1.0075366842511744,0.7211254285376508,-0.008750228699169312,1,11.11111111111111,4.83944753256228,1.1436556732387233,20
HYBRID|wait=5|tol=0.0050|retrace=0.0050,pullback,3,-26.818484671572968,-46.75110142323289,731.8151532842703,29.671269445321286,0.25829150047466426,25.925925925925924,-9.93277210058258,21.13746258346765,43.569253378923435,27,0,49,27,55.10204081632652,21,1,1.962962962962963,2,0.6223999186423753,0.5587547750726919,-0.3271513517098119,4,14.814814814814813,-42.48312942935554,0.4122499001380822,49
HYBRID|wait=5|tol=0.0050|retrace=0.0050,atr_pullback,3,-18.197117974236686,-33.32945833490252,818.0288202576331,21.3859835674745,0.3591203299837116,28.000000000000004,-7.2788471896946705,20.377619157264565,42.81831138682299,25,2,49,27,55.10204081632652,21,1,1.962962962962963,2,0.5403800780280682,0.29072185364888187,-0.3271513517098119,4,16.0,-33.53485926287766,0.5022607796563009,47
HYBRID|wait=5|tol=0.0050|retrace=0.0050,adx_pullback,3,-13.13004419770117,-24.73107984929075,868.6995580229883,17.013318942403895,0.2981897529176289,27.27272727272727,-11.936403816091973,8.979967764218284,19.52410345004386,11,16,49,27,55.10204081632652,21,1,1.962962962962963,2,0.9812688640216393,0.7211254285376508,-0.008750228699169312,1,9.090909090909092,-9.275194973590965,0.7827116132363467,22
HYBRID|wait=5|tol=0.0050|retrace=0.0050,atr_adx_pullback,3,-5.360963802035735,-10.52518403693834,946.3903619796426,9.591533228903506,0.525641536464163,30.0,-5.360963802035746,8.519456596822474,18.64978634605248,10,17,49,27,55.10204081632652,21,1,1.962962962962963,2,0.9293616517650175,0.6982323830138562,-0.008750228699169312,1,10.0,4.83944753256228,1.1436556732387233,20
HYBRID|wait=8|tol=0.0050|retrace=0.0050,pullback,3,-14.646914164751468,-27.36025141720191,853.5308583524853,42.51408750255249,0.691738778703277,26.47058823529412,-4.307915930809262,28.943126870826617,55.82204340301022,34,0,49,34,69.38775510204081,14,1,3.0588235294117645,2.0,0.5266711237118269,0.4515701431874636,-1.5056894785094146,6,17.647058823529413,-42.48312942935554,0.4122499001380822,49
HYBRID|wait=8|tol=0.0050|retrace=0.0050,atr_pullback,3,-4.591639298790176,-9.051050559294627,954.0836070120982,35.74178811318792,0.8878158149325202,28.125,-1.4348872808719229,28.18328344462353,55.87462584670222,32,2,49,34,69.38775510204081,14,1,3.0588235294117645,2.0,0.4566100735487401,0.35338297754701253,-1.5056894785094146,6,18.75,-33.53485926287766,0.5022607796563009,47
HYBRID|wait=8|tol=0.0050|retrace=0.0050,adx_pullback,3,8.047024387423495,16.90777410257509,1080.470243874235,22.20913586604638,1.3183208078925532,28.57142857142857,5.747874562445361,13.35482385447847,27.292179983836835,14,20,49,34,69.38775510204081,14,1,3.0588235294117645,2.0,0.719131220070133,0.6982323830138562,-1.5056894785094146,3,21.428571428571427,-9.275194973590965,0.7827116132363467,22
HYBRID|wait=8|tol=0.0050|retrace=0.0050,atr_adx_pullback,3,17.710043220870418,38.97238795952784,1177.1004322087042,15.25203001830771,1.9592130982030607,30.76923076923077,13.623110169900333,12.894312687082662,26.93095892629534,13,21,49,34,69.38775510204081,14,1,3.0588235294117645,2.0,0.6590381611072312,0.6753393374900614,-1.5056894785094146,3,23.076923076923077,4.83944753256228,1.1436556732387233,20
HYBRID|wait=2|tol=0.0050|retrace=0.0075,pullback,3,-8.101976836801624,-15.678573970988186,918.9802316319838,13.789112157486331,0.5383861416551721,31.25,-5.063735523000986,12.618005986645176,29.331451209828458,16,0,49,16,32.6530612244898,32,1,1.25,1.0,0.5639839335813506,0.24894586977973737,-0.3271513517098119,4,25.0,-42.48312942935554,0.4122499001380822,49
HYBRID|wait=2|tol=0.0050|retrace=0.0075,atr_pullback,3,-8.101976836801624,-15.678573970988186,918.9802316319838,13.789112157486331,0.5383861416551721,31.25,-5.063735523000986,12.618005986645176,29.331451209828458,16,0,49,16,32.6530612244898,32,1,1.25,1.0,0.5639839335813506,0.24894586977973737,-0.3271513517098119,4,25.0,-33.53485926287766,0.5022607796563009,47
HYBRID|wait=2|tol=0.0050|retrace=0.0075,adx_pullback,3,-1.905001038062187,-3.807721577179124,980.9499896193781,8.046282141586875,0.6958811819875231,20.0,-3.8100020761243285,2.5097858623071607,9.589280016469278,5,11,49,16,32.6530612244898,32,1,1.25,1.0,1.2572105943177192,1.1000538240621058,-0.008750228699169312,1,20.0,-9.275194973590965,0.7827116132363467,22
HYBRID|wait=2|tol=0.0050|retrace=0.0075,atr_adx_pullback,3,-1.905001038062187,-3.807721577179124,980.9499896193781,8.046282141586875,0.6958811819875231,20.0,-3.8100020761243285,2.5097858623071607,9.589280016469278,5,11,49,16,32.6530612244898,32,1,1.25,1.0,1.2572105943177192,1.1000538240621058,-0.008750228699169312,1,20.0,4.83944753256228,1.1436556732387233,20
HYBRID|wait=3|tol=0.0050|retrace=0.0075,pullback,3,-19.228606340852444,-35.015371613284096,807.7139365914755,24.172402948897503,0.30610777451285615,25.0,-9.614303170426206,16.117890858853325,33.997940794920936,20,0,49,20,40.816326530612244,28,1,1.6,1.0,0.6604958726441111,0.28222280066602595,-0.3271513517098119,4,20.0,-42.48312942935554,0.4122499001380822,49
HYBRID|wait=3|tol=0.0050|retrace=0.0075,atr_pullback,3,-9.713091387858436,-18.635680920210806,902.8690861214156,15.239306701552358,0.4905860775800042,27.77777777777778,-5.3961618821435495,15.358047432650244,32.726463261222165,18,2,49,20,40.816326530612244,28,1,1.6,1.0,0.550812311124433,0.24894586977973737,-0.3271513517098119,4,22.22222222222222,-33.53485926287766,0.5022607796563009,47
HYBRID|wait=3|tol=0.0050|retrace=0.0075,adx_pullback,3,-10.022817464093407,-19.19806167039323,899.7718253590659,14.044991958303822,0.28530868425146555,14.285714285714285,-14.318310662990566,5.019571724614321,12.61709580251456,7,13,49,20,40.816326530612244,28,1,1.6,1.0,1.227807841549859,1.1000538240621058,-0.008750228699169312,1,14.285714285714285,-9.275194973590965,0.7827116132363467,22
HYBRID|wait=3|tol=0.0050|retrace=0.0075,atr_adx_pullback,3,-1.9758470421466199,-3.9478904835583806,980.2415295785338,8.13823585944529,0.6880987699874281,16.666666666666664,-3.293078403577662,4.559060557218513,11.55145275841952,6,14,49,20,40.816326530612244,28,1,1.6,1.0,1.1823856507101926,0.954157378367333,-0.008750228699169312,1,16.666666666666664,4.83944753256228,1.1436556732387233,20
HYBRID|wait=5|tol=0.0050|retrace=0.0075,pullback,3,-27.510876171050224,-47.76306875131151,724.8912382894978,30.336669922293535,0.22361875532308026,23.076923076923077,-10.581106219634693,19.709877964540638,41.75784412894294,26,0,49,26,53.06122448979592,22,1,2.1538461538461537,2.0,0.6457663089852755,0.4247383143607869,-0.3271513517098119,4,15.384615384615385,-42.48312942935554,0.4122499001380822,49
HYBRID|wait=5|tol=0.0050|retrace=0.0075,atr_pullback,3,-18.971078719558705,-34.596496935017825,810.289212804413,22.129773532377133,0.3153681723366685,25.0,-7.90461613314945,18.950034538337555,40.9585648018464,24,2,49,26,53.06122448979592,22,1,2.1538461538461537,2.0,0.5622761742072807,0.28222280066602595,-0.3271513517098119,4,16.666666666666664,-33.53485926287766,0.5022607796563009,47
HYBRID|wait=5|tol=0.0050|retrace=0.0075,adx_pullback,3,-13.95194599472661,-26.161526112934453,860.4805400527339,17.79847995302581,0.22310912834300217,20.0,-13.95194599472661,7.552383145291273,17.582114983425342,10,16,49,26,53.06122448979592,22,1,2.1538461538461537,2.0,1.0779083734511063,0.9649295369252122,-0.008750228699169312,1,10.0,-9.275194973590965,0.7827116132363467,22
HYBRID|wait=5|tol=0.0050|retrace=0.0075,atr_adx_pullback,3,-6.256371117504898,-12.225605883409617,937.436288824951,10.446913902454082,0.41096866632814627,22.22222222222222,-6.951523463894343,7.091871977895464,16.716070046632662,9,17,49,26,53.06122448979592,22,1,2.1538461538461537,2.0,1.0309714164359118,0.8298052497883186,-0.008750228699169312,1,11.11111111111111,4.83944753256228,1.1436556732387233,20
HYBRID|wait=8|tol=0.0050|retrace=0.0075,pullback,3,-15.454464415948904,-28.740731657176532,845.455355840511,43.057978360432344,0.6696352828072603,24.242424242424242,-4.683171035136042,27.51554225189961,54.065756869106295,33,0,49,33,67.3469387755102,15,1,3.242424242424242,3,0.5421801344386408,0.36463872550084236,-1.5056894785094146,6,18.181818181818183,-42.48312942935554,0.4122499001380822,49
HYBRID|wait=8|tol=0.0050|retrace=0.0075,atr_pullback,3,-5.494325416071525,-10.779487537655575,945.0567458392848,36.34975365588502,0.8634092886130504,25.806451612903224,-1.772363037442427,26.755698825696523,54.066078718477506,31,2,49,33,67.3469387755102,15,1,3.242424242424242,3,0.4708596317365392,0.34212722959318265,-1.5056894785094146,6,19.35483870967742,-33.53485926287766,0.5022607796563009,47
HYBRID|wait=8|tol=0.0050|retrace=0.0075,adx_pullback,3,7.0247602146480626,14.686003306327589,1070.2476021464806,22.945137748784383,1.2866975212613407,23.076923076923077,5.403661703575442,11.927239235551463,25.33571164202302,13,20,49,33,67.3469387755102,15,1,3.242424242424242,3,0.7733048700965303,0.8298052497883186,-1.5056894785094146,3,23.076923076923077,-9.275194973590965,0.7827116132363467,22
HYBRID|wait=8|tol=0.0050|retrace=0.0075,atr_adx_pullback,3,16.596354429876286,36.331290774815805,1165.9635442987628,16.05385509325921,1.9349888378250957,25.0,13.830295358230245,11.466728068155653,24.977908201465148,12,21,49,33,67.3469387755102,15,1,3.242424242424242,3,0.7127185270555865,0.8190330912304394,-1.5056894785094146,3,25.0,4.83944753256228,1.1436556732387233,20
HYBRID|wait=2|tol=0.0075|retrace=0.0025,pullback,3,-17.579381140269174,-32.30936854255121,824.2061885973083,31.89031686596377,0.45783427573823027,35.714285714285715,-6.278350407238991,27.51554225189961,48.03580874198398,28,0,49,28,57.14285714285714,20,1,1.0714285714285714,1.0,0.39190437219190255,0.2908496010680892,-0.36051373206819665,7,25.0,-42.48312942935554,0.4122499001380822,49
HYBRID|wait=2|tol=0.0075|retrace=0.0025,atr_pullback,3,-14.145028361584183,-26.495559983003258,858.5497163841582,29.052280913760818,0.5199652699952579,37.03703703703704,-5.238899393179315,27.17015887635275,47.7695024927199,27,1,49,28,57.14285714285714,20,1,1.0714285714285714,1.0,0.3953228680103414,0.29072185364888187,-0.36051373206819665,7,25.925925925925924,-33.53485926287766,0.5022607796563009,47
HYBRID|wait=2|tol=0.0075|retrace=0.0025,adx_pullback,3,-9.598308287572149,-18.426765292297986,904.0169171242785,20.768294010359085,0.43776186031869946,27.27272727272727,-8.725734806883752,10.016117890858853,20.186245513519573,11,17,49,28,57.14285714285714,20,1,1.0714285714285714,1.0,0.6775370154254808,0.35332904804362625,-0.008750228699169312,1,9.090909090909092,-9.275194973590965,0.7827116132363467,22
HYBRID|wait=2|tol=0.0075|retrace=0.0025,atr_adx_pullback,3,-5.831395281752691,-11.420608606172443,941.6860471824731,17.466818804396624,0.5691436976928643,30.0,-5.8313952817526795,9.670734515311995,18.87443790765545,10,18,49,28,57.14285714285714,20,1,1.0714285714285714,1.0,0.7153302184586233,0.3750200085072669,-0.008750228699169312,1,10.0,4.83944753256228,1.1436556732387233,20
HYBRID|wait=3|tol=0.0075|retrace=0.0025,pullback,3,-26.712889692255647,-46.59590768661961,732.8711030774435,39.44113545283805,0.34043745012571636,35.483870967741936,-8.617061191050208,30.923324890628596,50.11133025155935,31,0,49,31,63.26530612244898,17,1,1.2580645161290323,1,0.41842683984354473,0.2909773484872965,-0.36051373206819665,7,22.58064516129032,-42.48312942935554,0.4122499001380822,49
HYBRID|wait=3|tol=0.0075|retrace=0.0025,atr_pullback,3,-16.831688561205365,-31.064223144336502,831.6831143879464,31.276066338422414,0.4706155374973159,37.93103448275862,-5.804030538346681,30.117430347685932,50.20784563405323,29,2,49,31,63.26530612244898,17,1,1.2580645161290323,1,0.38521676080924055,0.29072185364888187,-0.36051373206819665,7,24.137931034482758,-33.53485926287766,0.5022607796563009,47
HYBRID|wait=3|tol=0.0075|retrace=0.0025,adx_pullback,3,-19.616245980744612,-35.64331632258998,803.8375401925539,29.5484205643278,0.26254488241093393,28.57142857142857,-14.01160427196042,13.423900529587844,24.10533322158878,14,17,49,31,63.26530612244898,17,1,1.2580645161290323,1,0.6750583416754932,0.3750200085072669,-0.008750228699169312,1,7.142857142857142,-9.275194973590965,0.7827116132363467,22
HYBRID|wait=3|tol=0.0075|retrace=0.0025,atr_adx_pullback,3,-8.778214056743435,-16.926254281736163,912.2178594325657,20.049530193554425,0.46166207988022584,33.33333333333333,-7.3151783806195185,12.618005986645176,22.106695071690815,12,19,49,31,63.26530612244898,17,1,1.2580645161290323,1,0.637572567647916,0.3750200085072669,-0.008750228699169312,1,8.333333333333332,4.83944753256228,1.1436556732387233,20
HYBRID|wait=5|tol=0.0075|retrace=0.0025,pullback,3,-28.407762699014462,-49.05935376896798,715.9223730098554,39.44113545283805,0.3262956044085231,34.375,-8.877425843442019,31.01542712410776,51.47632537608747,32,0,49,32,65.3061224489796,16,1,1.34375,1.0,0.42635306899435027,0.2952911667906759,-0.36051373206819665,7,21.875,-42.48312942935554,0.4122499001380822,49
HYBRID|wait=5|tol=0.0075|retrace=0.0025,atr_pullback,3,-18.75507898393331,-34.24412120218959,812.4492101606669,31.276066338422414,0.4432214492895534,36.666666666666664,-6.251692994644441,30.209532581165092,51.756881189589315,30,2,49,32,65.3061224489796,16,1,1.34375,1.0,0.3947784078712432,0.2908496010680892,-0.36051373206819665,7,23.333333333333332,-33.53485926287766,0.5022607796563009,47
HYBRID|wait=5|tol=0.0075|retrace=0.0025,adx_pullback,3,-19.616245980744612,-35.64331632258998,803.8375401925539,29.5484205643278,0.26254488241093393,28.57142857142857,-14.01160427196042,13.423900529587844,24.10533322158878,14,18,49,32,65.3061224489796,16,1,1.34375,1.0,0.6750583416754932,0.3750200085072669,-0.008750228699169312,1,7.142857142857142,-9.275194973590965,0.7827116132363467,22
HYBRID|wait=5|tol=0.0075|retrace=0.0025,atr_adx_pullback,3,-8.778214056743435,-16.926254281736163,912.2178594325657,20.049530193554425,0.46166207988022584,33.33333333333333,-7.3151783806195185,12.618005986645176,22.106695071690815,12,20,49,32,65.3061224489796,16,1,1.34375,1.0,0.637572567647916,0.3750200085072669,-0.008750228699169312,1,8.333333333333332,4.83944753256228,1.1436556732387233,20
HYBRID|wait=8|tol=0.0075|retrace=0.0025,pullback,3,-18.495673105010486,-33.819671328523825,815.0432689498952,46.62264278044521,0.6511297055388195,31.57894736842105,-4.867282396055397,37.02509785862308,60.397487473320496,38,0,49,38,77.55102040816327,10,1,2.1842105263157894,1.0,0.35323818876489327,0.2908496010680892,-1.5056894785094146,11,28.947368421052634,-42.48312942935554,0.4122499001380822,49
HYBRID|wait=8|tol=0.0075|retrace=0.0025,atr_pullback,3,-7.506555868453961,-14.572232727785172,924.9344413154604,39.42584650459865,0.8368634313434133,33.33333333333333,-2.085154407903875,36.2192033156804,61.585292382939436,36,2,49,38,77.55102040816327,10,1,2.1842105263157894,1.0,0.3228640333717787,0.28222280066602595,-1.5056894785094146,11,30.555555555555557,-33.53485926287766,0.5022607796563009,47
HYBRID|wait=8|tol=0.0075|retrace=0.0025,adx_pullback,3,-2.7751669326558837,-5.522200485219675,972.2483306734412,35.64375442033773,0.9201478124325003,27.77777777777778,-1.541759407031034,18.37439557909279,32.4488700704206,18,20,49,38,77.55102040816327,10,1,2.1842105263157894,1.0,0.48195954893362547,0.3431900673466793,-1.5056894785094146,4,22.22222222222222,-9.275194973590965,0.7827116132363467,22
HYBRID|wait=8|tol=0.0075|retrace=0.0025,atr_adx_pullback,3,10.333524710896176,21.955082897892186,1103.3352471089618,26.966689600322525,1.404245968543466,31.25,6.458452944310125,17.568501036150128,31.396660509181864,16,22,49,38,77.55102040816327,10,1,2.1842105263157894,1.0,0.42970786932020916,0.3431900673466793,-1.5056894785094146,4,25.0,4.83944753256228,1.1436556732387233,20
HYBRID|wait=2|tol=0.0075|retrace=0.0050,pullback,3,-14.736688188538825,-27.51437740129161,852.6331181146118,26.950960396778413,0.459854532725043,33.33333333333333,-6.140286745224519,20.861155883030165,42.33383506861288,24,0,49,24,48.97959183673469,24,1,1.2083333333333333,1.0,0.46908717307083014,0.2628341935238735,-0.36051373206819665,7,29.166666666666668,-42.48312942935554,0.4122499001380822,49
HYBRID|wait=2|tol=0.0075|retrace=0.0050,atr_pullback,3,-14.736688188538825,-27.51437740129161,852.6331181146118,26.950960396778413,0.459854532725043,33.33333333333333,-6.140286745224519,20.861155883030165,42.33383506861288,24,0,49,24,48.97959183673469,24,1,1.2083333333333333,1.0,0.46908717307083014,0.2628341935238735,-0.36051373206819665,7,29.166666666666668,-33.53485926287766,0.5022607796563009,47
HYBRID|wait=2|tol=0.0075|retrace=0.0050,adx_pullback,3,-3.644550809294014,-7.219603782041895,963.5544919070599,15.996443868865102,0.681696000550166,33.33333333333333,-4.049500899215584,7.506332028551692,17.21682722763935,9,15,49,24,48.97959183673469,24,1,1.2083333333333333,1.0,0.9500607304528117,0.6753393374900614,-0.008750228699169312,1,11.11111111111111,-9.275194973590965,0.7827116132363467,22
HYBRID|wait=2|tol=0.0075|retrace=0.0050,atr_adx_pullback,3,-3.644550809294014,-7.219603782041895,963.5544919070599,15.996443868865102,0.681696000550166,33.33333333333333,-4.049500899215584,7.506332028551692,17.21682722763935,9,15,49,24,48.97959183673469,24,1,1.2083333333333333,1.0,0.9500607304528117,0.6753393374900614,-0.008750228699169312,1,11.11111111111111,4.83944753256228,1.1436556732387233,20
HYBRID|wait=3|tol=0.0075|retrace=0.0050,pullback,3,-22.726099102313142,-40.56971285067025,772.7390089768686,34.83859552347795,0.3669863883358619,34.48275862068966,-7.836585897349362,27.69974671885793,49.05470940322316,29,0,49,29,59.183673469387756,19,1,1.5172413793103448,1,0.5396044478481974,0.27372374768317004,-0.36051373206819665,7,24.137931034482758,-42.48312942935554,0.4122499001380822,49
HYBRID|wait=3|tol=0.0075|retrace=0.0050,atr_pullback,3,-13.622616716320568,-25.590020799287416,863.7738328367943,27.162061907244883,0.5085501273862348,37.03703703703704,-5.045413598637252,26.939903292654847,48.29201594385054,27,2,49,29,59.183673469387756,19,1,1.5172413793103448,1,0.4575271531464924,0.27130857552145504,-0.36051373206819665,7,25.925925925925924,-33.53485926287766,0.5022607796563009,47
HYBRID|wait=3|tol=0.0075|retrace=0.0050,adx_pullback,3,-11.613758560704799,-22.055776256332503,883.862414392952,22.888380174635707,0.3910683757467848,33.33333333333333,-9.678132133920684,12.065392585770205,21.91098733680901,12,17,49,29,59.183673469387756,19,1,1.5172413793103448,1,0.906226663866423,0.6982323830138562,-0.008750228699169312,1,8.333333333333332,-9.275194973590965,0.7827116132363467,22
HYBRID|wait=3|tol=0.0075|retrace=0.0050,atr_adx_pullback,3,-3.70907149979106,-7.344956445709916,962.9092850020894,15.992021493083467,0.6780202701208822,36.36363636363637,-3.3718831816282564,11.604881418374395,21.018070581606544,11,18,49,29,59.183673469387756,19,1,1.5172413793103448,1,0.8522162708917473,0.6753393374900614,-0.008750228699169312,1,9.090909090909092,4.83944753256228,1.1436556732387233,20
HYBRID|wait=5|tol=0.0075|retrace=0.0050,pullback,3,-24.51317254822311,-43.311137743574456,754.8682745177689,34.83859552347795,0.34905173599500805,33.33333333333333,-8.171057516074377,27.791848952337094,50.48714680529393,30,0,49,30,61.224489795918366,18,1,1.6,1.0,0.5440198386755682,0.28222280066602595,-0.36051373206819665,7,23.333333333333332,-42.48312942935554,0.4122499001380822,49
HYBRID|wait=5|tol=0.0075|retrace=0.0050,atr_pullback,3,-15.620221679965834,-29.02243512952205,843.7977832003417,27.162061907244883,0.4737535365891774,35.714285714285715,-5.578650599987802,27.032005526134007,49.893205906712225,28,2,49,30,61.224489795918366,18,1,1.6,1.0,0.4651892609865934,0.2725161616023125,-0.36051373206819665,7,25.0,-33.53485926287766,0.5022607796563009,47
HYBRID|wait=5|tol=0.0075|retrace=0.0050,adx_pullback,3,-11.613758560704799,-22.055776256332503,883.862414392952,22.888380174635707,0.3910683757467848,33.33333333333333,-9.678132133920684,12.065392585770205,21.91098733680901,12,18,49,30,61.224489795918366,18,1,1.6,1.0,0.906226663866423,0.6982323830138562,-0.008750228699169312,1,8.333333333333332,-9.275194973590965,0.7827116132363467,22
HYBRID|wait=5|tol=0.0075|retrace=0.0050,atr_adx_pullback,3,-3.70907149979106,-7.344956445709916,962.9092850020894,15.992021493083467,0.6780202701208822,36.36363636363637,-3.3718831816282564,11.604881418374395,21.018070581606544,11,19,49,30,61.224489795918366,18,1,1.6,1.0,0.8522162708917473,0.6753393374900614,-0.008750228699169312,1,9.090909090909092,4.83944753256228,1.1436556732387233,20
HYBRID|wait=8|tol=0.0075|retrace=0.0050,pullback,3,-16.018845651026652,-29.697589252564917,839.8115434897335,44.85802132529677,0.6854381096441934,31.57894736842105,-4.215485697638596,36.54156113285747,61.98034191403173,38,0,49,38,77.55102040816327,10,1,2.736842105263158,1.5,0.4311633821622649,0.2725161616023125,-1.5056894785094146,12,31.57894736842105,-42.48312942935554,0.4122499001380822,49
HYBRID|wait=8|tol=0.0075|retrace=0.0050,atr_pullback,3,-6.125195265970342,-11.977525729730631,938.7480473402966,38.361856051350216,0.8624646006189779,33.33333333333333,-1.7014431294362093,35.78171770665438,62.36129184937128,36,2,49,38,77.55102040816327,10,1,2.736842105263158,1.5,0.36358090748676763,0.261626607443016,-1.5056894785094146,12,33.33333333333333,-33.53485926287766,0.5022607796563009,47
HYBRID|wait=8|tol=0.0075|retrace=0.0050,adx_pullback,3,4.4695018894205765,9.226509784689885,1044.6950188942058,31.78459259272728,1.1476694073265856,33.33333333333333,2.4830566052336405,19.75592908128022,34.23565458920538,18,20,49,38,77.55102040816327,10,1,2.736842105263158,1.5,0.5768353033554285,0.5172762618265863,-1.5056894785094146,5,27.77777777777778,-9.275194973590965,0.7827116132363467,22
HYBRID|wait=8|tol=0.0075|retrace=0.0050,atr_adx_pullback,3,13.81257052089502,29.84139857067669,1138.1257052089502,25.683852935666827,1.582246659104214,35.294117647058826,8.125041482879423,19.29541791388441,34.169478219382555,17,21,49,38,77.55102040816327,10,1,2.736842105263158,1.5,0.522511439635874,0.45750103568147193,-1.5056894785094146,5,29.411764705882355,4.83944753256228,1.1436556732387233,20
HYBRID|wait=2|tol=0.0075|retrace=0.0075,pullback,3,-11.496202664185763,-21.84639373309042,885.0379733581424,24.17468593155978,0.4997591731912453,33.33333333333333,-5.474382221040829,18.927008979967763,38.001172395046055,21,0,49,21,42.857142857142854,27,1,1.1428571428571428,1,0.44212266189050053,0.22416799187630468,-0.36051373206819665,7,33.33333333333333,-42.48312942935554,0.4122499001380822,49
HYBRID|wait=2|tol=0.0075|retrace=0.0075,atr_pullback,3,-11.496202664185763,-21.84639373309042,885.0379733581424,24.17468593155978,0.4997591731912453,33.33333333333333,-5.474382221040829,18.927008979967763,38.001172395046055,21,0,49,21,42.857142857142854,27,1,1.1428571428571428,1,0.44212266189050053,0.22416799187630468,-0.36051373206819665,7,33.33333333333333,-33.53485926287766,0.5022607796563009,47
HYBRID|wait=2|tol=0.0075|retrace=0.0075,adx_pullback,3,0.017498337770075523,0.03532142435336283,1000.1749833777008,12.80383614751533,1.0027397803840392,33.33333333333333,0.02916389628342131,5.572185125489293,11.79783297079539,6,15,49,21,42.857142857142854,27,1,1.1428571428571428,1,1.0961717200126488,0.6955155862747011,-0.008750228699169312,1,16.666666666666664,-9.275194973590965,0.7827116132363467,22
HYBRID|wait=2|tol=0.0075|retrace=0.0075,atr_adx_pullback,3,0.017498337770075523,0.03532142435336283,1000.1749833777008,12.80383614751533,1.0027397803840392,33.33333333333333,0.02916389628342131,5.572185125489293,11.79783297079539,6,15,49,21,42.857142857142854,27,1,1.1428571428571428,1,1.0961717200126488,0.6955155862747011,-0.008750228699169312,1,16.666666666666664,4.83944753256228,1.1436556732387233,20
HYBRID|wait=3|tol=0.0075|retrace=0.0075,pullback,3,-19.78925613962175,-35.922585808335704,802.1074386037825,32.36209556744054,0.3794875708540733,34.61538461538461,-7.611252361392981,25.765599815795532,44.89282610873137,26,0,49,26,53.06122448979592,22,1,1.5,1.0,0.5259620282153197,0.261626607443016,-0.36051373206819665,7,26.923076923076923,-42.48312942935554,0.4122499001380822,49
HYBRID|wait=3|tol=0.0075|retrace=0.0075,atr_pullback,3,-10.33979020846449,-19.771562852175162,896.6020979153551,24.393810487041762,0.5573904171847115,37.5,-4.308245920193542,25.00575638959245,44.027112842600125,24,2,49,26,53.06122448979592,22,1,1.5,1.0,0.4324882033731617,0.23805631562044083,-0.36051373206819665,7,29.166666666666668,-33.53485926287766,0.5022607796563009,47
HYBRID|wait=3|tol=0.0075|retrace=0.0075,adx_pullback,3,-8.254584141473389,-15.960959499973415,917.4541585852661,19.957704805655716,0.4227123137873987,33.33333333333333,-9.171760157192681,10.131245682707805,16.6703975725843,9,17,49,26,53.06122448979592,22,1,1.5,1.0,0.9890226347108517,0.8082609326725603,-0.008750228699169312,1,11.11111111111111,-9.275194973590965,0.7827116132363467,22
HYBRID|wait=3|tol=0.0075|retrace=0.0075,atr_adx_pullback,3,-0.049474501947236155,-0.09983313967724117,999.5052549805276,12.799245696574529,0.9923403288602622,37.5,-0.0618431274340594,9.670734515311995,15.743544957300717,8,18,49,26,53.06122448979592,22,1,1.5,1.0,0.925107840726226,0.5496191405799284,-0.008750228699169312,1,12.5,4.83944753256228,1.1436556732387233,20
HYBRID|wait=5|tol=0.0075|retrace=0.0075,pullback,3,-25.227375272989725,-44.38847977322683,747.7262472701027,35.455106432702266,0.3166042475920087,31.03448275862069,-8.699094921720608,26.364264333410087,48.609699049791594,29,0,49,29,59.183673469387756,19,1,1.7586206896551724,1,0.5622662548462096,0.27372374768317004,-0.36051373206819665,7,24.137931034482758,-42.48312942935554,0.4122499001380822,49
HYBRID|wait=5|tol=0.0075|retrace=0.0075,atr_pullback,3,-16.418563187030475,-30.371326441742497,835.8143681296953,27.851202723044423,0.433439226924306,33.33333333333333,-6.0809493285298135,25.604420907206997,47.96427733414973,27,2,49,29,59.183673469387756,19,1,1.7586206896551724,1,0.4818676125147277,0.27130857552145504,-0.36051373206819665,7,25.925925925925924,-33.53485926287766,0.5022607796563009,47
HYBRID|wait=5|tol=0.0075|retrace=0.0075,adx_pullback,3,-12.450006375042472,-23.53706525853283,875.4999362495753,23.617955530357648,0.3199524163831383,27.27272727272727,-11.318187613674985,10.637807966843196,19.931094045243082,11,18,49,29,59.183673469387756,19,1,1.7586206896551724,1,0.9872587451518282,0.8298052497883186,-0.008750228699169312,1,9.090909090909092,-9.275194973590965,0.7827116132363467,22
HYBRID|wait=5|tol=0.0075|retrace=0.0075,atr_adx_pullback,3,-4.620107846484746,-9.105816845920234,953.7989215351525,16.786845294495837,0.5732490465656865,30.0,-4.620107846484757,10.177296799447387,19.04662543392324,10,19,49,29,59.183673469387756,19,1,1.7586206896551724,1,0.9359505210082253,0.8190330912304394,-0.008750228699169312,1,10.0,4.83944753256228,1.1436556732387233,20
HYBRID|wait=8|tol=0.0075|retrace=0.0075,pullback,3,-15.456700983455665,-28.744536437258517,845.4329901654434,44.48891745298642,0.6941563759217938,31.57894736842105,-4.0675528903830696,36.31130554915957,62.213967682187246,38,0,49,38,77.55102040816327,10,1,3.0,2.0,0.4485721896992833,0.2725161616023125,-1.5056894785094146,12,31.57894736842105,-42.48312942935554,0.4122499001380822,49
HYBRID|wait=8|tol=0.0075|retrace=0.0075,atr_pullback,3,-5.496825469084501,-10.7842513310063,945.031745309155,37.94926879640816,0.8753705177411291,33.33333333333333,-1.52689596363459,35.55146212295649,62.60735129310984,36,2,49,38,77.55102040816327,10,1,3.0,2.0,0.38195687099806497,0.261626607443016,-1.5056894785094146,12,33.33333333333333,-33.53485926287766,0.5022607796563009,47
HYBRID|wait=8|tol=0.0075|retrace=0.0075,adx_pullback,3,5.168789412510683,10.707236143141309,1051.6878941251068,31.32797910822049,1.173758084007573,33.33333333333333,2.8715496736170394,19.525673497582314,34.404725104116736,18,20,49,38,77.55102040816327,10,1,3.0,2.0,0.6135872303780232,0.5669547459075712,-1.5056894785094146,5,27.77777777777778,-9.275194973590965,0.7827116132363467,22
HYBRID|wait=8|tol=0.0075|retrace=0.0075,atr_adx_pullback,3,14.574397744119619,31.60159013644932,1145.7439774411962,25.18640292904932,1.6293140710503005,35.294117647058826,8.573175143599777,19.065162330186507,34.33810576951564,17,21,49,38,77.55102040816327,10,1,3.0,2.0,0.5614252447186212,0.45750103568147193,-1.5056894785094146,5,29.411764705882355,4.83944753256228,1.1436556732387233,20
LOW_TOUCH_CLOSE_ABOVE|wait=2|tol=-|retrace=-,pullback,4,14.941838263029966,31.849084333582113,1149.4183826302997,12.390174419340848,2.3046902867092567,28.57142857142857,21.345483232899955,8.357870894677237,16.661665944510467,7,0,45,7,15.555555555555555,37,1,1.2857142857142858,1,0.17954027613028276,0.06293437475550383,-0.15141095894634793,1,14.285714285714285,3.7683721914935178,1.0355346646554058,45
LOW_TOUCH_CLOSE_ABOVE|wait=2|tol=-|retrace=-,atr_pullback,4,15.378259736482185,32.84489931592278,1153.7825973648219,11.755174662652376,2.395995485132019,33.33333333333333,25.630432894136977,7.565118912797282,14.357314395563765,6,1,45,7,15.555555555555555,37,1,1.2857142857142858,1,0.19897459302607926,0.10699278786986366,-0.15141095894634793,1,16.666666666666664,4.227964465273521,1.0400420224866882,44
LOW_TOUCH_CLOSE_ABOVE|wait=2|tol=-|retrace=-,adx_pullback,4,-2.0786695681222795,-4.084846575937783,979.2133043187772,3.610433628774602,0.0,0.0,-20.786695681222795,0.40770101925254815,1.9801934978165938,1,6,45,7,15.555555555555555,37,1,1.2857142857142858,1,0.7338757569583748,0.7338757569583748,0.7338757569583748,0,0.0,-9.328312029572986,0.8536757388478479,26
LOW_TOUCH_CLOSE_ABOVE|wait=2|tol=-|retrace=-,atr_adx_pullback,4,-2.0786695681222795,-4.084846575937783,979.2133043187772,3.610433628774602,0.0,0.0,-20.786695681222795,0.40770101925254815,1.9801934978165938,1,6,45,7,15.555555555555555,37,1,1.2857142857142858,1,0.7338757569583748,0.7338757569583748,0.7338757569583748,0,0.0,-9.328312029572986,0.8536757388478479,26
LOW_TOUCH_CLOSE_ABOVE|wait=3|tol=-|retrace=-,pullback,4,51.14178837398292,127.07087567836628,1511.4178837398292,17.545506997908124,2.572534921632383,30.76923076923077,39.339837210756095,17.68969422423556,40.10593441910951,13,0,45,13,28.888888888888886,30,2,2.076923076923077,2,0.15220400896512257,0.08854363114488642,-0.2884596516244565,2,15.384615384615385,3.7683721914935178,1.0355346646554058,45
LOW_TOUCH_CLOSE_ABOVE|wait=3|tol=-|retrace=-,atr_pullback,4,51.7156570625229,128.78587113090686,1517.156570625229,16.947873311878308,2.618744287666569,33.33333333333333,43.09638088543576,16.896942242355607,37.0758470339299,12,1,45,13,28.888888888888886,30,2,2.076923076923077,2,0.15964314514925745,0.10715680402734558,-0.2884596516244565,2,16.666666666666664,4.227964465273521,1.0400420224866882,44
LOW_TOUCH_CLOSE_ABOVE|wait=3|tol=-|retrace=-,adx_pullback,4,15.420587794387504,32.941680199136236,1154.205877943875,12.339539528392274,2.4972663145750915,25.0,38.55146948596877,5.707814269535674,9.504417082389802,4,9,45,13,28.888888888888886,30,2,2.076923076923077,2,0.3429887929121598,0.28453434549312984,0.06901072370400477,0,0.0,-9.328312029572986,0.8536757388478479,26
LOW_TOUCH_CLOSE_ABOVE|wait=3|tol=-|retrace=-,atr_adx_pullback,4,15.420587794387504,32.941680199136236,1154.205877943875,12.339539528392274,2.4972663145750915,25.0,38.55146948596877,5.707814269535674,9.504417082389802,4,9,45,13,28.888888888888886,30,2,2.076923076923077,2,0.3429887929121598,0.28453434549312984,0.06901072370400477,0,0.0,-9.328312029572986,0.8536757388478479,26
LOW_TOUCH_CLOSE_ABOVE|wait=5|tol=-|retrace=-,pullback,4,41.45708309634072,99.09474396123757,1414.5708309634072,19.142722158519344,2.034529532024669,22.22222222222222,23.031712831300396,19.818799546998868,51.84492814834046,18,0,45,18,40.0,23,4,2.7222222222222223,3.0,0.31751378875071307,0.14748169414607853,-0.3610519405704554,3,16.666666666666664,3.7683721914935178,1.0355346646554058,45
LOW_TOUCH_CLOSE_ABOVE|wait=5|tol=-|retrace=-,atr_pullback,4,41.994180027867856,100.59844442259447,1419.9418002786786,18.8357159989853,2.0621684450310607,23.52941176470588,24.70245883992227,19.026047565118912,48.99029231000513,17,1,45,18,40.0,23,4,2.7222222222222223,3.0,0.33248904839749005,0.16919341138235236,-0.3610519405704554,3,17.647058823529413,4.227964465273521,1.0400420224866882,44
LOW_TOUCH_CLOSE_ABOVE|wait=5|tol=-|retrace=-,adx_pullback,4,11.372847908755329,23.845042994193435,1113.7284790875533,13.533075093960331,1.8299425510672043,14.285714285714285,16.2469255839362,7.338618346545866,15.476411787272701,7,11,45,18,40.0,23,4,2.7222222222222223,3.0,0.48949130617614584,0.4432987140764549,-0.3610519405704554,1,14.285714285714285,-9.328312029572986,0.8536757388478479,26
LOW_TOUCH_CLOSE_ABOVE|wait=5|tol=-|retrace=-,atr_adx_pullback,4,11.372847908755329,23.845042994193435,1113.7284790875533,13.533075093960331,1.8299425510672043,14.285714285714285,16.2469255839362,7.338618346545866,15.476411787272701,7,11,45,18,40.0,23,4,2.7222222222222223,3.0,0.48949130617614584,0.4432987140764549,-0.3610519405704554,1,14.285714285714285,-9.328312029572986,0.8536757388478479,26
LOW_TOUCH_CLOSE_ABOVE|wait=8|tol=-|retrace=-,pullback,4,51.55158734685492,128.2948981578236,1515.5158734685492,17.89973825810942,1.9019415173030116,29.166666666666668,21.47982806118955,27.746319365798417,73.28985196772224,24,0,45,24,53.333333333333336,16,5,3.6666666666666665,3.0,0.34320473096135823,0.15635869290569393,-0.3610519405704554,4,16.666666666666664,3.7683721914935178,1.0355346646554058,45
LOW_TOUCH_CLOSE_ABOVE|wait=8|tol=-|retrace=-,atr_pullback,4,52.127011996864304,130.01913827011987,1521.270119968643,17.588012625896926,1.9212841865913552,30.434782608695656,22.663918259506218,26.953567383918458,70.23150675709539,23,1,45,24,53.333333333333336,16,5,3.6666666666666665,3.0,0.3553903986224824,0.16919341138235236,-0.3610519405704554,4,17.391304347826086,4.227964465273521,1.0400420224866882,44
LOW_TOUCH_CLOSE_ABOVE|wait=8|tol=-|retrace=-,adx_pullback,4,15.757119165132828,33.712386219997946,1157.5711916513283,15.19945024497648,1.9547395188215115,20.0,15.757119165132838,11.778029445073612,22.387855577434667,10,14,45,24,53.333333333333336,16,5,3.6666666666666665,3.0,0.44441756189113824,0.37191903549600847,-0.3610519405704554,2,20.0,-9.328312029572986,0.8536757388478479,26
LOW_TOUCH_CLOSE_ABOVE|wait=8|tol=-|retrace=-,atr_adx_pullback,4,15.757119165132828,33.712386219997946,1157.5711916513283,15.19945024497648,1.9547395188215115,20.0,15.757119165132838,11.778029445073612,22.387855577434667,10,14,45,24,53.333333333333336,16,5,3.6666666666666665,3.0,0.44441756189113824,0.37191903549600847,-0.3610519405704554,2,20.0,-9.328312029572986,0.8536757388478479,26
LOW_TOUCH|wait=2|tol=-|retrace=-,pullback,4,17.366740024383468,37.429232401647994,1173.6674002438347,12.390174419340845,2.485191098721549,37.5,21.70842503047932,8.425821064552661,19.422273322251925,8,0,45,8,17.77777777777778,36,1,1.25,1.0,0.9646009105462114,0.11606389306892809,-0.15141095894634793,1,12.5,3.7683721914935178,1.0355346646554058,45
LOW_TOUCH|wait=2|tol=-|retrace=-,atr_pullback,4,17.812368582180806,38.46719250071779,1178.123685821808,11.755174662652369,2.583653710963654,42.857142857142854,25.44624083168685,7.633069082672707,17.069307393943795,7,1,45,8,17.77777777777778,36,1,1.25,1.0,1.0934104156591697,0.16919341138235236,-0.15141095894634793,1,14.285714285714285,4.227964465273521,1.0400420224866882,44
LOW_TOUCH|wait=2|tol=-|retrace=-,adx_pullback,4,21.51965864119604,47.252471038979735,1215.1965864119604,5.820129744242044,9.344600384577658,66.66666666666666,71.73219547065344,4.235560588901472,7.1298374647264735,3,5,45,8,17.77777777777778,36,1,1.25,1.0,2.5275118924105358,2.418643973378858,0.7338757569583748,0,0.0,-9.328312029572986,0.8536757388478479,26
LOW_TOUCH|wait=2|tol=-|retrace=-,atr_adx_pullback,4,21.51965864119604,47.252471038979735,1215.1965864119604,5.820129744242044,9.344600384577658,66.66666666666666,71.73219547065344,4.235560588901472,7.1298374647264735,3,5,45,8,17.77777777777778,36,1,1.25,1.0,2.5275118924105358,2.418643973378858,0.7338757569583748,0,0.0,-9.328312029572986,0.8536757388478479,26
LOW_TOUCH|wait=3|tol=-|retrace=-,pullback,4,57.76952483375003,147.26782649298684,1577.6952483375003,15.683835560790424,2.5210843287291427,35.294117647058826,33.98207343161769,19.818799546998868,53.98974872964197,17,0,45,17,37.77777777777778,27,1,2.176470588235294,3,0.8541284395767897,0.16919341138235236,-0.2884596516244565,2,11.76470588235294,3.7683721914935178,1.0355346646554058,45
LOW_TOUCH|wait=3|tol=-|retrace=-,atr_pullback,4,58.36855830610704,149.1353632113273,1583.6855830610705,15.072708400692264,2.5614858339013415,37.5,36.48034894131692,19.026047565118912,50.82678862372054,16,1,45,17,37.77777777777778,27,1,2.176470588235294,3,0.9035780686281201,0.226450100403136,-0.2884596516244565,2,12.5,4.227964465273521,1.0400420224866882,44
LOW_TOUCH|wait=3|tol=-|retrace=-,adx_pullback,4,39.22722495388034,92.91191115107674,1392.2722495388034,14.768475517771085,3.336675912406247,37.5,49.03403119235041,9.671574178935447,22.74593496151319,8,9,45,17,37.77777777777778,27,1,2.176470588235294,3,1.3699406130334972,0.9829080735420141,0.06901072370400477,0,0.0,-9.328312029572986,0.8536757388478479,26
LOW_TOUCH|wait=3|tol=-|retrace=-,atr_adx_pullback,4,39.22722495388034,92.91191115107674,1392.2722495388034,14.768475517771085,3.336675912406247,37.5,49.03403119235041,9.671574178935447,22.74593496151319,8,9,45,17,37.77777777777778,27,1,2.176470588235294,3,1.3699406130334972,0.9829080735420141,0.06901072370400477,0,0.0,-9.328312029572986,0.8536757388478479,26
LOW_TOUCH|wait=5|tol=-|retrace=-,pullback,4,66.57251205321536,175.4135263272604,1665.7251205321536,14.746988333526659,2.2843180516046044,30.76923076923077,25.60481232815977,27.429218573046434,82.51273946376679,26,0,45,26,57.77777777777777,18,1,2.9615384615384617,3.0,0.9114446905492662,0.45484538839802624,-0.3610519405704554,3,11.538461538461538,3.7683721914935178,1.0355346646554058,45
LOW_TOUCH|wait=5|tol=-|retrace=-,atr_pullback,4,67.20496949643591,177.4936387318493,1672.049694964359,14.746988333526659,2.312534159441424,32.0,26.88198779857437,26.63646659116648,79.15126860504135,25,1,45,26,57.77777777777777,18,1,2.9615384615384617,3.0,0.9453851031810168,0.46639206271959766,-0.3610519405704554,3,12.0,4.227964465273521,1.0400420224866882,44
LOW_TOUCH|wait=5|tol=-|retrace=-,adx_pullback,4,40.71204636765528,97.01817640494446,1407.1204636765528,15.70798384314257,2.7173507436873354,28.57142857142857,29.080033119753775,15.175537938844846,37.99441702926278,14,12,45,26,57.77777777777777,18,1,2.9615384615384617,3.0,1.2848856581172867,1.1525963461620656,-0.3610519405704554,1,7.142857142857142,-9.328312029572986,0.8536757388478479,26
LOW_TOUCH|wait=5|tol=-|retrace=-,atr_adx_pullback,4,40.71204636765528,97.01817640494446,1407.1204636765528,15.70798384314257,2.7173507436873354,28.57142857142857,29.080033119753775,15.175537938844846,37.99441702926278,14,12,45,26,57.77777777777777,18,1,2.9615384615384617,3.0,1.2848856581172867,1.1525963461620656,-0.3610519405704554,1,7.142857142857142,-9.328312029572986,0.8536757388478479,26
LOW_TOUCH|wait=8|tol=-|retrace=-,pullback,4,48.87212629043584,120.3507980722386,1488.7212629043584,19.099892610599888,1.7259577736826015,25.806451612903224,15.765202029172835,28.584371460928654,94.83483006781222,31,0,45,31,68.88888888888889,13,1,3.5483870967741935,3,0.9770949914049206,0.5141845138948439,-0.3610519405704554,3,9.67741935483871,3.7683721914935178,1.0355346646554058,45
LOW_TOUCH|wait=8|tol=-|retrace=-,atr_pullback,4,49.437377322553125,122.01503887603442,1494.3737732255313,18.79272383199963,1.7405722597454834,26.666666666666668,16.479125774184375,27.791619479048695,91.8305569855769,30,1,45,31,68.88888888888889,13,1,3.5483870967741935,3,1.0075670119599012,0.5292834158995459,-0.3610519405704554,3,10.0,4.227964465273521,1.0400420224866882,44
LOW_TOUCH|wait=8|tol=-|retrace=-,adx_pullback,4,35.52042143567765,82.84814538733289,1355.2042143567764,18.443190868536742,2.24215856754349,23.52941176470588,20.8943655503986,16.10419026047565,45.77782224123082,17,14,45,31,68.88888888888889,13,1,3.5483870967741935,3,1.2867997119283656,1.2319403901256536,-0.3610519405704554,1,5.88235294117647,-9.328312029572986,0.8536757388478479,26
LOW_TOUCH|wait=8|tol=-|retrace=-,atr_adx_pullback,4,35.52042143567765,82.84814538733289,1355.2042143567764,18.443190868536742,2.24215856754349,23.52941176470588,20.8943655503986,16.10419026047565,45.77782224123082,17,14,45,31,68.88888888888889,13,1,3.5483870967741935,3,1.2867997119283656,1.2319403901256536,-0.3610519405704554,1,5.88235294117647,-9.328312029572986,0.8536757388478479,26
CLOSE_NEAR_EMA|wait=2|tol=0.0025|retrace=-,pullback,4,9.344504583874505,19.407041612690932,1093.445045838745,13.808973026739507,1.7839265607055006,25.0,11.68063072984313,8.335220838052095,18.307182889967258,8,0,45,8,17.77777777777778,36,1,1.375,1.0,0.2460935196082455,0.11606389306892809,0.008762615589200612,0,0.0,3.7683721914935178,1.0355346646554058,45
CLOSE_NEAR_EMA|wait=2|tol=0.0025|retrace=-,atr_pullback,4,9.759673599139388,20.30888572966678,1097.5967359913939,13.184256782939205,1.8483015023502358,28.57142857142857,13.94239085591341,7.542468856172141,16.115046568551694,7,1,45,8,17.77777777777778,36,1,1.375,1.0,0.27225911173006573,0.16919341138235236,0.008762615589200612,0,0.0,4.227964465273521,1.0400420224866882,44
CLOSE_NEAR_EMA|wait=2|tol=0.0025|retrace=-,adx_pullback,4,-3.0391400381509013,-5.9437278050145315,969.608599618491,3.0391400381509013,0.0,0.0,-15.195700190754508,0.2944507361268403,3.9460195375476403,2,6,45,8,17.77777777777778,36,1,1.375,1.0,0.5842794275379659,0.5842794275379659,0.5027230833682357,0,0.0,-9.328312029572986,0.8536757388478479,26
CLOSE_NEAR_EMA|wait=2|tol=0.0025|retrace=-,atr_adx_pullback,4,-3.0391400381509013,-5.9437278050145315,969.608599618491,3.0391400381509013,0.0,0.0,-15.195700190754508,0.2944507361268403,3.9460195375476403,2,6,45,8,17.77777777777778,36,1,1.375,1.0,0.5842794275379659,0.5842794275379659,0.5027230833682357,0,0.0,-9.328312029572986,0.8536757388478479,26
CLOSE_NEAR_EMA|wait=3|tol=0.0025|retrace=-,pullback,4,0.22070165201112107,0.43867152426491085,1002.2070165201112,19.181975164036363,1.0105406273235342,18.181818181818183,0.20063786546463483,8.652321630804078,24.27392525349574,11,0,45,11,24.444444444444443,32,2,1.8181818181818181,2,0.5073829713480786,0.497854613947754,0.008762615589200612,0,0.0,3.7683721914935178,1.0355346646554058,45
CLOSE_NEAR_EMA|wait=3|tol=0.0025|retrace=-,atr_pullback,4,0.601228594561826,1.197253462211556,1006.0122859456183,18.596202669150713,1.0292459609072426,20.0,0.6012285945618032,7.859569648924122,22.264702740803262,10,1,45,11,24.444444444444443,32,2,1.8181818181818181,2,0.5518278310073362,0.5002888486579948,0.008762615589200612,0,0.0,4.227964465273521,1.0400420224866882,44
CLOSE_NEAR_EMA|wait=3|tol=0.0025|retrace=-,adx_pullback,4,-11.1296406240064,-20.8850089559128,888.703593759936,11.573369071140563,0.0,0.0,-22.259281248012805,0.6115515288788221,9.474440166427435,5,6,45,11,24.444444444444443,32,2,1.8181818181818181,2,0.9562046766077668,0.8655912447107124,0.5027230833682357,0,0.0,-9.328312029572986,0.8536757388478479,26
CLOSE_NEAR_EMA|wait=3|tol=0.0025|retrace=-,atr_adx_pullback,4,-11.1296406240064,-20.8850089559128,888.703593759936,11.573369071140563,0.0,0.0,-22.259281248012805,0.6115515288788221,9.474440166427435,5,6,45,11,24.444444444444443,32,2,1.8181818181818181,2,0.9562046766077668,0.8655912447107124,0.5027230833682357,0,0.0,-9.328312029572986,0.8536757388478479,26
CLOSE_NEAR_EMA|wait=5|tol=0.0025|retrace=-,pullback,4,41.12498566945085,98.16778657909609,1411.2498566945085,16.713063338617204,2.1018325931521873,28.57142857142857,19.583326509262324,22.2876557191393,58.05310395702226,21,0,45,21,46.666666666666664,22,2,3.0952380952380953,3,0.6873099935139066,0.6068217983141987,0.008762615589200612,0,0.0,3.7683721914935178,1.0355346646554058,45
CLOSE_NEAR_EMA|wait=5|tol=0.0025|retrace=-,atr_pullback,4,41.66082166370252,99.66448602065971,1416.6082166370252,16.109396065400063,2.1324465805810555,30.0,20.830410831851275,21.494903737259342,55.22383322117151,20,1,45,21,46.666666666666664,22,2,3.0952380952380953,3,0.7185287744518267,0.6280262961187952,0.008762615589200612,0,0.0,4.227964465273521,1.0400420224866882,44
CLOSE_NEAR_EMA|wait=5|tol=0.0025|retrace=-,adx_pullback,4,16.000483208550076,34.27110315055381,1160.0048320855008,10.79570951640229,1.931319456420227,20.0,16.000483208550065,10.215175537938844,22.822451674627743,10,11,45,21,46.666666666666664,22,2,3.0952380952380953,3,0.8636156037425801,0.7907388629391596,0.20854164352107427,0,0.0,-9.328312029572986,0.8536757388478479,26
CLOSE_NEAR_EMA|wait=5|tol=0.0025|retrace=-,atr_adx_pullback,4,16.000483208550076,34.27110315055381,1160.0048320855008,10.79570951640229,1.931319456420227,20.0,16.000483208550065,10.215175537938844,22.822451674627743,10,11,45,21,46.666666666666664,22,2,3.0952380952380953,3,0.8636156037425801,0.7907388629391596,0.20854164352107427,0,0.0,-9.328312029572986,0.8536757388478479,26
CLOSE_NEAR_EMA|wait=8|tol=0.0025|retrace=-,pullback,4,25.43270700547293,56.81623092412531,1254.3270700547293,18.80238183367404,1.5018007052494449,24.0,10.173082802189178,23.32955832389581,65.28682302155741,25,0,45,25,55.55555555555556,17,3,3.72,4,0.6620086148463017,0.5027230833682357,-0.04348324597021308,1,4.0,3.7683721914935178,1.0355346646554058,45
CLOSE_NEAR_EMA|wait=8|tol=0.0025|retrace=-,atr_pullback,4,25.90896114963548,58.00061497212787,1259.0896114963548,18.494083439490822,1.516046608821187,25.0,10.795400479014788,22.536806342015854,62.77204075022113,24,1,45,25,55.55555555555556,17,3,3.72,4,0.6869700415167516,0.5547724408412171,-0.04348324597021308,1,4.166666666666666,4.227964465273521,1.0400420224866882,44
CLOSE_NEAR_EMA|wait=8|tol=0.0025|retrace=-,adx_pullback,4,4.697437056798253,9.542410763803,1046.9743705679825,18.76498512066407,1.1663225374246489,15.384615384615385,3.613413120614032,11.14382785956965,28.84088595104476,13,12,45,25,55.55555555555556,17,3,3.72,4,0.7055453498896529,0.6658357717076963,-0.04348324597021308,1,7.6923076923076925,-9.328312029572986,0.8536757388478479,26
CLOSE_NEAR_EMA|wait=8|tol=0.0025|retrace=-,atr_adx_pullback,4,4.697437056798253,9.542410763803,1046.9743705679825,18.76498512066407,1.1663225374246489,15.384615384615385,3.613413120614032,11.14382785956965,28.84088595104476,13,12,45,25,55.55555555555556,17,3,3.72,4,0.7055453498896529,0.6658357717076963,-0.04348324597021308,1,7.6923076923076925,-9.328312029572986,0.8536757388478479,26
CLOSE_NEAR_EMA|wait=2|tol=0.0050|retrace=-,pullback,4,-2.17549159199624,-4.2730529277938745,978.2450840800376,18.759233336637028,0.9259728107866395,20.0,-1.4503277279974858,13.476783691959229,32.063614680079326,15,0,45,15,33.33333333333333,29,1,1.3333333333333333,1,0.21049086682496562,0.16919341138235236,-0.1842391576890919,3,20.0,3.7683721914935178,1.0355346646554058,45
CLOSE_NEAR_EMA|wait=2|tol=0.0050|retrace=-,atr_pullback,4,-1.8040627307188968,-3.5500571740496922,981.959372692811,18.170396790935595,0.9378259046092551,21.428571428571427,-1.2886162362277755,12.684031710079275,30.10243099899809,14,1,45,15,33.33333333333333,29,1,1.3333333333333333,1,0.2210306162584986,0.1946014732157389,-0.1842391576890919,3,21.428571428571427,4.227964465273521,1.0400420224866882,44
CLOSE_NEAR_EMA|wait=2|tol=0.0050|retrace=-,adx_pullback,4,-10.929608320995817,-20.531056273918047,890.7039167900418,10.989168971364633,0.34528421161273365,12.5,-13.662010401244785,5.277463193657985,15.053723800021931,8,7,45,15,33.33333333333333,29,1,1.3333333333333333,1,0.3734151272345459,0.4092049952132958,-0.0651167016767942,1,12.5,-9.328312029572986,0.8536757388478479,26
CLOSE_NEAR_EMA|wait=2|tol=0.0050|retrace=-,atr_adx_pullback,4,-10.929608320995817,-20.531056273918047,890.7039167900418,10.989168971364633,0.34528421161273365,12.5,-13.662010401244785,5.277463193657985,15.053723800021931,8,7,45,15,33.33333333333333,29,1,1.3333333333333333,1,0.3734151272345459,0.4092049952132958,-0.0651167016767942,1,12.5,-9.328312029572986,0.8536757388478479,26
CLOSE_NEAR_EMA|wait=3|tol=0.0050|retrace=-,pullback,4,12.72277162032931,26.843212848784724,1127.227716203293,23.619627356494963,1.2793581902280948,21.052631578947366,6.696195589647022,18.527746319365797,47.587421495802445,19,0,45,19,42.22222222222222,24,2,1.6842105263157894,1,0.37963822339020215,0.2551982601577725,-0.1842391576890919,3,15.789473684210526,3.7683721914935178,1.0355346646554058,45
CLOSE_NEAR_EMA|wait=3|tol=0.0050|retrace=-,atr_pullback,4,13.150767542663447,27.801220046191432,1131.5076754266345,23.06601915418497,1.2914952113758063,22.22222222222222,7.305981968146379,17.734994337485844,45.32755774810024,18,1,45,19,42.22222222222222,24,2,1.6842105263157894,1,0.39723288164768544,0.2854425836080642,-0.1842391576890919,3,16.666666666666664,4.227964465273521,1.0400420224866882,44
CLOSE_NEAR_EMA|wait=3|tol=0.0050|retrace=-,adx_pullback,4,2.6354395515081253,5.3005078738400435,1026.3543955150813,18.8815510091458,1.090867821150631,16.666666666666664,2.1961996262567616,10.328425821064553,26.272470648385756,12,7,45,19,42.22222222222222,24,2,1.6842105263157894,1,0.5869236883263104,0.5443916726373756,-0.0651167016767942,1,8.333333333333332,-9.328312029572986,0.8536757388478479,26
CLOSE_NEAR_EMA|wait=3|tol=0.0050|retrace=-,atr_adx_pullback,4,2.6354395515081253,5.3005078738400435,1026.3543955150813,18.8815510091458,1.090867821150631,16.666666666666664,2.1961996262567616,10.328425821064553,26.272470648385756,12,7,45,19,42.22222222222222,24,2,1.6842105263157894,1,0.5869236883263104,0.5443916726373756,-0.0651167016767942,1,8.333333333333332,-9.328312029572986,0.8536757388478479,26
CLOSE_NEAR_EMA|wait=5|tol=0.0050|retrace=-,pullback,4,19.100969386199132,41.49041703608758,1191.0096938619913,21.80380831474681,1.3399462102455935,26.923076923076923,7.346526686999666,25.390713476783695,66.71432426716427,26,0,45,26,57.77777777777777,17,2,2.3846153846153846,2.0,0.530649451669728,0.46560162572711694,-0.1842391576890919,4,15.384615384615385,3.7683721914935178,1.0355346646554058,45
CLOSE_NEAR_EMA|wait=5|tol=0.0050|retrace=-,atr_pullback,4,19.553182621471795,42.55904999515827,1195.531826214718,21.237038978488002,1.3508178450103216,28.000000000000004,7.8212730485887185,24.597961494903736,64.3265905451918,25,1,45,26,57.77777777777777,17,2,2.3846153846153846,2.0,0.549358054746297,0.48790453737777895,-0.1842391576890919,4,16.0,4.227964465273521,1.0400420224866882,44
CLOSE_NEAR_EMA|wait=5|tol=0.0050|retrace=-,adx_pullback,4,-3.3204311889272615,-6.484716210123853,966.7956881107274,23.311574676967044,0.9036656429435823,13.333333333333334,-2.2136207926181592,11.59682899207248,31.827707604330325,15,11,45,26,57.77777777777777,17,2,2.3846153846153846,2.0,0.6364285193527461,0.5860602619065157,-0.0651167016767942,1,6.666666666666667,-9.328312029572986,0.8536757388478479,26
CLOSE_NEAR_EMA|wait=5|tol=0.0050|retrace=-,atr_adx_pullback,4,-3.3204311889272615,-6.484716210123853,966.7956881107274,23.311574676967044,0.9036656429435823,13.333333333333334,-2.2136207926181592,11.59682899207248,31.827707604330325,15,11,45,26,57.77777777777777,17,2,2.3846153846153846,2.0,0.6364285193527461,0.5860602619065157,-0.0651167016767942,1,6.666666666666667,-9.328312029572986,0.8536757388478479,26
CLOSE_NEAR_EMA|wait=8|tol=0.0050|retrace=-,pullback,4,15.682970924280129,33.54238598254344,1156.8297092428013,22.86671291210473,1.2645441598166534,26.666666666666668,5.227656974760036,28.856172140430353,75.07483552953205,30,0,45,30,66.66666666666666,12,3,3.0,2.5,0.5438866200277722,0.46560162572711694,-0.1842391576890919,4,13.333333333333334,3.7683721914935178,1.0355346646554058,45
CLOSE_NEAR_EMA|wait=8|tol=0.0050|retrace=-,atr_pullback,4,16.122206396646334,34.55098994373955,1161.2220639664633,22.573846334435427,1.2739832681697654,27.586206896551722,5.559381516084935,28.063420158550397,72.75128594906035,29,1,45,30,66.66666666666666,12,3,3.0,2.5,0.5604711802095746,0.48790453737777895,-0.1842391576890919,4,13.793103448275861,4.227964465273521,1.0400420224866882,44
CLOSE_NEAR_EMA|wait=8|tol=0.0050|retrace=-,adx_pullback,4,-4.641763706352037,-9.005218689437944,953.5823629364796,24.613171896754864,0.8722312097190433,16.666666666666664,-2.5787576146400144,14.949037372593432,37.67656431937016,18,12,45,30,66.66666666666666,12,3,3.0,2.5,0.5825204806380897,0.5293820839890393,-0.0651167016767942,1,5.555555555555555,-9.328312029572986,0.8536757388478479,26
CLOSE_NEAR_EMA|wait=8|tol=0.0050|retrace=-,atr_adx_pullback,4,-4.641763706352037,-9.005218689437944,953.5823629364796,24.613171896754864,0.8722312097190433,16.666666666666664,-2.5787576146400144,14.949037372593432,37.67656431937016,18,12,45,30,66.66666666666666,12,3,3.0,2.5,0.5825204806380897,0.5293820839890393,-0.0651167016767942,1,5.555555555555555,-9.328312029572986,0.8536757388478479,26
CLOSE_NEAR_EMA|wait=2|tol=0.0075|retrace=-,pullback,4,64.3001945759465,168.00411758972044,1643.0019457594651,15.036226619133261,2.1361935431543935,31.818181818181817,29.227361170884784,30.713476783691963,71.82861345085043,22,0,45,22,48.888888888888886,22,1,1.2727272727272727,1.0,0.33543772348975404,0.1702058497921155,-0.2708508654463853,6,27.27272727272727,3.7683721914935178,1.0355346646554058,45
CLOSE_NEAR_EMA|wait=2|tol=0.0075|retrace=-,atr_pullback,4,64.9240242805075,170.02826904267718,1649.240242805075,14.71362854928086,2.1600036068167703,33.33333333333333,30.916202038336912,29.920724801812003,68.53264250621592,21,1,45,22,48.888888888888886,22,1,1.2727272727272727,1.0,0.34841407342948016,0.17121828820187868,-0.2708508654463853,6,28.57142857142857,4.227964465273521,1.0400420224866882,44
CLOSE_NEAR_EMA|wait=2|tol=0.0075|retrace=-,adx_pullback,4,30.726277483775537,70.2292729236621,1307.2627748377554,18.28335615068919,1.941133616426965,23.076923076923077,23.635598064442714,15.605889014722537,35.40826504781821,13,9,45,22,48.888888888888886,22,1,1.2727272727272727,1.0,0.4385380784032963,0.31568690705835584,-0.2708508654463853,3,23.076923076923077,-9.328312029572986,0.8536757388478479,26
CLOSE_NEAR_EMA|wait=2|tol=0.0075|retrace=-,atr_adx_pullback,4,30.726277483775537,70.2292729236621,1307.2627748377554,18.28335615068919,1.941133616426965,23.076923076923077,23.635598064442714,15.605889014722537,35.40826504781821,13,9,45,22,48.888888888888886,22,1,1.2727272727272727,1.0,0.4385380784032963,0.31568690705835584,-0.2708508654463853,3,23.076923076923077,-9.328312029572986,0.8536757388478479,26
CLOSE_NEAR_EMA|wait=3|tol=0.0075|retrace=-,pullback,4,44.38472802310623,107.35933365111654,1443.8472802310623,21.695564884144453,1.6111722051336737,27.586206896551722,15.305078628657322,33.884484711211776,87.1134617369271,29,0,45,29,64.44444444444444,14,2,1.6896551724137931,1,0.3978685160177995,0.2200095350491254,-0.2891141246692928,8,27.586206896551722,3.7683721914935178,1.0355346646554058,45
CLOSE_NEAR_EMA|wait=3|tol=0.0075|retrace=-,atr_pullback,4,44.932940899288425,108.92545397892665,1449.3294089928843,21.398251586675666,1.623427170103882,28.57142857142857,16.04747889260301,33.091732729331824,84.21700826868037,28,1,45,29,64.44444444444444,14,2,1.6896551724137931,1,0.4098304496343101,0.22622464078795645,-0.2891141246692928,8,28.57142857142857,4.227964465273521,1.0400420224866882,44
CLOSE_NEAR_EMA|wait=3|tol=0.0075|retrace=-,adx_pullback,4,19.324045424839436,42.01707312600247,1193.2404542483944,23.377432848386377,1.4469725877878945,22.22222222222222,10.735580791577458,17.68969422423556,45.92055849068797,18,11,45,29,64.44444444444444,14,2,1.6896551724137931,1,0.5305753007485621,0.4920326076303373,-0.2708508654463853,4,22.22222222222222,-9.328312029572986,0.8536757388478479,26
CLOSE_NEAR_EMA|wait=3|tol=0.0075|retrace=-,atr_adx_pullback,4,19.324045424839436,42.01707312600247,1193.2404542483944,23.377432848386377,1.4469725877878945,22.22222222222222,10.735580791577458,17.68969422423556,45.92055849068797,18,11,45,29,64.44444444444444,14,2,1.6896551724137931,1,0.5305753007485621,0.4920326076303373,-0.2708508654463853,4,22.22222222222222,-9.328312029572986,0.8536757388478479,26
CLOSE_NEAR_EMA|wait=5|tol=0.0075|retrace=-,pullback,4,47.56184576106209,116.51690695529071,1475.618457610621,21.69556488414446,1.5736307312526707,29.411764705882355,13.988778165018255,37.96149490373726,103.34803789673028,34,0,45,34,75.55555555555556,9,2,2.088235294117647,2.0,0.4281865012748222,0.27406332679257167,-0.2891141246692928,9,26.47058823529412,3.7683721914935178,1.0355346646554058,45
CLOSE_NEAR_EMA|wait=5|tol=0.0075|retrace=-,atr_pullback,4,48.122121802628435,118.15219157608206,1481.2212180262843,21.398251586675684,1.584336632304841,30.303030303030305,14.58246115231164,37.16874292185731,100.387849338096,33,1,45,34,75.55555555555556,9,2,2.088235294117647,2.0,0.4392547475329833,0.31568690705835584,-0.2891141246692928,9,27.27272727272727,4.227964465273521,1.0400420224866882,44
CLOSE_NEAR_EMA|wait=5|tol=0.0075|retrace=-,adx_pullback,4,15.894560987050884,34.02778403105711,1158.9456098705089,25.57963694475508,1.3423316151038227,21.052631578947366,8.365558414237327,17.916194790486976,47.916038483300916,19,15,45,34,75.55555555555556,9,2,2.088235294117647,2.0,0.530521287951314,0.5027230833682357,-0.2708508654463853,4,21.052631578947366,-9.328312029572986,0.8536757388478479,26
CLOSE_NEAR_EMA|wait=5|tol=0.0075|retrace=-,atr_adx_pullback,4,15.894560987050884,34.02778403105711,1158.9456098705089,25.57963694475508,1.3423316151038227,21.052631578947366,8.365558414237327,17.916194790486976,47.916038483300916,19,15,45,34,75.55555555555556,9,2,2.088235294117647,2.0,0.530521287951314,0.5027230833682357,-0.2708508654463853,4,21.052631578947366,-9.328312029572986,0.8536757388478479,26
CLOSE_NEAR_EMA|wait=8|tol=0.0075|retrace=-,pullback,4,42.48033054731068,101.96435299065696,1424.8033054731068,20.697606187956755,1.489526821107771,31.57894736842105,11.17903435455544,43.23895809739524,111.99639118289723,38,0,45,38,84.44444444444444,5,2,2.6315789473684212,2.0,0.42834006462087654,0.30811313198695894,-0.2891141246692928,9,23.684210526315788,3.7683721914935178,1.0355346646554058,45
CLOSE_NEAR_EMA|wait=8|tol=0.0075|retrace=-,atr_pullback,4,43.02131263647059,103.48972671337458,1430.2131263647059,20.396503751465872,1.498870883167105,32.432432432432435,11.6273817936407,42.44620611551529,109.13814119191025,37,1,45,38,84.44444444444444,5,2,2.6315789473684212,2.0,0.4382158940766974,0.31568690705835584,-0.2891141246692928,9,24.324324324324326,4.227964465273521,1.0400420224866882,44
CLOSE_NEAR_EMA|wait=8|tol=0.0075|retrace=-,adx_pullback,4,15.66689455252149,33.50554172241282,1156.668945525215,25.72583033440918,1.3256106734237345,27.27272727272727,7.121315705691601,22.967157417893542,55.20760930134402,22,16,45,38,84.44444444444444,5,2,2.6315789473684212,2.0,0.5274814825102778,0.5159690968727324,-0.2708508654463853,4,18.181818181818183,-9.328312029572986,0.8536757388478479,26
CLOSE_NEAR_EMA|wait=8|tol=0.0075|retrace=-,atr_adx_pullback,4,15.66689455252149,33.50554172241282,1156.668945525215,25.72583033440918,1.3256106734237345,27.27272727272727,7.121315705691601,22.967157417893542,55.20760930134402,22,16,45,38,84.44444444444444,5,2,2.6315789473684212,2.0,0.5274814825102778,0.5159690968727324,-0.2708508654463853,4,18.181818181818183,-9.328312029572986,0.8536757388478479,26
PERCENT_RETRACE|wait=2|tol=-|retrace=0.0025,pullback,4,27.23501971690962,61.321657718227215,1272.3501971690962,17.74319662233152,1.8811092826254676,35.294117647058826,16.020599833476247,20.022650056625142,43.40710817973805,17,0,45,17,37.77777777777778,27,1,1.5294117647058822,2,0.6958774897883288,0.5442247969421855,0.2551982601577725,0,0.0,3.7683721914935178,1.0355346646554058,45
PERCENT_RETRACE|wait=2|tol=-|retrace=0.0025,atr_pullback,4,27.23501971690962,61.321657718227215,1272.3501971690962,17.74319662233152,1.8811092826254676,35.294117647058826,16.020599833476247,20.022650056625142,43.40710817973805,17,0,45,17,37.77777777777778,27,1,1.5294117647058822,2,0.6958774897883288,0.5442247969421855,0.2551982601577725,0,0.0,4.227964465273521,1.0400420224866882,44
PERCENT_RETRACE|wait=2|tol=-|retrace=0.0025,adx_pullback,4,6.0677116995310145,12.407296042657933,1060.6771169953101,17.675864827992864,1.2323434268858344,30.76923076923077,4.667470538100772,13.31823329558324,29.02242628756879,13,4,45,17,37.77777777777778,27,1,1.5294117647058822,2,0.6786017666741908,0.5581330684312924,0.2551982601577725,0,0.0,-9.328312029572986,0.8536757388478479,26
PERCENT_RETRACE|wait=2|tol=-|retrace=0.0025,atr_adx_pullback,4,6.0677116995310145,12.407296042657933,1060.6771169953101,17.675864827992864,1.2323434268858344,30.76923076923077,4.667470538100772,13.31823329558324,29.02242628756879,13,4,45,17,37.77777777777778,27,1,1.5294117647058822,2,0.6786017666741908,0.5581330684312924,0.2551982601577725,0,0.0,-9.328312029572986,0.8536757388478479,26
PERCENT_RETRACE|wait=3|tol=-|retrace=0.0025,pullback,4,33.60440543099257,77.75119333198741,1336.0440543099257,22.77351820738324,1.5493393332216177,30.76923076923077,12.92477131961252,28.765571913929783,73.90296290501975,26,0,45,26,57.77777777777777,18,1,2.0384615384615383,2.0,0.6585409678725334,0.5234739401552106,0.2551982601577725,0,0.0,3.7683721914935178,1.0355346646554058,45
PERCENT_RETRACE|wait=3|tol=-|retrace=0.0025,atr_pullback,4,33.60440543099257,77.75119333198741,1336.0440543099257,22.77351820738324,1.5493393332216177,30.76923076923077,12.92477131961252,28.765571913929783,73.90296290501975,26,0,45,26,57.77777777777777,18,1,2.0384615384615383,2.0,0.6585409678725334,0.5234739401552106,0.2551982601577725,0,0.0,4.227964465273521,1.0400420224866882,44
PERCENT_RETRACE|wait=3|tol=-|retrace=0.0025,adx_pullback,4,25.73848307830162,57.57614921198251,1257.3848307830162,18.970589824328112,1.6522951769174585,35.294117647058826,15.14028416370683,20.770101925254814,44.416067542101956,17,9,45,26,57.77777777777777,18,1,2.0384615384615383,2.0,0.7059049827005109,0.5860602619065157,0.2551982601577725,0,0.0,-9.328312029572986,0.8536757388478479,26
PERCENT_RETRACE|wait=3|tol=-|retrace=0.0025,atr_adx_pullback,4,25.73848307830162,57.57614921198251,1257.3848307830162,18.970589824328112,1.6522951769174585,35.294117647058826,15.14028416370683,20.770101925254814,44.416067542101956,17,9,45,26,57.77777777777777,18,1,2.0384615384615383,2.0,0.7059049827005109,0.5860602619065157,0.2551982601577725,0,0.0,-9.328312029572986,0.8536757388478479,26
PERCENT_RETRACE|wait=5|tol=-|retrace=0.0025,pullback,4,35.67106472445135,83.25191650386768,1356.7106472445134,26.44383173033476,1.4827764360081896,32.25806451612903,11.506795072403651,32.61608154020385,90.87798863754595,31,0,45,31,68.88888888888889,13,1,2.4516129032258065,2,0.6426389911986689,0.5027230833682357,0.2551982601577725,0,0.0,3.7683721914935178,1.0355346646554058,45
PERCENT_RETRACE|wait=5|tol=-|retrace=0.0025,atr_pullback,4,35.67106472445135,83.25191650386768,1356.7106472445134,26.44383173033476,1.4827764360081896,32.25806451612903,11.506795072403651,32.61608154020385,90.87798863754595,31,0,45,31,68.88888888888889,13,1,2.4516129032258065,2,0.6426389911986689,0.5027230833682357,0.2551982601577725,0,0.0,4.227964465273521,1.0400420224866882,44
PERCENT_RETRACE|wait=5|tol=-|retrace=0.0025,adx_pullback,4,18.87167949758198,40.95010292978738,1188.7167949758198,23.39575092310968,1.41277420425351,31.57894736842105,9.932462893464193,21.291053227633068,48.45631315596898,19,12,45,31,68.88888888888889,13,1,2.4516129032258065,2,0.706867154425562,0.5860602619065157,0.2551982601577725,0,0.0,-9.328312029572986,0.8536757388478479,26
PERCENT_RETRACE|wait=5|tol=-|retrace=0.0025,atr_adx_pullback,4,18.87167949758198,40.95010292978738,1188.7167949758198,23.39575092310968,1.41277420425351,31.57894736842105,9.932462893464193,21.291053227633068,48.45631315596898,19,12,45,31,68.88888888888889,13,1,2.4516129032258065,2,0.706867154425562,0.5860602619065157,0.2551982601577725,0,0.0,-9.328312029572986,0.8536757388478479,26
PERCENT_RETRACE|wait=8|tol=-|retrace=0.0025,pullback,4,34.34963729666731,79.72514698865068,1343.496372966673,27.160264069327937,1.4530261192354414,32.35294117647059,10.102834499019798,35.83238958097395,99.16460389428251,34,0,45,34,75.55555555555556,10,1,2.8529411764705883,2.5,0.628774864818696,0.5159690968727324,0.2551982601577725,0,0.0,3.7683721914935178,1.0355346646554058,45
PERCENT_RETRACE|wait=8|tol=-|retrace=0.0025,atr_pullback,4,34.34963729666731,79.72514698865068,1343.496372966673,27.160264069327937,1.4530261192354414,32.35294117647059,10.102834499019798,35.83238958097395,99.16460389428251,34,0,45,34,75.55555555555556,10,1,2.8529411764705883,2.5,0.628774864818696,0.5159690968727324,0.2551982601577725,0,0.0,4.227964465273521,1.0400420224866882,44
PERCENT_RETRACE|wait=8|tol=-|retrace=0.0025,adx_pullback,4,17.713876999356717,38.23745175721991,1177.1387699935672,24.141871372747122,1.3730285126394366,31.818181818181817,8.051762272434866,24.507361268403173,55.75803196755579,22,12,45,34,75.55555555555556,10,1,2.8529411764705883,2.5,0.6766823913983004,0.5720966651689041,0.2551982601577725,0,0.0,-9.328312029572986,0.8536757388478479,26
PERCENT_RETRACE|wait=8|tol=-|retrace=0.0025,atr_adx_pullback,4,17.713876999356717,38.23745175721991,1177.1387699935672,24.141871372747122,1.3730285126394366,31.818181818181817,8.051762272434866,24.507361268403173,55.75803196755579,22,12,45,34,75.55555555555556,10,1,2.8529411764705883,2.5,0.6766823913983004,0.5720966651689041,0.2551982601577725,0,0.0,-9.328312029572986,0.8536757388478479,26
PERCENT_RETRACE|wait=2|tol=-|retrace=0.0050,pullback,4,25.14981915484768,56.11481847931421,1251.4981915484768,13.194788272151506,3.014453736797407,45.45454545454545,22.863471958952427,14.04303510758777,26.259554092379048,11,0,45,11,24.444444444444443,33,1,1.5454545454545454,2,0.9133352836101701,0.6279817525450055,0.5027230833682357,0,0.0,3.7683721914935178,1.0355346646554058,45
PERCENT_RETRACE|wait=2|tol=-|retrace=0.0050,atr_pullback,4,25.14981915484768,56.11481847931421,1251.4981915484768,13.194788272151506,3.014453736797407,45.45454545454545,22.863471958952427,14.04303510758777,26.259554092379048,11,0,45,11,24.444444444444443,33,1,1.5454545454545454,2,0.9133352836101701,0.6279817525450055,0.5027230833682357,0,0.0,4.227964465273521,1.0400420224866882,44
PERCENT_RETRACE|wait=2|tol=-|retrace=0.0050,adx_pullback,4,21.147529082546725,46.35851481787003,1211.4752908254673,13.123733351177409,2.716691723074938,44.44444444444444,23.497254536163016,12.049830124575312,21.39745236837743,9,2,45,11,24.444444444444443,33,1,1.5454545454545454,2,0.8697222720626655,0.6279817525450055,0.5027230833682357,0,0.0,-9.328312029572986,0.8536757388478479,26
PERCENT_RETRACE|wait=2|tol=-|retrace=0.0050,atr_adx_pullback,4,21.147529082546725,46.35851481787003,1211.4752908254673,13.123733351177409,2.716691723074938,44.44444444444444,23.497254536163016,12.049830124575312,21.39745236837743,9,2,45,11,24.444444444444443,33,1,1.5454545454545454,2,0.8697222720626655,0.6279817525450055,0.5027230833682357,0,0.0,-9.328312029572986,0.8536757388478479,26
PERCENT_RETRACE|wait=3|tol=-|retrace=0.0050,pullback,4,12.975380315349366,27.408208348384978,1129.7538031534937,18.68308683984335,1.530828855941766,37.5,8.109612697093333,16.987542468856173,36.44688540026568,16,0,45,16,35.55555555555556,28,1,2.0,2.0,0.9304519590737312,0.6478018455164983,0.5027230833682357,0,0.0,3.7683721914935178,1.0355346646554058,45
PERCENT_RETRACE|wait=3|tol=-|retrace=0.0050,atr_pullback,4,12.975380315349366,27.408208348384978,1129.7538031534937,18.68308683984335,1.530828855941766,37.5,8.109612697093333,16.987542468856173,36.44688540026568,16,0,45,16,35.55555555555556,28,1,2.0,2.0,0.9304519590737312,0.6478018455164983,0.5027230833682357,0,0.0,4.227964465273521,1.0400420224866882,44
PERCENT_RETRACE|wait=3|tol=-|retrace=0.0050,adx_pullback,4,11.649409735390872,24.456385271526205,1116.4940973539087,16.91463766539803,1.5284313009148502,38.46153846153847,8.961084411839124,14.858437146092864,29.874608502830657,13,3,45,16,35.55555555555556,28,1,2.0,2.0,0.9284409919886301,0.6658357717076963,0.5027230833682357,0,0.0,-9.328312029572986,0.8536757388478479,26
PERCENT_RETRACE|wait=3|tol=-|retrace=0.0050,atr_adx_pullback,4,11.649409735390872,24.456385271526205,1116.4940973539087,16.91463766539803,1.5284313009148502,38.46153846153847,8.961084411839124,14.858437146092864,29.874608502830657,13,3,45,16,35.55555555555556,28,1,2.0,2.0,0.9284409919886301,0.6658357717076963,0.5027230833682357,0,0.0,-9.328312029572986,0.8536757388478479,26
PERCENT_RETRACE|wait=5|tol=-|retrace=0.0050,pullback,4,28.164385254459695,63.669638914428404,1281.643852544597,21.106419462449928,1.693969501899169,30.434782608695656,12.245384893243354,23.556058890147224,58.1317745730209,23,0,45,23,51.11111111111111,20,2,2.782608695652174,3,0.8995280325134857,0.6658357717076963,0.5027230833682357,0,0.0,3.7683721914935178,1.0355346646554058,45
PERCENT_RETRACE|wait=5|tol=-|retrace=0.0050,atr_pullback,4,28.164385254459695,63.669638914428404,1281.643852544597,21.106419462449928,1.693969501899169,30.434782608695656,12.245384893243354,23.556058890147224,58.1317745730209,23,0,45,23,51.11111111111111,20,2,2.782608695652174,3,0.8995280325134857,0.6658357717076963,0.5027230833682357,0,0.0,4.227964465273521,1.0400420224866882,44
PERCENT_RETRACE|wait=5|tol=-|retrace=0.0050,adx_pullback,4,32.437574023048846,74.68225117843454,1324.3757402304884,20.305366452969967,1.9459437217752769,35.294117647058826,19.080925895911083,20.815402038505095,45.259235270078676,17,6,45,23,51.11111111111111,20,2,2.782608695652174,3,0.8929351896789328,0.6658357717076963,0.5027230833682357,0,0.0,-9.328312029572986,0.8536757388478479,26
PERCENT_RETRACE|wait=5|tol=-|retrace=0.0050,atr_adx_pullback,4,32.437574023048846,74.68225117843454,1324.3757402304884,20.305366452969967,1.9459437217752769,35.294117647058826,19.080925895911083,20.815402038505095,45.259235270078676,17,6,45,23,51.11111111111111,20,2,2.782608695652174,3,0.8929351896789328,0.6658357717076963,0.5027230833682357,0,0.0,-9.328312029572986,0.8536757388478479,26
PERCENT_RETRACE|wait=8|tol=-|retrace=0.0050,pullback,4,30.79847497371827,70.41598545008392,1307.9847497371827,19.950712062370627,1.5992378102981861,33.33333333333333,11.406842582858628,27.768969422423556,71.47191475877264,27,0,45,27,60.0,15,3,3.4074074074074074,3,0.8707600358862246,0.6492307939233919,0.5027230833682357,0,0.0,3.7683721914935178,1.0355346646554058,45
PERCENT_RETRACE|wait=8|tol=-|retrace=0.0050,atr_pullback,4,30.79847497371827,70.41598545008392,1307.9847497371827,19.950712062370627,1.5992378102981861,33.33333333333333,11.406842582858628,27.768969422423556,71.47191475877264,27,0,45,27,60.0,15,3,3.4074074074074074,3,0.8707600358862246,0.6492307939233919,0.5027230833682357,0,0.0,4.227964465273521,1.0400420224866882,44
PERCENT_RETRACE|wait=8|tol=-|retrace=0.0050,adx_pullback,4,33.080491739169496,76.36993990368799,1330.804917391695,20.439296747039176,1.958567986522745,36.84210526315789,17.410785125878682,23.35220838052095,50.65698099025129,19,8,45,27,60.0,15,3,3.4074074074074074,3,0.8597839760159594,0.6297679193253004,0.5027230833682357,0,0.0,-9.328312029572986,0.8536757388478479,26
PERCENT_RETRACE|wait=8|tol=-|retrace=0.0050,atr_adx_pullback,4,33.080491739169496,76.36993990368799,1330.804917391695,20.439296747039176,1.958567986522745,36.84210526315789,17.410785125878682,23.35220838052095,50.65698099025129,19,8,45,27,60.0,15,3,3.4074074074074074,3,0.8597839760159594,0.6297679193253004,0.5027230833682357,0,0.0,-9.328312029572986,0.8536757388478479,26
PERCENT_RETRACE|wait=2|tol=-|retrace=0.0075,pullback,4,29.2232185337376,66.36523252819163,1292.232185337376,8.425028673454126,inf,100.0,73.05804633434397,7.383918459796149,9.760285417050106,4,0,45,4,8.88888888888889,40,1,1.75,2.0,2.410966621825304,2.0468034237922774,1.1202436928222848,0,0.0,3.7683721914935178,1.0355346646554058,45
PERCENT_RETRACE|wait=2|tol=-|retrace=0.0075,atr_pullback,4,29.2232185337376,66.36523252819163,1292.232185337376,8.425028673454126,inf,100.0,73.05804633434397,7.383918459796149,9.760285417050106,4,0,45,4,8.88888888888889,40,1,1.75,2.0,2.410966621825304,2.0468034237922774,1.1202436928222848,0,0.0,4.227964465273521,1.0400420224866882,44
PERCENT_RETRACE|wait=2|tol=-|retrace=0.0075,adx_pullback,4,24.988351230233775,55.71516294967746,1249.8835123023377,6.751834561961681,inf,100.0,83.2945041007792,5.436013590033975,7.216876193699345,3,1,45,4,8.88888888888889,40,1,1.75,2.0,2.656301204365173,2.418643973378858,1.1202436928222848,0,0.0,-9.328312029572986,0.8536757388478479,26
PERCENT_RETRACE|wait=2|tol=-|retrace=0.0075,atr_adx_pullback,4,24.988351230233775,55.71516294967746,1249.8835123023377,6.751834561961681,inf,100.0,83.2945041007792,5.436013590033975,7.216876193699345,3,1,45,4,8.88888888888889,40,1,1.75,2.0,2.656301204365173,2.418643973378858,1.1202436928222848,0,0.0,-9.328312029572986,0.8536757388478479,26
PERCENT_RETRACE|wait=3|tol=-|retrace=0.0075,pullback,4,17.79105756315457,38.41746652125624,1177.9105756315457,9.647410570070077,2.59194572807121,50.0,22.2388219539432,7.7463193657984135,19.108143229067693,8,0,45,8,17.77777777777778,35,2,2.375,2.5,1.8110339256737213,1.3734366416260948,0.8655912447107124,0,0.0,3.7683721914935178,1.0355346646554058,45
PERCENT_RETRACE|wait=3|tol=-|retrace=0.0075,atr_pullback,4,17.79105756315457,38.41746652125624,1177.9105756315457,9.647410570070077,2.59194572807121,50.0,22.2388219539432,7.7463193657984135,19.108143229067693,8,0,45,8,17.77777777777778,35,2,2.375,2.5,1.8110339256737213,1.3734366416260948,0.8655912447107124,0,0.0,4.227964465273521,1.0400420224866882,44
PERCENT_RETRACE|wait=3|tol=-|retrace=0.0075,adx_pullback,4,13.930841852855542,29.556506650429682,1139.3084185285554,11.587794572135099,2.265039127829303,42.857142857142854,19.901202646936472,5.79841449603624,16.612679763864914,7,1,45,8,17.77777777777778,35,2,2.375,2.5,1.8304726473120105,1.2399038610317386,0.8655912447107124,0,0.0,-9.328312029572986,0.8536757388478479,26
PERCENT_RETRACE|wait=3|tol=-|retrace=0.0075,atr_adx_pullback,4,13.930841852855542,29.556506650429682,1139.3084185285554,11.587794572135099,2.265039127829303,42.857142857142854,19.901202646936472,5.79841449603624,16.612679763864914,7,1,45,8,17.77777777777778,35,2,2.375,2.5,1.8304726473120105,1.2399038610317386,0.8655912447107124,0,0.0,-9.328312029572986,0.8536757388478479,26
PERCENT_RETRACE|wait=5|tol=-|retrace=0.0075,pullback,4,17.381124802592897,37.46267694851346,1173.811248025929,14.82514386058307,1.9122816417263415,40.0,11.587416535061932,12.684031710079275,34.80837726881829,15,0,45,15,33.33333333333333,27,3,3.466666666666667,3,1.570006567332729,1.2319403901256536,0.8655912447107124,0,0.0,3.7683721914935178,1.0355346646554058,45
PERCENT_RETRACE|wait=5|tol=-|retrace=0.0075,atr_pullback,4,17.381124802592897,37.46267694851346,1173.811248025929,14.82514386058307,1.9122816417263415,40.0,11.587416535061932,12.684031710079275,34.80837726881829,15,0,45,15,33.33333333333333,27,3,3.466666666666667,3,1.570006567332729,1.2319403901256536,0.8655912447107124,0,0.0,4.227964465273521,1.0400420224866882,44
PERCENT_RETRACE|wait=5|tol=-|retrace=0.0075,adx_pullback,4,18.102124495546786,39.144172949083746,1181.0212449554679,11.398338407818189,2.235019792610424,40.0,18.102124495546786,10.056625141562854,23.41587852412449,10,5,45,15,33.33333333333333,27,3,3.466666666666667,3,1.6037733433144303,1.235922125578696,0.8655912447107124,0,0.0,-9.328312029572986,0.8536757388478479,26
PERCENT_RETRACE|wait=5|tol=-|retrace=0.0075,atr_adx_pullback,4,18.102124495546786,39.144172949083746,1181.0212449554679,11.398338407818189,2.235019792610424,40.0,18.102124495546786,10.056625141562854,23.41587852412449,10,5,45,15,33.33333333333333,27,3,3.466666666666667,3,1.6037733433144303,1.235922125578696,0.8655912447107124,0,0.0,-9.328312029572986,0.8536757388478479,26
PERCENT_RETRACE|wait=8|tol=-|retrace=0.0075,pullback,4,58.06124069054679,148.17640373843676,1580.6124069054679,12.080433328170821,3.172807090573563,42.10526315789473,30.558547731866742,19.161947904869763,53.7491809732569,19,0,45,19,42.22222222222222,22,4,4.157894736842105,4,1.5670065155133799,1.2399038610317386,0.8655912447107124,0,0.0,3.7683721914935178,1.0355346646554058,45
PERCENT_RETRACE|wait=8|tol=-|retrace=0.0075,atr_pullback,4,58.06124069054679,148.17640373843676,1580.6124069054679,12.080433328170821,3.172807090573563,42.10526315789473,30.558547731866742,19.161947904869763,53.7491809732569,19,0,45,19,42.22222222222222,22,4,4.157894736842105,4,1.5670065155133799,1.2399038610317386,0.8655912447107124,0,0.0,4.227964465273521,1.0400420224866882,44
PERCENT_RETRACE|wait=8|tol=-|retrace=0.0075,adx_pullback,4,15.42106830669288,32.94277906612544,1154.2106830669288,13.009952938721762,1.897687682141616,33.33333333333333,12.850890255577402,10.30577576443941,27.82218043692165,12,7,45,19,42.22222222222222,22,4,4.157894736842105,4,1.6353658304474117,1.2452671451086745,0.8655912447107124,0,0.0,-9.328312029572986,0.8536757388478479,26
PERCENT_RETRACE|wait=8|tol=-|retrace=0.0075,atr_adx_pullback,4,15.42106830669288,32.94277906612544,1154.2106830669288,13.009952938721762,1.897687682141616,33.33333333333333,12.850890255577402,10.30577576443941,27.82218043692165,12,7,45,19,42.22222222222222,22,4,4.157894736842105,4,1.6353658304474117,1.2452671451086745,0.8655912447107124,0,0.0,-9.328312029572986,0.8536757388478479,26
HYBRID|wait=2|tol=0.0025|retrace=0.0025,pullback,4,22.98736907675584,50.80465161058116,1229.8736907675584,17.45371820143641,1.5631086829163965,33.33333333333333,10.94636622702659,24.167610419026047,54.0792721203711,21,0,45,21,46.666666666666664,23,1,1.380952380952381,1,0.5438078160284517,0.4680323213805325,-0.15141095894634793,1,4.761904761904762,3.7683721914935178,1.0355346646554058,45
HYBRID|wait=2|tol=0.0025|retrace=0.0025,atr_pullback,4,23.454338542701407,51.943632076312184,1234.543385427014,17.14029908029713,1.5811961261425855,35.0,11.727169271350704,23.37485843714609,51.61351607686147,20,1,45,21,46.666666666666664,23,1,1.380952380952381,1,0.5678514880920991,0.48294346766414326,-0.15141095894634793,1,5.0,4.227964465273521,1.0400420224866882,44
HYBRID|wait=2|tol=0.0025|retrace=0.0025,adx_pullback,4,6.0677116995310145,12.407296042657933,1060.6771169953101,17.675864827992864,1.2323434268858344,30.76923076923077,4.667470538100772,13.31823329558324,29.02242628756879,13,8,45,21,46.666666666666664,23,1,1.380952380952381,1,0.6786017666741908,0.5581330684312924,0.2551982601577725,0,0.0,-9.328312029572986,0.8536757388478479,26
HYBRID|wait=2|tol=0.0025|retrace=0.0025,atr_adx_pullback,4,6.0677116995310145,12.407296042657933,1060.6771169953101,17.675864827992864,1.2323434268858344,30.76923076923077,4.667470538100772,13.31823329558324,29.02242628756879,13,8,45,21,46.666666666666664,23,1,1.380952380952381,1,0.6786017666741908,0.5581330684312924,0.2551982601577725,0,0.0,-9.328312029572986,0.8536757388478479,26
HYBRID|wait=3|tol=0.0025|retrace=0.0025,pullback,4,25.25122539935444,56.36607295032965,1252.5122539935444,27.6018522996819,1.3395437339704344,29.03225806451613,8.145556580436915,33.04643261608154,85.84810552614441,31,0,45,31,68.88888888888889,13,1,1.903225806451613,2,0.5139606814964898,0.4432987140764549,-0.2884596516244565,2,6.451612903225806,3.7683721914935178,1.0355346646554058,45
HYBRID|wait=3|tol=0.0025|retrace=0.0025,atr_pullback,4,25.726790477889132,57.54705709565555,1257.2679047788913,27.326964523637464,1.3481649044934219,30.0,8.575596825963043,32.25368063420159,83.33696175338268,30,1,45,31,68.88888888888889,13,1,1.903225806451613,2,0.5289948917211894,0.45566551772849373,-0.2884596516244565,2,6.666666666666667,4.227964465273521,1.0400420224866882,44
HYBRID|wait=3|tol=0.0025|retrace=0.0025,adx_pullback,4,17.888294856481274,38.644426818206234,1178.8829485648128,24.029471606653978,1.3837394206345492,31.57894736842105,9.41489202972698,21.336353340883353,48.27195529762491,19,12,45,31,68.88888888888889,13,1,1.903225806451613,2,0.641850810869605,0.5581330684312924,0.06901072370400477,0,0.0,-9.328312029572986,0.8536757388478479,26
HYBRID|wait=3|tol=0.0025|retrace=0.0025,atr_adx_pullback,4,17.888294856481274,38.644426818206234,1178.8829485648128,24.029471606653978,1.3837394206345492,31.57894736842105,9.41489202972698,21.336353340883353,48.27195529762491,19,12,45,31,68.88888888888889,13,1,1.903225806451613,2,0.641850810869605,0.5581330684312924,0.06901072370400477,0,0.0,-9.328312029572986,0.8536757388478479,26
HYBRID|wait=5|tol=0.0025|retrace=0.0025,pullback,4,31.995040154435834,73.52525938663791,1319.9504015443583,26.280914705077805,1.3856705103109381,31.428571428571427,9.141440044124511,37.16874292185731,101.2671180803913,35,0,45,35,77.77777777777779,9,1,2.2,2,0.503576240788871,0.46639206271959766,-0.2884596516244565,2,5.714285714285714,3.7683721914935178,1.0355346646554058,45
HYBRID|wait=5|tol=0.0025|retrace=0.0025,atr_pullback,4,32.496210753263064,74.83584151153593,1324.9621075326306,26.001011474781983,1.3940924267103245,32.35294117647059,9.557709045077358,36.37599093997735,98.62076853720386,34,1,45,35,77.77777777777779,9,1,2.2,2,0.5165362956722054,0.4672121920500651,-0.2884596516244565,2,5.88235294117647,4.227964465273521,1.0400420224866882,44
HYBRID|wait=5|tol=0.0025|retrace=0.0025,adx_pullback,4,13.828572823484775,29.325708795935633,1138.2857282348477,26.6456705121715,1.274828059603222,28.57142857142857,6.585034677849887,22.17440543601359,52.57252415308839,21,14,45,35,77.77777777777779,9,1,2.2,2,0.6158693384592581,0.5295490576008495,0.06901072370400477,0,0.0,-9.328312029572986,0.8536757388478479,26
HYBRID|wait=5|tol=0.0025|retrace=0.0025,atr_adx_pullback,4,13.828572823484775,29.325708795935633,1138.2857282348477,26.6456705121715,1.274828059603222,28.57142857142857,6.585034677849887,22.17440543601359,52.57252415308839,21,14,45,35,77.77777777777779,9,1,2.2,2,0.6158693384592581,0.5295490576008495,0.06901072370400477,0,0.0,-9.328312029572986,0.8536757388478479,26
HYBRID|wait=8|tol=0.0025|retrace=0.0025,pullback,4,30.92944959745814,70.75496295197034,1309.2944959745814,26.876045863547027,1.3653686531183324,32.432432432432435,8.359310702015708,39.81879954699887,106.44568111702031,37,0,45,37,82.22222222222221,7,1,2.4594594594594597,2,0.49878169986225074,0.46639206271959766,-0.2884596516244565,2,5.405405405405405,3.7683721914935178,1.0355346646554058,45
HYBRID|wait=8|tol=0.0025|retrace=0.0025,atr_pullback,4,31.42657426655253,72.044621892539,1314.2657426655253,26.59840228057374,1.3734341709543676,33.33333333333333,8.729603962931252,39.026047565118915,103.82069544538734,36,1,45,37,82.22222222222221,7,1,2.4594594594594597,2,0.5108885700041048,0.4672121920500651,-0.2884596516244565,2,5.555555555555555,4.227964465273521,1.0400420224866882,44
HYBRID|wait=8|tol=0.0025|retrace=0.0025,adx_pullback,4,12.909639413767056,27.261049441703356,1129.0963941376706,27.237857011938456,1.2490388254839175,30.434782608695656,5.612886701637847,24.824462061155153,57.097711012789034,23,14,45,37,82.22222222222221,7,1,2.4594594594594597,2,0.5983917641277049,0.5292151103772291,0.06901072370400477,0,0.0,-9.328312029572986,0.8536757388478479,26
HYBRID|wait=8|tol=0.0025|retrace=0.0025,atr_adx_pullback,4,12.909639413767056,27.261049441703356,1129.0963941376706,27.237857011938456,1.2490388254839175,30.434782608695656,5.612886701637847,24.824462061155153,57.097711012789034,23,14,45,37,82.22222222222221,7,1,2.4594594594594597,2,0.5983917641277049,0.5292151103772291,0.06901072370400477,0,0.0,-9.328312029572986,0.8536757388478479,26
HYBRID|wait=2|tol=0.0025|retrace=0.0050,pullback,4,41.012197457212615,97.85345816320464,1410.1219745721262,13.331421233099203,2.621637374713211,43.75,25.6326234107579,22.06115515288788,44.35515227394987,16,0,45,16,35.55555555555556,28,1,1.375,1.0,0.6334118464909703,0.5720966651689041,-0.15141095894634793,1,6.25,3.7683721914935178,1.0355346646554058,45
HYBRID|wait=2|tol=0.0025|retrace=0.0050,atr_pullback,4,41.54760520707118,99.34778358034868,1415.4760520707118,12.70324367350745,2.678338385947417,46.666666666666664,27.698403471380804,21.268403171007925,41.52814271379895,15,1,45,16,35.55555555555556,28,1,1.375,1.0,0.6714436779400014,0.5860602619065157,-0.15141095894634793,1,6.666666666666667,4.227964465273521,1.0400420224866882,44
HYBRID|wait=2|tol=0.0025|retrace=0.0050,adx_pullback,4,21.147529082546725,46.35851481787003,1211.4752908254673,13.123733351177409,2.716691723074938,44.44444444444444,23.497254536163016,12.049830124575312,21.39745236837743,9,7,45,16,35.55555555555556,28,1,1.375,1.0,0.8697222720626655,0.6279817525450055,0.5027230833682357,0,0.0,-9.328312029572986,0.8536757388478479,26
HYBRID|wait=2|tol=0.0025|retrace=0.0050,atr_adx_pullback,4,21.147529082546725,46.35851481787003,1211.4752908254673,13.123733351177409,2.716691723074938,44.44444444444444,23.497254536163016,12.049830124575312,21.39745236837743,9,7,45,16,35.55555555555556,28,1,1.375,1.0,0.8697222720626655,0.6279817525450055,0.5027230833682357,0,0.0,-9.328312029572986,0.8536757388478479,26
HYBRID|wait=3|tol=0.0025|retrace=0.0050,pullback,4,43.90562206148697,105.99542565333854,1439.0562206148697,20.3038056632606,1.7337201454184246,34.61538461538461,16.88677771595652,30.486976217440542,77.6242678210921,26,0,45,26,57.77777777777777,18,1,2.0,2.0,0.5928190832128479,0.5720966651689041,-0.2884596516244565,2,7.6923076923076925,3.7683721914935178,1.0355346646554058,45
HYBRID|wait=3|tol=0.0025|retrace=0.0050,atr_pullback,4,44.45201582521308,107.55124480973288,1444.5201582521308,20.3038056632606,1.7496965399093825,36.0,17.780806330085223,29.69422423556059,74.73925094550778,25,1,45,26,57.77777777777777,18,1,2.0,2.0,0.6140144715511417,0.5860602619065157,-0.2884596516244565,2,8.0,4.227964465273521,1.0400420224866882,44
HYBRID|wait=3|tol=0.0025|retrace=0.0050,adx_pullback,4,31.601975194978127,72.5008028330691,1316.0197519497813,20.96465282748357,1.9027957593329121,37.5,19.751234496861322,20.15855039637599,43.18333565686663,16,10,45,26,57.77777777777777,18,1,2.0,2.0,0.7942382694089035,0.628874835935153,0.06901072370400477,0,0.0,-9.328312029572986,0.8536757388478479,26
HYBRID|wait=3|tol=0.0025|retrace=0.0050,atr_adx_pullback,4,31.601975194978127,72.5008028330691,1316.0197519497813,20.96465282748357,1.9027957593329121,37.5,19.751234496861322,20.15855039637599,43.18333565686663,16,10,45,26,57.77777777777777,18,1,2.0,2.0,0.7942382694089035,0.628874835935153,0.06901072370400477,0,0.0,-9.328312029572986,0.8536757388478479,26
HYBRID|wait=5|tol=0.0025|retrace=0.0050,pullback,4,43.00279333163753,103.43741480784642,1430.0279333163753,20.54377711568432,1.599181517410595,30.303030303030305,13.031149494435612,34.971687429218576,97.83824938189917,33,0,45,33,73.33333333333333,11,1,2.5757575757575757,3,0.5870453505763941,0.5581330684312924,-0.3610519405704554,3,9.090909090909092,3.7683721914935178,1.0355346646554058,45
HYBRID|wait=5|tol=0.0025|retrace=0.0050,atr_pullback,4,43.545759154323974,104.97391410670969,1435.4575915432397,20.242090607184508,1.6113722587794836,31.25,13.608049735726237,34.178935447338624,94.95242076242644,32,1,45,33,73.33333333333333,11,1,2.5757575757575757,3,0.6034238185707969,0.5720966651689041,-0.3610519405704554,3,9.375,4.227964465273521,1.0400420224866882,44
HYBRID|wait=5|tol=0.0025|retrace=0.0050,adx_pullback,4,25.30670480707536,56.50361927108418,1253.0670480707536,23.686394970691385,1.6222521904164005,30.0,12.653352403537678,22.491506228765573,52.01943929128562,20,13,45,33,73.33333333333333,11,1,2.5757575757575757,3,0.70790516866462,0.6267781384390019,-0.3610519405704554,1,5.0,-9.328312029572986,0.8536757388478479,26
HYBRID|wait=5|tol=0.0025|retrace=0.0050,atr_adx_pullback,4,25.30670480707536,56.50361927108418,1253.0670480707536,23.686394970691385,1.6222521904164005,30.0,12.653352403537678,22.491506228765573,52.01943929128562,20,13,45,33,73.33333333333333,11,1,2.5757575757575757,3,0.70790516866462,0.6267781384390019,-0.3610519405704554,1,5.0,-9.328312029572986,0.8536757388478479,26
HYBRID|wait=8|tol=0.0025|retrace=0.0050,pullback,4,32.539213535964834,74.94852359206898,1325.3921353596484,26.357625286360957,1.394698332935072,30.555555555555557,9.038670426656896,37.734994337485844,104.7114438808655,36,0,45,36,80.0,8,1,2.9166666666666665,3.0,0.5691837699689507,0.5293820839890393,-0.3610519405704554,3,8.333333333333332,3.7683721914935178,1.0355346646554058,45
HYBRID|wait=8|tol=0.0025|retrace=0.0050,atr_pullback,4,33.04245030105988,76.26985518729337,1330.4245030105988,26.07801331767554,1.403264174549759,31.428571428571427,9.440700086017104,36.942242355605885,102.03677266141963,35,1,45,36,80.0,8,1,2.9166666666666665,3.0,0.5836480384036206,0.5295490576008495,-0.3610519405704554,3,8.571428571428571,4.227964465273521,1.0400420224866882,44
HYBRID|wait=8|tol=0.0025|retrace=0.0050,adx_pullback,4,16.13795590270322,34.58722503996115,1161.3795590270322,27.246995074746422,1.3202301745695464,30.434782608695656,7.016502566392704,25.254813137032844,58.56897536878886,23,13,45,36,80.0,8,1,2.9166666666666665,3.0,0.6641835879632009,0.5860602619065157,-0.3610519405704554,1,4.3478260869565215,-9.328312029572986,0.8536757388478479,26
HYBRID|wait=8|tol=0.0025|retrace=0.0050,atr_adx_pullback,4,16.13795590270322,34.58722503996115,1161.3795590270322,27.246995074746422,1.3202301745695464,30.434782608695656,7.016502566392704,25.254813137032844,58.56897536878886,23,13,45,36,80.0,8,1,2.9166666666666665,3.0,0.6641835879632009,0.5860602619065157,-0.3610519405704554,1,4.3478260869565215,-9.328312029572986,0.8536757388478479,26
HYBRID|wait=2|tol=0.0025|retrace=0.0075,pullback,4,38.12917662747389,89.90287689837284,1381.2917662747388,13.331421233099178,3.0986891570099715,46.15384615384615,29.330135867287588,16.149490373725932,36.208380922912625,13,0,45,13,28.888888888888886,31,1,1.4615384615384615,1,0.9368021015708738,0.5027230833682357,-0.15141095894634793,1,7.6923076923076925,3.7683721914935178,1.0355346646554058,45
HYBRID|wait=2|tol=0.0025|retrace=0.0075,atr_pullback,4,38.653637865448495,91.33715405669234,1386.536378654485,12.703243673507428,3.1907984524079356,50.0,32.21136488787372,15.356738391845981,33.439170103542686,12,1,45,13,28.888888888888886,31,1,1.4615384615384615,1,1.0096244121388214,0.5842794275379659,-0.15141095894634793,1,8.333333333333332,4.227964465273521,1.0400420224866882,44
HYBRID|wait=2|tol=0.0025|retrace=0.0075,adx_pullback,4,18.670645124176076,40.47721622110898,1186.7064512417608,8.415888062030625,3.969761952559149,50.0,31.117741873626773,6.138165345413364,14.31947203792288,6,7,45,13,28.888888888888886,31,1,1.4615384615384615,1,1.6452230375216377,0.9270597248903298,0.5027230833682357,0,0.0,-9.328312029572986,0.8536757388478479,26
HYBRID|wait=2|tol=0.0025|retrace=0.0075,atr_adx_pullback,4,18.670645124176076,40.47721622110898,1186.7064512417608,8.415888062030625,3.969761952559149,50.0,31.117741873626773,6.138165345413364,14.31947203792288,6,7,45,13,28.888888888888886,31,1,1.4615384615384615,1,1.6452230375216377,0.9270597248903298,0.5027230833682357,0,0.0,-9.328312029572986,0.8536757388478479,26
HYBRID|wait=3|tol=0.0025|retrace=0.0075,pullback,4,43.12430666266359,103.78077810388193,1431.243066626636,21.917602745814666,1.8597472714286523,33.33333333333333,20.5353841250779,21.947904869762176,64.4048289959838,21,0,45,21,46.666666666666664,23,1,2.0476190476190474,2,0.7728121544092836,0.497854613947754,-0.2884596516244565,2,9.523809523809524,3.7683721914935178,1.0355346646554058,45
HYBRID|wait=3|tol=0.0025|retrace=0.0075,atr_pullback,4,43.66773385805618,105.3198707185524,1436.6773385805618,21.351658196451183,1.8801165108230689,35.0,21.83386692902809,21.15515288788222,61.53547591503424,20,1,45,21,46.666666666666664,23,1,2.0476190476190474,2,0.8083060433919727,0.5002888486579948,-0.2884596516244565,2,10.0,4.227964465273521,1.0400420224866882,44
HYBRID|wait=3|tol=0.0025|retrace=0.0075,adx_pullback,4,28.206415268833098,63.77622298797403,1282.064152688331,19.708134979237247,2.0053286542258664,33.33333333333333,23.505346057360885,11.755379388448471,32.635341844861735,12,9,45,21,46.666666666666664,23,1,2.0476190476190474,2,1.1768235139819159,0.7997335008345436,0.06901072370400477,0,0.0,-9.328312029572986,0.8536757388478479,26
HYBRID|wait=3|tol=0.0025|retrace=0.0075,atr_adx_pullback,4,28.206415268833098,63.77622298797403,1282.064152688331,19.708134979237247,2.0053286542258664,33.33333333333333,23.505346057360885,11.755379388448471,32.635341844861735,12,9,45,21,46.666666666666664,23,1,2.0476190476190474,2,1.1768235139819159,0.7997335008345436,0.06901072370400477,0,0.0,-9.328312029572986,0.8536757388478479,26
HYBRID|wait=5|tol=0.0025|retrace=0.0075,pullback,4,53.22702220291349,133.3332010097606,1532.2702220291349,17.702935509959747,1.858549062814011,31.03448275862069,18.35414558721155,29.535673839184597,89.52263959088485,29,0,45,29,64.44444444444444,15,1,2.7586206896551726,3,0.7397834254334801,0.5027230833682357,-0.3610519405704554,3,10.344827586206897,3.7683721914935178,1.0355346646554058,45
HYBRID|wait=5|tol=0.0025|retrace=0.0075,atr_pullback,4,53.80880829414916,135.09549385098464,1538.0880829414916,17.39046263943417,1.8761552393910799,32.142857142857146,19.217431533624723,28.742921857304644,86.43048372701807,28,1,45,29,64.44444444444444,15,1,2.7586206896551726,3,0.7639566058148365,0.5235527006362417,-0.3610519405704554,3,10.714285714285714,4.227964465273521,1.0400420224866882,44
HYBRID|wait=5|tol=0.0025|retrace=0.0075,adx_pullback,4,34.33856488055555,79.69573943134753,1343.3856488055555,16.325761524179615,2.107900874022366,31.25,21.46160305034722,17.07814269535674,43.29624575744326,16,13,45,29,64.44444444444444,15,1,2.7586206896551726,3,1.0183284126323562,0.7997335008345436,-0.3610519405704554,1,6.25,-9.328312029572986,0.8536757388478479,26
HYBRID|wait=5|tol=0.0025|retrace=0.0075,atr_adx_pullback,4,34.33856488055555,79.69573943134753,1343.3856488055555,16.325761524179615,2.107900874022366,31.25,21.46160305034722,17.07814269535674,43.29624575744326,16,13,45,29,64.44444444444444,15,1,2.7586206896551726,3,1.0183284126323562,0.7997335008345436,-0.3610519405704554,1,6.25,-9.328312029572986,0.8536757388478479,26
HYBRID|wait=8|tol=0.0025|retrace=0.0075,pullback,4,38.52535905159976,90.985847065406,1385.2535905159975,23.81742977896669,1.5113727750912411,28.125,12.03917470362494,30.50962627406569,95.96325736478369,32,0,45,32,71.11111111111111,12,1,3.0625,3.0,0.7387868422557071,0.5002888486579948,-0.3610519405704554,3,9.375,3.7683721914935178,1.0355346646554058,45
HYBRID|wait=8|tol=0.0025|retrace=0.0075,atr_pullback,4,39.0513245505111,92.42830355938962,1390.513245505111,23.528172968307732,1.521998594155236,29.03225806451613,12.597201467906823,29.71687429218573,93.16778437883468,31,1,45,32,71.11111111111111,12,1,3.0625,3.0,0.7605885347557136,0.5027230833682357,-0.3610519405704554,3,9.67741935483871,4.227964465273521,1.0400420224866882,44
HYBRID|wait=8|tol=0.0025|retrace=0.0075,adx_pullback,4,21.449191317650936,47.082982022368824,1214.4919131765093,23.919845623049575,1.493247823551721,26.31578947368421,11.289048061921532,18.052095130237824,50.11735916442525,19,13,45,32,71.11111111111111,12,1,3.0625,3.0,0.9726691693015476,0.7338757569583748,-0.3610519405704554,1,5.263157894736842,-9.328312029572986,0.8536757388478479,26
HYBRID|wait=8|tol=0.0025|retrace=0.0075,atr_adx_pullback,4,21.449191317650936,47.082982022368824,1214.4919131765093,23.919845623049575,1.493247823551721,26.31578947368421,11.289048061921532,18.052095130237824,50.11735916442525,19,13,45,32,71.11111111111111,12,1,3.0625,3.0,0.9726691693015476,0.7338757569583748,-0.3610519405704554,1,5.263157894736842,-9.328312029572986,0.8536757388478479,26
HYBRID|wait=2|tol=0.0050|retrace=0.0025,pullback,4,15.39572771925907,32.88483470241395,1153.9572771925907,22.332782197809813,1.3289716525770172,29.166666666666668,6.41488654969127,25.254813137032844,59.27584078871191,24,0,45,24,53.333333333333336,20,1,1.375,1.0,0.45405801306735233,0.29207445919089564,-0.1842391576890919,3,12.5,3.7683721914935178,1.0355346646554058,45
HYBRID|wait=2|tol=0.0050|retrace=0.0025,atr_pullback,4,15.83387256087965,33.88847238402071,1158.3387256087965,22.037888344149668,1.3415312801381785,30.434782608695656,6.884292417773751,24.462061155152888,56.96228846903122,23,1,45,24,53.333333333333336,20,1,1.375,1.0,0.4710633886461283,0.29309684384032053,-0.1842391576890919,3,13.043478260869565,4.227964465273521,1.0400420224866882,44
HYBRID|wait=2|tol=0.0050|retrace=0.0025,adx_pullback,4,2.016216250135892,4.042888454639959,1020.1621625013589,20.82042082604827,1.0675537262508852,26.666666666666668,1.3441441667572387,14.269535673839185,32.754021069294375,15,9,45,24,53.333333333333336,20,1,1.375,1.0,0.584089025358078,0.5027230833682357,-0.0651167016767942,1,6.666666666666667,-9.328312029572986,0.8536757388478479,26
HYBRID|wait=2|tol=0.0050|retrace=0.0025,atr_adx_pullback,4,2.016216250135892,4.042888454639959,1020.1621625013589,20.82042082604827,1.0675537262508852,26.666666666666668,1.3441441667572387,14.269535673839185,32.754021069294375,15,9,45,24,53.333333333333336,20,1,1.375,1.0,0.584089025358078,0.5027230833682357,-0.0651167016767942,1,6.666666666666667,-9.328312029572986,0.8536757388478479,26
HYBRID|wait=3|tol=0.0050|retrace=0.0025,pullback,4,23.879373406480862,52.98402800344715,1238.7937340648086,28.19486801853171,1.3183536238459996,28.125,7.46230418952527,33.81653454133635,88.0473181677774,32,0,45,32,71.11111111111111,12,1,1.78125,2.0,0.48842681972908136,0.41481171174025666,-0.1842391576890919,3,9.375,3.7683721914935178,1.0355346646554058,45
HYBRID|wait=3|tol=0.0050|retrace=0.0025,atr_pullback,4,24.34972971441355,54.139468618864875,1243.4972971441355,27.922231857719026,1.326672748890579,29.03225806451613,7.854751520778564,33.0237825594564,85.5636784579745,31,1,45,32,71.11111111111111,12,1,1.78125,2.0,0.5021523824701645,0.42146670413035703,-0.1842391576890919,3,9.67741935483871,4.227964465273521,1.0400420224866882,44
HYBRID|wait=3|tol=0.0050|retrace=0.0025,adx_pullback,4,16.801160893528163,36.117464967293934,1168.0116089352816,24.730051267259356,1.3529142072835674,30.0,8.400580446764064,22.06115515288788,50.67653689138993,20,12,45,32,71.11111111111111,12,1,1.78125,2.0,0.603283354821259,0.530428075899764,-0.0651167016767942,1,5.0,-9.328312029572986,0.8536757388478479,26
HYBRID|wait=3|tol=0.0050|retrace=0.0025,atr_adx_pullback,4,16.801160893528163,36.117464967293934,1168.0116089352816,24.730051267259356,1.3529142072835674,30.0,8.400580446764064,22.06115515288788,50.67653689138993,20,12,45,32,71.11111111111111,12,1,1.78125,2.0,0.603283354821259,0.530428075899764,-0.0651167016767942,1,5.0,-9.328312029572986,0.8536757388478479,26
HYBRID|wait=5|tol=0.0050|retrace=0.0025,pullback,4,30.654980473819617,70.04498885912176,1306.5498047381961,26.354711397086277,1.3707710859434534,31.428571428571427,8.758565849662753,37.349943374858434,100.52103760490196,35,0,45,35,77.77777777777779,9,1,1.9714285714285715,2,0.47449414371831306,0.42146670413035703,-0.1842391576890919,4,11.428571428571429,3.7683721914935178,1.0355346646554058,45
HYBRID|wait=5|tol=0.0050|retrace=0.0025,atr_pullback,4,31.151063013945464,71.32928558695839,1311.5106301394546,26.075088364684884,1.3790455019783414,32.35294117647059,9.16207735704279,36.55719139297848,97.90155472518532,34,1,45,35,77.77777777777779,9,1,1.9714285714285715,2,0.4865988428054545,0.4323827091034059,-0.1842391576890919,4,11.76470588235294,4.227964465273521,1.0400420224866882,44
HYBRID|wait=5|tol=0.0050|retrace=0.0025,adx_pullback,4,13.444186511928729,28.460063258064494,1134.4418651192873,26.893379847789877,1.26534067239049,28.57142857142857,6.401993577108913,22.2876557191393,52.47274817782384,21,14,45,35,77.77777777777779,9,1,1.9714285714285715,2,0.5997721978107633,0.5295490576008495,-0.0651167016767942,1,4.761904761904762,-9.328312029572986,0.8536757388478479,26
HYBRID|wait=5|tol=0.0050|retrace=0.0025,atr_adx_pullback,4,13.444186511928729,28.460063258064494,1134.4418651192873,26.893379847789877,1.26534067239049,28.57142857142857,6.401993577108913,22.2876557191393,52.47274817782384,21,14,45,35,77.77777777777779,9,1,1.9714285714285715,2,0.5997721978107633,0.5295490576008495,-0.0651167016767942,1,4.761904761904762,-9.328312029572986,0.8536757388478479,26
HYBRID|wait=8|tol=0.0050|retrace=0.0025,pullback,4,29.60020816379872,67.33025425486541,1296.0020816379872,26.949246797881166,1.3509004456176892,32.432432432432435,8.000056260486147,40.0,105.6470260635711,37,0,45,37,82.22222222222221,7,1,2.2432432432432434,2,0.47127160803875,0.42146670413035703,-0.1842391576890919,4,10.81081081081081,3.7683721914935178,1.0355346646554058,45
HYBRID|wait=8|tol=0.0050|retrace=0.0025,atr_pullback,4,30.09228584988141,68.59404743953633,1300.922858498814,26.671881150776155,1.3588270468236996,33.33333333333333,8.358968291633731,39.20724801812005,103.0486901619343,36,1,45,37,82.22222222222221,7,1,2.2432432432432434,2,0.48261430896328456,0.4323827091034059,-0.1842391576890919,4,11.11111111111111,4.227964465273521,1.0400420224866882,44
HYBRID|wait=8|tol=0.0050|retrace=0.0025,adx_pullback,4,12.528356237172305,26.409223763578904,1125.283562371723,27.48356660022846,1.2400841525639847,30.434782608695656,5.447111407466215,24.93771234428086,56.982653989515555,23,14,45,37,82.22222222222221,7,1,2.2432432432432434,2,0.5836943748399487,0.5292151103772291,-0.0651167016767942,1,4.3478260869565215,-9.328312029572986,0.8536757388478479,26
HYBRID|wait=8|tol=0.0050|retrace=0.0025,atr_adx_pullback,4,12.528356237172305,26.409223763578904,1125.283562371723,27.48356660022846,1.2400841525639847,30.434782608695656,5.447111407466215,24.93771234428086,56.982653989515555,23,14,45,37,82.22222222222221,7,1,2.2432432432432434,2,0.5836943748399487,0.5292151103772291,-0.0651167016767942,1,4.3478260869565215,-9.328312029572986,0.8536757388478479,26
HYBRID|wait=2|tol=0.0050|retrace=0.0050,pullback,4,21.565105130709846,47.36183097684563,1215.6510513070984,19.12250895654924,1.509973319332031,33.33333333333333,10.269097681290418,23.4881087202718,53.9275071137794,21,0,45,21,46.666666666666664,23,1,1.380952380952381,1,0.4849001375281248,0.31568690705835584,-0.1842391576890919,3,14.285714285714285,3.7683721914935178,1.0355346646554058,45
HYBRID|wait=2|tol=0.0050|retrace=0.0050,atr_pullback,4,22.02667441743131,48.4748088928745,1220.266744174313,18.536305448052556,1.526636907974838,35.0,11.013337208715672,22.695356738391844,51.490372450378764,20,1,45,21,46.666666666666664,23,1,1.380952380952381,1,0.5059984256667558,0.4092049952132958,-0.1842391576890919,3,15.0,4.227964465273521,1.0400420224866882,44
HYBRID|wait=2|tol=0.0050|retrace=0.0050,adx_pullback,4,7.05910375979181,14.502923215548979,1070.591037597918,17.85691011489399,1.2731778818168613,30.76923076923077,5.4300798152244605,13.34088335220838,29.393105583409692,13,8,45,21,46.666666666666664,23,1,1.380952380952381,1,0.6413767714912928,0.5860602619065157,-0.0651167016767942,1,7.6923076923076925,-9.328312029572986,0.8536757388478479,26
HYBRID|wait=2|tol=0.0050|retrace=0.0050,atr_adx_pullback,4,7.05910375979181,14.502923215548979,1070.591037597918,17.85691011489399,1.2731778818168613,30.76923076923077,5.4300798152244605,13.34088335220838,29.393105583409692,13,8,45,21,46.666666666666664,23,1,1.380952380952381,1,0.6413767714912928,0.5860602619065157,-0.0651167016767942,1,7.6923076923076925,-9.328312029572986,0.8536757388478479,26
HYBRID|wait=3|tol=0.0050|retrace=0.0050,pullback,4,33.24746421111872,76.80956784898596,1332.4746421111872,25.7027095582022,1.4789727134520423,32.142857142857146,11.874094361113833,31.506228765571915,81.9418361165836,28,0,45,28,62.22222222222222,16,1,1.7857142857142858,2.0,0.5568755287337396,0.530428075899764,-0.1842391576890919,3,10.714285714285714,3.7683721914935178,1.0355346646554058,45
HYBRID|wait=3|tol=0.0050|retrace=0.0050,atr_pullback,4,33.753390125855844,78.1449553306293,1337.5339012585584,25.164199624636368,1.4898313747575787,33.33333333333333,12.501255602168836,30.713476783691963,79.2704937647633,27,1,45,28,62.22222222222222,16,1,1.7857142857142858,2.0,0.5751696455477483,0.5581330684312924,-0.1842391576890919,3,11.11111111111111,4.227964465273521,1.0400420224866882,44
HYBRID|wait=3|tol=0.0050|retrace=0.0050,adx_pullback,4,19.801404980168012,43.14732508098964,1198.0140498016801,23.679742585570697,1.4312278634365112,31.57894736842105,10.421792094825264,21.223103057757644,49.49476439399971,19,9,45,28,62.22222222222222,16,1,1.7857142857142858,2.0,0.6920631140874351,0.6255745243329983,-0.0651167016767942,1,5.263157894736842,-9.328312029572986,0.8536757388478479,26
HYBRID|wait=3|tol=0.0050|retrace=0.0050,atr_adx_pullback,4,19.801404980168012,43.14732508098964,1198.0140498016801,23.679742585570697,1.4312278634365112,31.57894736842105,10.421792094825264,21.223103057757644,49.49476439399971,19,9,45,28,62.22222222222222,16,1,1.7857142857142858,2.0,0.6920631140874351,0.6255745243329983,-0.0651167016767942,1,5.263157894736842,-9.328312029572986,0.8536757388478479,26
HYBRID|wait=5|tol=0.0050|retrace=0.0050,pullback,4,34.289813260029725,79.56628697124926,1342.8981326002972,25.812266401069184,1.421922711757992,31.428571428571427,9.797089502865655,37.07814269535674,102.7309244964937,35,0,45,35,77.77777777777779,9,1,2.3142857142857145,2,0.5521391212857285,0.5295490576008495,-0.3610519405704554,5,14.285714285714285,3.7683721914935178,1.0355346646554058,45
HYBRID|wait=5|tol=0.0050|retrace=0.0050,atr_pullback,4,34.799696859058734,80.92249509201885,1347.9969685905874,25.53058376488899,1.430900061164,32.35294117647059,10.235204958546706,36.28539071347679,100.02092577982035,34,1,45,35,77.77777777777779,9,1,2.3142857142857145,2,0.5665274961836764,0.5438410630160709,-0.3610519405704554,5,14.705882352941178,4.227964465273521,1.0400420224866882,44
HYBRID|wait=5|tol=0.0050|retrace=0.0050,adx_pullback,4,14.74355324910207,31.397871546161007,1147.4355324910207,26.88252607834413,1.2923910021569338,27.27272727272727,6.701615113228214,22.944507361268403,55.424611019256275,22,13,45,35,77.77777777777779,9,1,2.3142857142857145,2,0.6541340266768245,0.605817393119757,-0.3610519405704554,2,9.090909090909092,-9.328312029572986,0.8536757388478479,26
HYBRID|wait=5|tol=0.0050|retrace=0.0050,atr_adx_pullback,4,14.74355324910207,31.397871546161007,1147.4355324910207,26.88252607834413,1.2923910021569338,27.27272727272727,6.701615113228214,22.944507361268403,55.424611019256275,22,13,45,35,77.77777777777779,9,1,2.3142857142857145,2,0.6541340266768245,0.605817393119757,-0.3610519405704554,2,9.090909090909092,-9.328312029572986,0.8536757388478479,26
HYBRID|wait=8|tol=0.0050|retrace=0.0050,pullback,4,33.20569709368934,76.69954672639234,1332.0569709368933,26.411180938116157,1.4001166039964723,32.432432432432435,8.97451272802415,39.728199320498305,107.99270742789271,37,0,45,37,82.22222222222221,7,1,2.5675675675675675,2,0.5447195597917105,0.5292151103772291,-0.3610519405704554,5,13.513513513513514,3.7683721914935178,1.0355346646554058,45
HYBRID|wait=8|tol=0.0050|retrace=0.0050,atr_pullback,4,33.711464423291474,78.03410325283548,1337.1146442329148,26.13177231432938,1.4087016726954726,33.33333333333333,9.364295673136528,38.935447338618346,105.30458641994636,36,1,45,37,82.22222222222221,7,1,2.5675675675675675,2,0.5581024815982718,0.5293820839890393,-0.3610519405704554,5,13.88888888888889,4.227964465273521,1.0400420224866882,44
HYBRID|wait=8|tol=0.0050|retrace=0.0050,adx_pullback,4,13.817233239856,29.30013052359257,1138.17233239856,27.472800452819186,1.2659339102695006,29.166666666666668,5.757180516606667,25.59456398640997,59.98049053776893,24,13,45,37,82.22222222222221,7,1,2.5675675675675675,2,0.6341959605909554,0.5720966651689041,-0.3610519405704554,2,8.333333333333332,-9.328312029572986,0.8536757388478479,26
HYBRID|wait=8|tol=0.0050|retrace=0.0050,atr_adx_pullback,4,13.817233239856,29.30013052359257,1138.17233239856,27.472800452819186,1.2659339102695006,29.166666666666668,5.757180516606667,25.59456398640997,59.98049053776893,24,13,45,37,82.22222222222221,7,1,2.5675675675675675,2,0.6341959605909554,0.5720966651689041,-0.3610519405704554,2,8.333333333333332,-9.328312029572986,0.8536757388478479,26
HYBRID|wait=2|tol=0.0050|retrace=0.0075,pullback,4,26.41197827962912,59.256358088814444,1264.1197827962912,15.89787521589669,1.7161302171140185,36.84210526315789,13.901041199804808,20.86070215175538,50.11088916260061,19,0,45,19,42.22222222222222,25,1,1.4210526315789473,1,0.6737489205092474,0.2551982601577725,-0.1842391576890919,3,15.789473684210526,3.7683721914935178,1.0355346646554058,45
HYBRID|wait=2|tol=0.0050|retrace=0.0075,atr_pullback,4,26.89195060873492,60.4591716556999,1268.9195060873492,15.288299424358096,1.7387582326153985,38.88888888888889,14.939972560408295,20.067950169875427,47.576584488549,18,1,45,19,42.22222222222222,25,1,1.4210526315789473,1,0.707683061940011,0.2854425836080642,-0.1842391576890919,3,16.666666666666664,4.227964465273521,1.0400420224866882,44
HYBRID|wait=2|tol=0.0050|retrace=0.0075,adx_pullback,4,11.327613993898694,23.745195217456082,1113.276139938987,13.607942167804474,1.546481827971729,36.36363636363637,10.297830903544257,10.71347678369196,25.48086431324664,11,8,45,19,42.22222222222222,25,1,1.4210526315789473,1,0.9960204209974441,0.5860602619065157,-0.0651167016767942,1,9.090909090909092,-9.328312029572986,0.8536757388478479,26
HYBRID|wait=2|tol=0.0050|retrace=0.0075,atr_adx_pullback,4,11.327613993898694,23.745195217456082,1113.276139938987,13.607942167804474,1.546481827971729,36.36363636363637,10.297830903544257,10.71347678369196,25.48086431324664,11,8,45,19,42.22222222222222,25,1,1.4210526315789473,1,0.9960204209974441,0.5860602619065157,-0.0651167016767942,1,9.090909090909092,-9.328312029572986,0.8536757388478479,26
HYBRID|wait=3|tol=0.0050|retrace=0.0075,pullback,4,40.684140881699065,96.94060815263958,1406.8414088169907,23.162914982582443,1.6597041996465332,33.33333333333333,16.951725367374618,26.25141562853907,73.35762345179695,24,0,45,24,53.333333333333336,20,1,1.75,2.0,0.7076151128593692,0.37949281056740536,-0.1842391576890919,3,12.5,3.7683721914935178,1.0355346646554058,45
HYBRID|wait=3|tol=0.0050|retrace=0.0075,atr_pullback,4,41.21830303694885,98.42803909856485,1412.1830303694885,22.60599650948503,1.6742054673715576,34.78260869565217,17.92100132041255,25.45866364665912,70.537190762952,23,1,45,24,53.333333333333336,20,1,1.75,2.0,0.735644710168233,0.4432987140764549,-0.1842391576890919,3,13.043478260869565,4.227964465273521,1.0400420224866882,44
HYBRID|wait=3|tol=0.0050|retrace=0.0075,adx_pullback,4,23.896722006010464,53.02656857506371,1238.9672200601046,21.07079447133337,1.5958826059852365,31.25,14.935451253756533,16.10419026047565,42.57915986012637,16,8,45,24,53.333333333333336,20,1,1.75,2.0,0.9461098656200654,0.625948016807106,-0.0651167016767942,1,6.25,-9.328312029572986,0.8536757388478479,26
HYBRID|wait=3|tol=0.0050|retrace=0.0075,atr_adx_pullback,4,23.896722006010464,53.02656857506371,1238.9672200601046,21.07079447133337,1.5958826059852365,31.25,14.935451253756533,16.10419026047565,42.57915986012637,16,8,45,24,53.333333333333336,20,1,1.75,2.0,0.9461098656200654,0.625948016807106,-0.0651167016767942,1,6.25,-9.328312029572986,0.8536757388478479,26
HYBRID|wait=5|tol=0.0050|retrace=0.0075,pullback,4,38.805099137677075,91.75236154306243,1388.0509913767708,23.27621694015796,1.5160828043859416,31.25,12.126593480524072,31.936579841449603,95.52574474159559,32,0,45,32,71.11111111111111,12,1,2.40625,2.0,0.6643593583432781,0.4953138103730073,-0.3610519405704554,5,15.625,3.7683721914935178,1.0355346646554058,45
HYBRID|wait=5|tol=0.0050|retrace=0.0075,atr_pullback,4,39.33212677881961,93.20060728165774,1393.321267788196,22.984905204085134,1.5267842303321049,32.25806451612903,12.687782831877279,31.14382785956965,92.72462653762244,31,1,45,32,71.11111111111111,12,1,2.40625,2.0,0.6837601642654644,0.5027230833682357,-0.3610519405704554,5,16.129032258064516,4.227964465273521,1.0400420224866882,44
HYBRID|wait=5|tol=0.0050|retrace=0.0075,adx_pullback,4,18.665971582213434,40.46623218002654,1186.6597158221343,24.38306260471026,1.41630831830521,26.31578947368421,9.824195569586017,17.82559456398641,48.81094467043911,19,13,45,32,71.11111111111111,12,1,2.40625,2.0,0.8620793299552588,0.5860602619065157,-0.3610519405704554,2,10.526315789473683,-9.328312029572986,0.8536757388478479,26
HYBRID|wait=5|tol=0.0050|retrace=0.0075,atr_adx_pullback,4,18.665971582213434,40.46623218002654,1186.6597158221343,24.38306260471026,1.41630831830521,26.31578947368421,9.824195569586017,17.82559456398641,48.81094467043911,19,13,45,32,71.11111111111111,12,1,2.40625,2.0,0.8620793299552588,0.5860602619065157,-0.3610519405704554,2,10.526315789473683,-9.328312029572986,0.8536757388478479,26
HYBRID|wait=8|tol=0.0050|retrace=0.0075,pullback,4,37.684531253244586,88.6910730286443,1376.8453125324459,23.895604900709387,1.489375541369491,32.35294117647059,11.08368566271899,34.586636466591166,101.10315313925696,34,0,45,34,75.55555555555556,10,1,2.676470588235294,2.0,0.6496839392434615,0.4953138103730073,-0.3610519405704554,5,14.705882352941178,3.7683721914935178,1.0355346646554058,45
HYBRID|wait=8|tol=0.0050|retrace=0.0075,atr_pullback,4,38.20730422180993,90.11619781055384,1382.0730422180993,23.6066449123593,1.4995557075981856,33.33333333333333,11.577970976306034,33.793884484711214,98.32464824790253,33,1,45,34,75.55555555555556,10,1,2.676470588235294,2.0,0.6674642290764299,0.5027230833682357,-0.3610519405704554,5,15.151515151515152,4.227964465273521,1.0400420224866882,44
HYBRID|wait=8|tol=0.0050|retrace=0.0075,adx_pullback,4,17.7079860502977,38.22371657408552,1177.079860502977,24.993515045511952,1.3812052361273037,28.57142857142857,8.43237430966557,20.475651189127973,53.638043524894215,21,13,45,34,75.55555555555556,10,1,2.676470588235294,2.0,0.8194886541163194,0.5295490576008495,-0.3610519405704554,2,9.523809523809524,-9.328312029572986,0.8536757388478479,26
HYBRID|wait=8|tol=0.0050|retrace=0.0075,atr_adx_pullback,4,17.7079860502977,38.22371657408552,1177.079860502977,24.993515045511952,1.3812052361273037,28.57142857142857,8.43237430966557,20.475651189127973,53.638043524894215,21,13,45,34,75.55555555555556,10,1,2.676470588235294,2.0,0.8194886541163194,0.5295490576008495,-0.3610519405704554,2,9.523809523809524,-9.328312029572986,0.8536757388478479,26
HYBRID|wait=2|tol=0.0075|retrace=0.0025,pullback,4,53.44380105611437,133.98907826322878,1534.4380105611438,17.781493164920512,1.8034133671461605,33.33333333333333,19.79400039115349,35.402038505096264,83.56291249663214,27,0,45,27,60.0,17,1,1.2962962962962963,1,0.37909183575829347,0.2902899383085157,-0.2708508654463853,6,22.22222222222222,3.7683721914935178,1.0355346646554058,45
HYBRID|wait=2|tol=0.0075|retrace=0.0025,atr_pullback,4,54.026410232729226,135.75632474064153,1540.2641023272922,17.781493164920512,1.8193477317049878,34.61538461538461,20.779388551049728,34.60928652321631,80.48653983630575,26,1,45,27,60.0,17,1,1.2962962962962963,1,0.3912517381045546,0.2906710064249932,-0.2708508654463853,6,23.076923076923077,4.227964465273521,1.0400420224866882,44
HYBRID|wait=2|tol=0.0075|retrace=0.0025,adx_pullback,4,22.557240240572103,49.75929235362821,1225.572402405721,23.11926714087563,1.5449674015258776,29.411764705882355,13.268964847395349,19.456398640996603,43.92421457746695,17,10,45,27,60.0,17,1,1.2962962962962963,1,0.4862230937294539,0.4680323213805325,-0.2708508654463853,3,17.647058823529413,-9.328312029572986,0.8536757388478479,26
HYBRID|wait=2|tol=0.0075|retrace=0.0025,atr_adx_pullback,4,22.557240240572103,49.75929235362821,1225.572402405721,23.11926714087563,1.5449674015258776,29.411764705882355,13.268964847395349,19.456398640996603,43.92421457746695,17,10,45,27,60.0,17,1,1.2962962962962963,1,0.4862230937294539,0.4680323213805325,-0.2708508654463853,3,17.647058823529413,-9.328312029572986,0.8536757388478479,26
HYBRID|wait=3|tol=0.0075|retrace=0.0025,pullback,4,34.07159376963898,78.98740605052808,1340.7159376963898,22.1536376752878,1.4166641933589808,31.428571428571427,9.734741077039695,40.83805209513024,99.7307577970931,35,0,45,35,77.77777777777779,9,1,1.6857142857142857,1,0.39614618291166986,0.29309684384032053,-0.2891141246692928,8,22.857142857142858,3.7683721914935178,1.0355346646554058,45
HYBRID|wait=3|tol=0.0075|retrace=0.0025,atr_pullback,4,34.58064881334847,80.33924206437905,1345.8064881334847,21.85806362964828,1.4255385615999858,32.35294117647059,10.170779062749535,40.045300113250285,97.04277572964895,34,1,45,35,77.77777777777779,9,1,1.6857142857142857,1,0.40594653021038063,0.3043918754493382,-0.2891141246692928,8,23.52941176470588,4.227964465273521,1.0400420224866882,44
HYBRID|wait=3|tol=0.0075|retrace=0.0025,adx_pullback,4,16.19533236753375,34.71927278643327,1161.9533236753375,24.991892186066007,1.3344252807334933,33.33333333333333,7.712063032158924,23.171007927519817,52.83988835040883,21,14,45,35,77.77777777777779,9,1,1.6857142857142857,1,0.5122194929925902,0.5027230833682357,-0.2708508654463853,4,19.047619047619047,-9.328312029572986,0.8536757388478479,26
HYBRID|wait=3|tol=0.0075|retrace=0.0025,atr_adx_pullback,4,16.19533236753375,34.71927278643327,1161.9533236753375,24.991892186066007,1.3344252807334933,33.33333333333333,7.712063032158924,23.171007927519817,52.83988835040883,21,14,45,35,77.77777777777779,9,1,1.6857142857142857,1,0.5122194929925902,0.5027230833682357,-0.2708508654463853,4,19.047619047619047,-9.328312029572986,0.8536757388478479,26
HYBRID|wait=5|tol=0.0075|retrace=0.0025,pullback,4,41.4046663651402,98.94829457032806,1414.046663651402,20.887798850629306,1.4613303215293312,34.21052631578947,10.895964832931645,44.371460928652326,112.70319813692994,38,0,45,38,84.44444444444444,6,1,1.868421052631579,1.5,0.3905987684399684,0.3043918754493382,-0.2891141246692928,9,23.684210526315788,3.7683721914935178,1.0355346646554058,45
HYBRID|wait=5|tol=0.0075|retrace=0.0025,atr_pullback,4,41.94156427612432,100.45088894514392,1419.4156427612431,20.587418554686508,1.4701247702290308,35.13513513513514,11.335557912466044,43.578708946772366,109.86819635351344,37,1,45,38,84.44444444444444,6,1,1.868421052631579,1.5,0.3994545628638728,0.31568690705835584,-0.2891141246692928,9,24.324324324324326,4.227964465273521,1.0400420224866882,44
HYBRID|wait=5|tol=0.0075|retrace=0.0025,adx_pullback,4,12.855770063227508,27.140527546439053,1128.557700632275,27.14769521419817,1.2497614379481599,31.818181818181817,5.84353184692158,23.397508493771234,54.63020305982987,22,16,45,38,84.44444444444444,6,1,1.868421052631579,1.5,0.5130072004747837,0.5161360704845426,-0.2708508654463853,4,18.181818181818183,-9.328312029572986,0.8536757388478479,26
HYBRID|wait=5|tol=0.0075|retrace=0.0025,atr_adx_pullback,4,12.855770063227508,27.140527546439053,1128.557700632275,27.14769521419817,1.2497614379481599,31.818181818181817,5.84353184692158,23.397508493771234,54.63020305982987,22,16,45,38,84.44444444444444,6,1,1.868421052631579,1.5,0.5130072004747837,0.5161360704845426,-0.2708508654463853,4,18.181818181818183,-9.328312029572986,0.8536757388478479,26
HYBRID|wait=8|tol=0.0075|retrace=0.0025,pullback,4,35.69951180704336,83.32821320011155,1356.9951180704336,20.64038894250087,1.3834902911777955,34.146341463414636,8.707198001717886,47.2480181200453,117.31737075475219,41,0,45,41,91.11111111111111,3,1,2.268292682926829,2,0.3869853886856049,0.30053935691556205,-0.2891141246692928,9,21.951219512195124,3.7683721914935178,1.0355346646554058,45
HYBRID|wait=8|tol=0.0075|retrace=0.0025,atr_pullback,4,36.21474787586328,84.71283397554697,1362.1474787586328,20.33906925844419,1.3911901871877712,35.0,9.053686968965815,46.45526613816535,114.59675079311451,40,1,45,41,91.11111111111111,3,1,2.268292682926829,2,0.3950866640338574,0.30811313198695894,-0.2891141246692928,9,22.5,4.227964465273521,1.0400420224866882,44
HYBRID|wait=8|tol=0.0075|retrace=0.0025,adx_pullback,4,11.944690050379336,25.110754178523752,1119.4469005037934,27.735828889092073,1.2254570969905967,33.33333333333333,4.976954187658042,26.047565118912797,59.12028755974259,24,17,45,41,91.11111111111111,3,1,2.268292682926829,2,0.5048297032390847,0.5159690968727324,-0.2708508654463853,4,16.666666666666664,-9.328312029572986,0.8536757388478479,26
HYBRID|wait=8|tol=0.0075|retrace=0.0025,atr_adx_pullback,4,11.944690050379336,25.110754178523752,1119.4469005037934,27.735828889092073,1.2254570969905967,33.33333333333333,4.976954187658042,26.047565118912797,59.12028755974259,24,17,45,41,91.11111111111111,3,1,2.268292682926829,2,0.5048297032390847,0.5159690968727324,-0.2708508654463853,4,16.666666666666664,-9.328312029572986,0.8536757388478479,26
HYBRID|wait=2|tol=0.0075|retrace=0.0050,pullback,4,60.93426531948294,157.21307056722117,1609.3426531948294,17.781493164920487,1.9881597176690717,36.0,24.373706127793188,34.45073612684031,80.39702479144636,25,0,45,25,55.55555555555556,19,1,1.32,1,0.39013719545899506,0.2200095350491254,-0.2708508654463853,6,24.0,3.7683721914935178,1.0355346646554058,45
HYBRID|wait=2|tol=0.0075|retrace=0.0050,atr_pullback,4,61.545314962163566,159.1557206100281,1615.4531496216357,17.781493164920487,2.0080581261091153,37.5,25.643881234234826,33.65798414496036,77.16857662156956,24,1,45,25,55.55555555555556,19,1,1.32,1,0.40377064632164056,0.22622464078795645,-0.2708508654463853,6,25.0,4.227964465273521,1.0400420224866882,44
HYBRID|wait=2|tol=0.0075|retrace=0.0050,adx_pullback,4,28.048158914854255,63.37507939392961,1280.4815891485425,20.241796994073404,1.7490616417964275,31.25,17.5300993217839,19.343148357870895,42.91266890675663,16,9,45,25,55.55555555555556,19,1,1.32,1,0.5046746868089462,0.530428075899764,-0.2708508654463853,3,18.75,-9.328312029572986,0.8536757388478479,26
HYBRID|wait=2|tol=0.0075|retrace=0.0050,atr_adx_pullback,4,28.048158914854255,63.37507939392961,1280.4815891485425,20.241796994073404,1.7490616417964275,31.25,17.5300993217839,19.343148357870895,42.91266890675663,16,9,45,25,55.55555555555556,19,1,1.32,1,0.5046746868089462,0.530428075899764,-0.2708508654463853,3,18.75,-9.328312029572986,0.8536757388478479,26
HYBRID|wait=3|tol=0.0075|retrace=0.0050,pullback,4,42.204420239283806,101.1885794108256,1422.044202392838,19.831001874001274,1.5461379163448354,33.33333333333333,12.789218254328434,40.11325028312571,98.03435367577329,33,0,45,33,73.33333333333333,11,1,1.7272727272727273,1,0.4406592379861144,0.31568690705835584,-0.2891141246692928,8,24.242424242424242,3.7683721914935178,1.0355346646554058,45
HYBRID|wait=3|tol=0.0075|retrace=0.0050,atr_pullback,4,42.74435472745713,102.70809395782283,1427.4435472745713,19.52660903657966,1.5570166593789632,34.375,13.35761085233036,39.320498301245756,95.18163862867928,32,1,45,33,73.33333333333333,11,1,1.7272727272727273,1,0.452463139962071,0.39851451947539734,-0.2891141246692928,8,25.0,4.227964465273521,1.0400420224866882,44
HYBRID|wait=3|tol=0.0075|retrace=0.0050,adx_pullback,4,17.522171025801047,37.79082277712522,1175.2217102580105,24.534485826665243,1.3667034669572877,31.818181818181817,7.964623193545926,23.91845979614949,55.53704917038614,22,11,45,33,73.33333333333333,11,1,1.7272727272727273,1,0.5706328773863503,0.5720966651689041,-0.2708508654463853,4,18.181818181818183,-9.328312029572986,0.8536757388478479,26
HYBRID|wait=3|tol=0.0075|retrace=0.0050,atr_adx_pullback,4,17.522171025801047,37.79082277712522,1175.2217102580105,24.534485826665243,1.3667034669572877,31.818181818181817,7.964623193545926,23.91845979614949,55.53704917038614,22,11,45,33,73.33333333333333,11,1,1.7272727272727273,1,0.5706328773863503,0.5720966651689041,-0.2708508654463853,4,18.181818181818183,-9.328312029572986,0.8536757388478479,26
HYBRID|wait=5|tol=0.0075|retrace=0.0050,pullback,4,45.3335613343563,110.07363479500798,1453.335613343563,19.83100187400125,1.5170825726899821,34.21052631578947,11.92988456167271,44.190260475651186,114.50923890405114,38,0,45,38,84.44444444444444,6,1,2.0789473684210527,2.0,0.46215549822025115,0.48462333463510887,-0.2891141246692928,9,23.684210526315788,3.7683721914935178,1.0355346646554058,45
HYBRID|wait=5|tol=0.0075|retrace=0.0050,atr_pullback,4,45.88537682589606,111.66025539219291,1458.8537682589606,19.52660903657967,1.5266917300326488,35.13513513513514,12.401453196188124,43.397508493771234,111.59375120986661,37,1,45,38,84.44444444444444,6,1,2.0789473684210527,2.0,0.472945258313893,0.48790453737777895,-0.2891141246692928,9,24.324324324324326,4.227964465273521,1.0400420224866882,44
HYBRID|wait=5|tol=0.0075|retrace=0.0050,adx_pullback,4,14.144474140038232,30.039284926319752,1141.4447414003823,26.70343514049131,1.2781645514419362,30.434782608695656,6.149771365234029,24.144960362400905,57.25614224521785,23,15,45,38,84.44444444444444,6,1,2.0789473684210527,2.0,0.5688466243521981,0.5581330684312924,-0.2708508654463853,4,17.391304347826086,-9.328312029572986,0.8536757388478479,26
HYBRID|wait=5|tol=0.0075|retrace=0.0050,atr_adx_pullback,4,14.144474140038232,30.039284926319752,1141.4447414003823,26.70343514049131,1.2781645514419362,30.434782608695656,6.149771365234029,24.144960362400905,57.25614224521785,23,15,45,38,84.44444444444444,6,1,2.0789473684210527,2.0,0.5688466243521981,0.5581330684312924,-0.2708508654463853,4,17.391304347826086,-9.328312029572986,0.8536757388478479,26
HYBRID|wait=8|tol=0.0075|retrace=0.0050,pullback,4,39.469890415957686,93.58006657256142,1394.6989041595768,19.58028701367703,1.4331566319313749,34.146341463414636,9.62680254047749,47.06681766704417,119.18989378185762,41,0,45,41,91.11111111111111,3,1,2.4634146341463414,2,0.4533062601892815,0.48134213189243885,-0.2891141246692928,9,21.951219512195124,3.7683721914935178,1.0355346646554058,45
HYBRID|wait=8|tol=0.0075|retrace=0.0050,atr_pullback,4,39.99944219620907,95.04211639679647,1399.9944219620907,19.274942239602847,1.4415340926071876,35.0,9.999860549052272,46.27406568516421,116.39203521785046,40,1,45,41,91.11111111111111,3,1,2.4634146341463414,2,0.463065557325126,0.48462333463510887,-0.2891141246692928,9,22.5,4.227964465273521,1.0400420224866882,44
HYBRID|wait=8|tol=0.0075|retrace=0.0050,adx_pullback,4,13.222990471920957,27.963233470344772,1132.2299047192096,27.295155308777964,1.2524867670483624,32.0,5.289196188768397,26.795016987542468,61.764957706178585,25,16,45,41,91.11111111111111,3,1,2.4634146341463414,2,0.5565290730957339,0.5295490576008495,-0.2708508654463853,4,16.0,-9.328312029572986,0.8536757388478479,26
HYBRID|wait=8|tol=0.0075|retrace=0.0050,atr_adx_pullback,4,13.222990471920957,27.963233470344772,1132.2299047192096,27.295155308777964,1.2524867670483624,32.0,5.289196188768397,26.795016987542468,61.764957706178585,25,16,45,41,91.11111111111111,3,1,2.4634146341463414,2,0.5565290730957339,0.5295490576008495,-0.2708508654463853,4,16.0,-9.328312029572986,0.8536757388478479,26
HYBRID|wait=2|tol=0.0075|retrace=0.0075,pullback,4,65.52486427908507,171.984971856374,1655.2486427908507,14.508546159606455,2.155510378682371,37.5,27.302026782952126,32.36693091732729,78.63515058450275,24,0,45,24,53.333333333333336,20,1,1.3333333333333333,1.0,0.5387453981871354,0.19561391162550204,-0.2708508654463853,6,25.0,3.7683721914935178,1.0355346646554058,45
HYBRID|wait=2|tol=0.0075|retrace=0.0075,atr_pullback,4,66.15334391933884,174.0391894591359,1661.5334391933884,14.508546159606455,2.1796677251061083,39.130434782608695,28.762323443190816,31.57417893544734,75.31461195284427,23,1,45,24,53.333333333333336,20,1,1.3333333333333333,1.0,0.5594328339885106,0.2200095350491254,-0.2708508654463853,6,26.08695652173913,4.227964465273521,1.0400420224866882,44
HYBRID|wait=2|tol=0.0075|retrace=0.0075,adx_pullback,4,31.700692102404993,72.75780843095943,1317.00692102405,17.674252197874594,1.9701910095791724,33.33333333333333,21.133794734936654,17.25934314835787,40.95042547627987,15,9,45,24,53.333333333333336,20,1,1.3333333333333333,1.0,0.7500836439306341,0.5027230833682357,-0.2708508654463853,3,20.0,-9.328312029572986,0.8536757388478479,26
HYBRID|wait=2|tol=0.0075|retrace=0.0075,atr_adx_pullback,4,31.700692102404993,72.75780843095943,1317.00692102405,17.674252197874594,1.9701910095791724,33.33333333333333,21.133794734936654,17.25934314835787,40.95042547627987,15,9,45,24,53.333333333333336,20,1,1.3333333333333333,1.0,0.7500836439306341,0.5027230833682357,-0.2708508654463853,3,20.0,-9.328312029572986,0.8536757388478479,26
HYBRID|wait=3|tol=0.0075|retrace=0.0075,pullback,4,45.460950741297005,110.43938814997757,1454.60950741297,21.13457197794742,1.6246859790093378,32.25806451612903,14.664822819773242,35.53793884484711,93.49022067826981,31,0,45,31,68.88888888888889,13,1,1.7096774193548387,1,0.5512402130397692,0.2324397465267875,-0.2891141246692928,8,25.806451612903224,3.7683721914935178,1.0355346646554058,45
HYBRID|wait=3|tol=0.0075|retrace=0.0075,atr_pullback,4,46.01324991635463,112.02877116809668,1460.1324991635463,20.83512865233207,1.6371103840773762,33.33333333333333,15.337749972118225,34.74518686296716,90.57217746803725,30,1,45,31,68.88888888888889,13,1,1.7096774193548387,1,0.5675170743159115,0.27406332679257167,-0.2891141246692928,8,26.666666666666668,4.227964465273521,1.0400420224866882,44
HYBRID|wait=3|tol=0.0075|retrace=0.0075,adx_pullback,4,20.21346946761,44.12655292271506,1202.1346946761,22.806299400799947,1.4668562980833,30.0,10.106734733804995,19.343148357870895,51.273398265120505,20,11,45,31,68.88888888888889,13,1,1.7096774193548387,1,0.7550307526595389,0.530428075899764,-0.2708508654463853,4,20.0,-9.328312029572986,0.8536757388478479,26
HYBRID|wait=3|tol=0.0075|retrace=0.0075,atr_adx_pullback,4,20.21346946761,44.12655292271506,1202.1346946761,22.806299400799947,1.4668562980833,30.0,10.106734733804995,19.343148357870895,51.273398265120505,20,11,45,31,68.88888888888889,13,1,1.7096774193548387,1,0.7550307526595389,0.530428075899764,-0.2708508654463853,4,20.0,-9.328312029572986,0.8536757388478479,26
HYBRID|wait=5|tol=0.0075|retrace=0.0075,pullback,4,48.66175025179748,119.73298535217238,1486.6175025179748,21.13457197794743,1.5858003594996444,33.33333333333333,13.517152847721515,39.6149490373726,109.86511440642388,36,0,45,36,80.0,8,1,2.0833333333333335,2.0,0.5585722411961282,0.39851451947539734,-0.2891141246692928,9,25.0,3.7683721914935178,1.0355346646554058,45
HYBRID|wait=5|tol=0.0075|retrace=0.0075,atr_pullback,4,49.22620250931586,121.39256000932015,1492.2620250931586,20.835128652332045,1.5966495849778575,34.285714285714285,14.064629288375954,38.822197055492644,106.88286103372964,35,1,45,36,80.0,8,1,2.0833333333333335,2.0,0.5727333230944318,0.48134213189243885,-0.2891141246692928,9,25.71428571428571,4.227964465273521,1.0400420224866882,44
HYBRID|wait=5|tol=0.0075|retrace=0.0075,adx_pullback,4,16.758422152679394,36.01859327946904,1167.584221526794,25.024918405525415,1.3604560507563874,28.57142857142857,7.980201025085442,19.56964892412231,53.11503264649029,21,15,45,36,80.0,8,1,2.0833333333333335,2.0,0.7442935290853155,0.5295490576008495,-0.2708508654463853,4,19.047619047619047,-9.328312029572986,0.8536757388478479,26
HYBRID|wait=5|tol=0.0075|retrace=0.0075,atr_adx_pullback,4,16.758422152679394,36.01859327946904,1167.584221526794,25.024918405525415,1.3604560507563874,28.57142857142857,7.980201025085442,19.56964892412231,53.11503264649029,21,15,45,36,80.0,8,1,2.0833333333333335,2.0,0.7442935290853155,0.5295490576008495,-0.2708508654463853,4,19.047619047619047,-9.328312029572986,0.8536757388478479,26
HYBRID|wait=8|tol=0.0075|retrace=0.0075,pullback,4,43.54235816428839,104.96427203498153,1435.4235816428838,20.12946365162179,1.5009015368301828,35.0,10.88558954107209,44.892412231030576,118.29756892489195,40,0,45,40,88.88888888888889,4,1,2.6,2.0,0.5456795523827492,0.39851451947539734,-0.2891141246692928,9,22.5,3.7683721914935178,1.0355346646554058,45
HYBRID|wait=8|tol=0.0075|retrace=0.0075,atr_pullback,4,44.08737265509119,106.51230320993142,1440.873726550912,19.82620404062781,1.510371148038534,35.8974358974359,11.304454526946452,44.099660249150624,115.41801395507039,39,1,45,40,88.88888888888889,4,1,2.6,2.0,0.5580576338603709,0.48134213189243885,-0.2891141246692928,9,23.076923076923077,4.227964465273521,1.0400420224866882,44
HYBRID|wait=8|tol=0.0075|retrace=0.0075,adx_pullback,4,16.529058725730124,35.48859373731188,1165.2905872573012,25.172201499397843,1.3430864283241808,33.33333333333333,6.887107802387566,24.620611551528878,60.404412215193986,24,16,45,40,88.88888888888889,4,1,2.6,2.0,0.7147855106226154,0.5293820839890393,-0.2708508654463853,4,16.666666666666664,-9.328312029572986,0.8536757388478479,26
HYBRID|wait=8|tol=0.0075|retrace=0.0075,atr_adx_pullback,4,16.529058725730124,35.48859373731188,1165.2905872573012,25.172201499397843,1.3430864283241808,33.33333333333333,6.887107802387566,24.620611551528878,60.404412215193986,24,16,45,40,88.88888888888889,4,1,2.6,2.0,0.7147855106226154,0.5293820839890393,-0.2708508654463853,4,16.666666666666664,-9.328312029572986,0.8536757388478479,26
LOW_TOUCH_CLOSE_ABOVE|wait=2|tol=-|retrace=-,pullback,5,-5.657263232890432,-11.089693406370726,943.4273676710957,5.693527935276586,0.06158927799607013,20.0,-11.314526465780887,3.0854248215519227,9.67296215286622,5,0,41,5,12.195121951219512,35,1,2.0,2,0.18249319495220515,0.053745449382938626,-0.2168890565325998,2,40.0,-32.51493458907875,0.3827623291629762,41
LOW_TOUCH_CLOSE_ABOVE|wait=2|tol=-|retrace=-,atr_pullback,5,-5.657263232890432,-11.089693406370726,943.4273676710957,5.693527935276586,0.06158927799607013,20.0,-11.314526465780887,3.0854248215519227,9.67296215286622,5,0,41,5,12.195121951219512,35,1,2.0,2,0.18249319495220515,0.053745449382938626,-0.2168890565325998,2,40.0,-24.954862576379195,0.46402135019731444,34
LOW_TOUCH_CLOSE_ABOVE|wait=2|tol=-|retrace=-,adx_pullback,5,-2.8895429764695564,-5.746397656271618,971.1045702353044,5.193374945039557,0.1156031829294654,33.33333333333333,-9.63180992156515,2.3946580704582088,5.889903350472172,3,2,41,5,12.195121951219512,35,1,2.0,2,0.02475579251015188,-0.15669292460220066,-0.2168890565325998,2,66.66666666666666,-7.903759203680238,0.7245942705079252,23
LOW_TOUCH_CLOSE_ABOVE|wait=2|tol=-|retrace=-,atr_adx_pullback,5,-2.8895429764695564,-5.746397656271618,971.1045702353044,5.193374945039557,0.1156031829294654,33.33333333333333,-9.63180992156515,2.3946580704582088,5.889903350472172,3,2,41,5,12.195121951219512,35,1,2.0,2,0.02475579251015188,-0.15669292460220066,-0.2168890565325998,2,66.66666666666666,-4.423214575569694,0.8287070528345744,21
LOW_TOUCH_CLOSE_ABOVE|wait=3|tol=-|retrace=-,pullback,5,-13.803529210738875,-25.90424455711181,861.9647078926113,13.803529210738875,0.024308628490954113,11.11111111111111,-15.337254678598722,5.065622841353902,16.377130132347194,9,0,41,9,21.951219512195124,30,2,2.4444444444444446,2,0.36648638036105186,0.41435556681776464,-0.2168890565325998,2,22.22222222222222,-32.51493458907875,0.3827623291629762,41
LOW_TOUCH_CLOSE_ABOVE|wait=3|tol=-|retrace=-,atr_pullback,5,-13.803529210738875,-25.90424455711181,861.9647078926113,13.803529210738875,0.024308628490954113,11.11111111111111,-15.337254678598722,5.065622841353902,16.377130132347194,9,0,41,9,21.951219512195124,30,2,2.4444444444444446,2,0.36648638036105186,0.41435556681776464,-0.2168890565325998,2,22.22222222222222,-24.954862576379195,0.46402135019731444,34
LOW_TOUCH_CLOSE_ABOVE|wait=3|tol=-|retrace=-,adx_pullback,5,-9.468673831133936,-18.19049381754805,905.3132616886606,9.468673831133936,0.036329760250632365,20.0,-18.93734766226787,3.3387059636196175,9.336496309726165,5,4,41,9,21.951219512195124,30,2,2.4444444444444446,2,0.1731854017464429,0.3773040643839942,-0.2168890565325998,2,40.0,-7.903759203680238,0.7245942705079252,23
LOW_TOUCH_CLOSE_ABOVE|wait=3|tol=-|retrace=-,atr_adx_pullback,5,-9.468673831133936,-18.19049381754805,905.3132616886606,9.468673831133936,0.036329760250632365,20.0,-18.93734766226787,3.3387059636196175,9.336496309726165,5,4,41,9,21.951219512195124,30,2,2.4444444444444446,2,0.1731854017464429,0.3773040643839942,-0.2168890565325998,2,40.0,-4.423214575569694,0.8287070528345744,21
LOW_TOUCH_CLOSE_ABOVE|wait=5|tol=-|retrace=-,pullback,5,-19.277677000824987,-35.095032165779784,807.2232299917501,19.277677000824987,0.016432058150999497,7.142857142857142,-13.76976928630356,6.101772967994474,24.540086720831074,14,0,41,14,34.146341463414636,25,2,3.142857142857143,3.0,0.3510681727262316,0.3819695675332001,-0.2168890565325998,2,14.285714285714285,-32.51493458907875,0.3827623291629762,41
LOW_TOUCH_CLOSE_ABOVE|wait=5|tol=-|retrace=-,atr_pullback,5,-18.594975175321395,-33.98231597314742,814.050248246786,18.594975175321395,0.017166595159628633,7.6923076923076925,-14.303827057939543,5.687312917338246,22.92427270886919,13,1,41,14,34.146341463414636,25,2,3.142857142857143,3.0,0.3638810371792013,0.386635070682406,-0.2168890565325998,2,15.384615384615385,-24.954862576379195,0.46402135019731444,34
LOW_TOUCH_CLOSE_ABOVE|wait=5|tol=-|retrace=-,adx_pullback,5,-11.560258309137055,-21.96052040820067,884.3974169086295,11.560258309137055,0.029281779603886195,16.666666666666664,-19.267097181895092,3.4538337554685703,11.035013229676863,6,8,41,14,34.146341463414636,25,2,3.142857142857143,3.0,0.2087603465691034,0.3819695675332001,-0.2168890565325998,2,33.33333333333333,-7.903759203680238,0.7245942705079252,23
LOW_TOUCH_CLOSE_ABOVE|wait=5|tol=-|retrace=-,atr_adx_pullback,5,-11.560258309137055,-21.96052040820067,884.3974169086295,11.560258309137055,0.029281779603886195,16.666666666666664,-19.267097181895092,3.4538337554685703,11.035013229676863,6,8,41,14,34.146341463414636,25,2,3.142857142857143,3.0,0.2087603465691034,0.3819695675332001,-0.2168890565325998,2,33.33333333333333,-4.423214575569694,0.8287070528345744,21
LOW_TOUCH_CLOSE_ABOVE|wait=8|tol=-|retrace=-,pullback,5,-25.47253543276752,-44.75588819742832,745.2746456723248,26.436700205062824,0.030673123750880237,10.0,-12.736267716383765,11.144370250978586,33.813243706149244,20,0,41,20,48.78048780487805,19,2,4.35,4.0,0.432568588696728,0.3543780914950466,-0.338951310861413,4,20.0,-32.51493458907875,0.3827623291629762,41
LOW_TOUCH_CLOSE_ABOVE|wait=8|tol=-|retrace=-,atr_pullback,5,-21.542080425842848,-38.71741088221267,784.5791957415715,24.478692024498265,0.03770477440804995,11.76470588235294,-12.671812015201667,9.440478931614091,29.63123920986644,17,3,41,20,48.78048780487805,19,2,4.35,4.0,0.483085298989896,0.386635070682406,-0.338951310861413,3,17.647058823529413,-24.954862576379195,0.46402135019731444,34
LOW_TOUCH_CLOSE_ABOVE|wait=8|tol=-|retrace=-,adx_pullback,5,-18.347373188599327,-33.576398241263064,816.5262681140067,19.418544701935872,0.04331273325931946,16.666666666666664,-15.289477657166108,8.496431038452682,21.368331073655476,12,8,41,20,48.78048780487805,19,2,4.35,4.0,0.4157482862651616,0.3543780914950466,-0.338951310861413,4,33.33333333333333,-7.903759203680238,0.7245942705079252,23
LOW_TOUCH_CLOSE_ABOVE|wait=8|tol=-|retrace=-,atr_adx_pullback,5,-14.762041339769926,-27.55787432887028,852.3795866023007,17.967519141442203,0.055481286283268615,20.0,-14.76204133976994,7.206999769744417,18.190296251800717,10,10,41,20,48.78048780487805,19,2,4.35,4.0,0.4734558678913235,0.3819695675332001,-0.338951310861413,3,30.0,-4.423214575569694,0.8287070528345744,21
LOW_TOUCH|wait=2|tol=-|retrace=-,pullback,5,-6.349441653528208,-12.401406910758528,936.5055834647179,6.385440287266351,0.05486301382278797,14.285714285714285,-9.070630933611742,3.1775270550310846,13.5538348615901,7,0,41,7,17.073170731707318,34,0,1.8571428571428572,2,0.325227962079153,0.35723482454292715,-0.2168890565325998,2,28.57142857142857,-32.51493458907875,0.3827623291629762,41
LOW_TOUCH|wait=2|tol=-|retrace=-,atr_pullback,5,-5.790553369408462,-11.343049777049686,942.0944663059154,5.82676683597831,0.06017699849185998,16.666666666666664,-9.650922282347437,3.1314759382915036,11.62775270089072,6,1,41,7,17.073170731707318,34,0,1.8571428571428572,2,0.21161679988399218,0.2054901369629329,-0.2168890565325998,2,33.33333333333333,-24.954862576379195,0.46402135019731444,34
LOW_TOUCH|wait=2|tol=-|retrace=-,adx_pullback,5,-3.465641219661461,-6.87156575834803,965.3435878033854,5.193374945039543,0.0977488265251299,25.0,-8.664103049153653,2.4407091871977893,7.850024738581172,4,3,41,7,17.073170731707318,34,0,1.8571428571428572,2,0.2702905781951434,0.14557821703152773,-0.2168890565325998,2,50.0,-7.903759203680238,0.7245942705079252,23
LOW_TOUCH|wait=2|tol=-|retrace=-,atr_adx_pullback,5,-2.8895429764695564,-5.746397656271618,971.1045702353044,5.193374945039557,0.1156031829294654,33.33333333333333,-9.63180992156515,2.3946580704582088,5.889903350472172,3,4,41,7,17.073170731707318,34,0,1.8571428571428572,2,0.02475579251015188,-0.15669292460220066,-0.2168890565325998,2,66.66666666666666,-4.423214575569694,0.8287070528345744,21
LOW_TOUCH|wait=3|tol=-|retrace=-,pullback,5,-15.92388317137386,-29.53704560454967,840.7611682862614,15.92388317137386,0.020630924750113726,7.6923076923076925,-12.249140901056823,5.549159567119503,23.48394115168284,13,0,41,13,31.70731707317073,28,0,2.3846153846153846,2,0.44715883733749806,0.4478493586652561,-0.2168890565325998,2,15.384615384615385,-32.51493458907875,0.3827623291629762,41
LOW_TOUCH|wait=3|tol=-|retrace=-,atr_pullback,5,-15.422133288624048,-28.6857194836993,845.7786671137595,15.422133288624048,0.021412172333243315,8.333333333333332,-12.85177774052004,5.503108450379922,21.617119930411754,12,1,41,13,31.70731707317073,28,0,2.3846153846153846,2,0.4005141625114465,0.4311024627415104,-0.2168890565325998,2,16.666666666666664,-24.954862576379195,0.46402135019731444,34
LOW_TOUCH|wait=3|tol=-|retrace=-,adx_pullback,5,-10.99072192742716,-20.942836500282414,890.0927807257284,10.99072192742716,0.030944403231386475,14.285714285714285,-15.701031324895926,3.5229104305779413,13.065369862588343,7,6,41,13,31.70731707317073,28,0,2.3846153846153846,2,0.35805239271456496,0.41435556681776464,-0.2168890565325998,2,28.57142857142857,-7.903759203680238,0.7245942705079252,23
LOW_TOUCH|wait=3|tol=-|retrace=-,atr_adx_pullback,5,-10.459531899614671,-19.987676034685997,895.4046810038533,10.459531899614671,0.032652321528865394,16.666666666666664,-17.432553166024473,3.4768593138383603,11.13637263795379,6,7,41,13,31.70731707317073,28,0,2.3846153846153846,2,0.2499119689586394,0.39582981560087943,-0.2168890565325998,2,33.33333333333333,-4.423214575569694,0.8287070528345744,21
LOW_TOUCH|wait=5|tol=-|retrace=-,pullback,5,-19.53666073486546,-35.514645658817535,804.6333926513454,19.53666073486546,0.01616657189684863,6.25,-12.210412959290913,6.239926318213216,28.175293119131446,16,0,41,16,39.02439024390244,25,0,2.8125,3.0,0.4182601946380069,0.4004953187500853,-0.2168890565325998,2,12.5,-32.51493458907875,0.3827623291629762,41
LOW_TOUCH|wait=5|tol=-|retrace=-,atr_pullback,5,-18.371898550917866,-33.61666104229801,816.2810144908213,18.371898550917866,0.017418189981043043,7.142857142857142,-13.122784679227038,5.779415150817408,24.71622709684921,14,2,41,16,39.02439024390244,25,0,2.8125,3.0,0.39291194600859763,0.4004953187500853,-0.2168890565325998,2,14.285714285714285,-24.954862576379195,0.46402135019731444,34
LOW_TOUCH|wait=5|tol=-|retrace=-,adx_pullback,5,-13.047141868383289,-24.586026912785407,869.5285813161671,13.047141868383289,0.025605178239377045,12.5,-16.30892733547911,3.638038222426894,14.712473863662966,8,8,41,16,39.02439024390244,25,0,2.8125,3.0,0.36162522746054504,0.4004953187500853,-0.2168890565325998,2,25.0,-7.903759203680238,0.7245942705079252,23
LOW_TOUCH|wait=5|tol=-|retrace=-,atr_adx_pullback,5,-12.528224154078826,-23.674883096618526,874.7177584592117,12.528224154078826,0.02679219951769891,14.285714285714285,-17.897463077255484,3.591987105687313,12.793306234763675,7,9,41,16,39.02439024390244,25,0,2.8125,3.0,0.2694438406334632,0.386635070682406,-0.2168890565325998,2,28.57142857142857,-4.423214575569694,0.8287070528345744,21
LOW_TOUCH|wait=8|tol=-|retrace=-,pullback,5,-27.12719631388612,-47.20351030414168,728.7280368611388,28.66318768405164,0.028822994424153103,8.695652173913043,-11.794433179950493,11.604881418374395,38.700667437208025,23,0,41,23,56.09756097560976,18,0,4.130434782608695,3,0.5432496459386252,0.386635070682406,-0.338951310861413,4,17.391304347826086,-32.51493458907875,0.3827623291629762,41
LOW_TOUCH|wait=8|tol=-|retrace=-,atr_pullback,5,-22.826179272902642,-40.72496558293351,771.7382072709736,26.327385583468338,0.03569425554859812,10.526315789473683,-12.013778564685595,9.854938982270319,32.929029659320584,19,4,41,23,56.09756097560976,18,0,4.130434782608695,3,0.5815223805385228,0.41435556681776464,-0.338951310861413,3,15.789473684210526,-24.954862576379195,0.46402135019731444,34
LOW_TOUCH|wait=8|tol=-|retrace=-,adx_pullback,5,-21.24986834448373,-38.255855244946865,787.5013165551627,22.909740292642624,0.0373832774155376,13.333333333333334,-14.166578896322502,9.002993322588072,26.39127973595963,15,8,41,23,56.09756097560976,18,0,4.130434782608695,3,0.5797053708043086,0.386635070682406,-0.338951310861413,4,26.666666666666668,-7.903759203680238,0.7245942705079252,23
LOW_TOUCH|wait=8|tol=-|retrace=-,atr_adx_pullback,5,-17.301382391886147,-31.847749715975137,826.9861760811385,21.05323657140744,0.04753404362565734,16.666666666666664,-14.417818659905103,7.667510937140226,21.54404897362057,12,11,41,23,56.09756097560976,18,0,4.130434782608695,3,0.619522072545484,0.4004953187500853,-0.338951310861413,3,25.0,-4.423214575569694,0.8287070528345744,21
CLOSE_NEAR_EMA|wait=2|tol=0.0025|retrace=-,pullback,5,3.0532994841369376,6.258545585340269,1030.5329948413694,4.841891486534684,2.3070143626186788,40.0,6.106598968273874,4.651162790697675,10.392835414263399,5,0,41,5,12.195121951219512,35,1,1.6,2,0.44529968494294103,0.38954699608538884,0.25048575508579296,0,0.0,-32.51493458907875,0.3827623291629762,41
CLOSE_NEAR_EMA|wait=2|tol=0.0025|retrace=-,atr_pullback,5,3.0532994841369376,6.258545585340269,1030.5329948413694,4.841891486534684,2.3070143626186788,40.0,6.106598968273874,4.651162790697675,10.392835414263399,5,0,41,5,12.195121951219512,35,1,1.6,2,0.44529968494294103,0.38954699608538884,0.25048575508579296,0,0.0,-24.954862576379195,0.46402135019731444,34
CLOSE_NEAR_EMA|wait=2|tol=0.0025|retrace=-,adx_pullback,5,5.39373228997631,11.185686447159448,1053.937322899763,3.8222978550275624,inf,100.0,26.96866144988155,3.684089339166475,4.155719422501507,2,3,41,5,12.195121951219512,35,1,1.6,2,0.41869817737532244,0.41869817737532244,0.38954699608538884,0,0.0,-7.903759203680238,0.7245942705079252,23
CLOSE_NEAR_EMA|wait=2|tol=0.0025|retrace=-,atr_adx_pullback,5,5.39373228997631,11.185686447159448,1053.937322899763,3.8222978550275624,inf,100.0,26.96866144988155,3.684089339166475,4.155719422501507,2,3,41,5,12.195121951219512,35,1,1.6,2,0.41869817737532244,0.41869817737532244,0.38954699608538884,0,0.0,-4.423214575569694,0.8287070528345744,21
CLOSE_NEAR_EMA|wait=3|tol=0.0025|retrace=-,pullback,5,-3.8188692902618753,-7.558078199227724,961.8113070973812,11.153412872652119,0.5842919579805913,18.181818181818183,-3.471699354783523,7.230025328114206,22.159290293994605,11,0,41,11,26.82926829268293,29,1,2.3636363636363638,3,0.5107134245487366,0.4478493586652561,0.24072543165669408,0,0.0,-32.51493458907875,0.3827623291629762,41
CLOSE_NEAR_EMA|wait=3|tol=0.0025|retrace=-,atr_pullback,5,-3.04255592655104,-6.045909701315832,969.5744407344896,10.436299314118376,0.6383594876685398,20.0,-3.042555926551029,6.608335252129864,20.2209532847979,10,1,41,11,26.82926829268293,29,1,2.3636363636363638,3,0.5377122238379408,0.49668624281983076,0.25048575508579296,0,0.0,-24.954862576379195,0.46402135019731444,34
CLOSE_NEAR_EMA|wait=3|tol=0.0025|retrace=-,adx_pullback,5,1.1779583695722409,2.3918282023973614,1011.7795836957224,6.537631369941581,1.280146443718847,40.0,2.3559167391444817,4.605111673958094,10.288163987216848,5,6,41,11,26.82926829268293,29,1,2.3636363636363638,3,0.47875367022573334,0.4478493586652561,0.3773040643839942,0,0.0,-7.903759203680238,0.7245942705079252,23
CLOSE_NEAR_EMA|wait=3|tol=0.0025|retrace=-,atr_adx_pullback,5,1.1779583695722409,2.3918282023973614,1011.7795836957224,6.537631369941581,1.280146443718847,40.0,2.3559167391444817,4.605111673958094,10.288163987216848,5,6,41,11,26.82926829268293,29,1,2.3636363636363638,3,0.47875367022573334,0.4478493586652561,0.3773040643839942,0,0.0,-4.423214575569694,0.8287070528345744,21
CLOSE_NEAR_EMA|wait=5|tol=0.0025|retrace=-,pullback,5,-7.650331029502376,-14.840045206020246,923.4966897049762,15.155084736486128,0.42678841733523465,20.0,-5.100220686334925,9.141146672806816,29.727441215674997,15,0,41,15,36.58536585365854,24,2,3.0,3,0.4405410240449191,0.386635070682406,0.11116946181704843,0,0.0,-32.51493458907875,0.3827623291629762,41
CLOSE_NEAR_EMA|wait=5|tol=0.0025|retrace=-,atr_pullback,5,-6.11759968786456,-11.963150130031385,938.8240031213544,13.746910107895557,0.4824286376992241,23.076923076923077,-4.705845913741969,8.104996546166245,25.96284779184737,13,2,41,15,36.58536585365854,24,2,3.0,3,0.4756068457061129,0.38954699608538884,0.11116946181704843,0,0.0,-24.954862576379195,0.46402135019731444,34
CLOSE_NEAR_EMA|wait=5|tol=0.0025|retrace=-,adx_pullback,5,-0.8358822152096764,-1.6799466870084045,991.6411778479032,8.894408995451023,0.8724726580627483,42.857142857142854,-1.1941174502995702,5.9405940594059405,14.311627297919959,7,8,41,15,36.58536585365854,24,2,3.0,3,0.413081840518303,0.38954699608538884,0.11116946181704843,0,0.0,-7.903759203680238,0.7245942705079252,23
CLOSE_NEAR_EMA|wait=5|tol=0.0025|retrace=-,atr_adx_pullback,5,-0.8358822152096764,-1.6799466870084045,991.6411778479032,8.894408995451023,0.8724726580627483,42.857142857142854,-1.1941174502995702,5.9405940594059405,14.311627297919959,7,8,41,15,36.58536585365854,24,2,3.0,3,0.413081840518303,0.38954699608538884,0.11116946181704843,0,0.0,-4.423214575569694,0.8287070528345744,21
CLOSE_NEAR_EMA|wait=8|tol=0.0025|retrace=-,pullback,5,-17.53855486570735,-32.24167539772596,824.6144513429265,23.81811677906119,0.24224656171073677,15.0,-8.76927743285367,12.111443702509787,36.887456413749376,20,0,41,20,48.78048780487805,19,2,3.95,3.0,0.5079309258752316,0.3819695675332001,-0.38573721544329814,2,10.0,-32.51493458907875,0.3827623291629762,41
CLOSE_NEAR_EMA|wait=8|tol=0.0025|retrace=-,atr_pullback,5,-11.900968914200053,-22.566143641396664,880.9903108579995,19.72783538341611,0.32330650104333225,20.0,-7.933979276133406,8.588533271931844,28.85881098328069,15,5,41,20,48.78048780487805,19,2,3.95,3.0,0.6576472406789938,0.4478493586652561,0.11116946181704843,0,0.0,-24.954862576379195,0.46402135019731444,34
CLOSE_NEAR_EMA|wait=8|tol=0.0025|retrace=-,adx_pullback,5,-6.817060932789581,-13.282002123552061,931.8293906721042,13.913080584008188,0.45302183270652585,30.0,-6.817060932789593,7.552383145291273,19.70183007433403,10,10,41,20,48.78048780487805,19,2,3.95,3.0,0.5212155026509776,0.3880910333838974,-0.07703136233739516,1,10.0,-7.903759203680238,0.7245942705079252,23
CLOSE_NEAR_EMA|wait=8|tol=0.0025|retrace=-,atr_adx_pullback,5,-2.725438014437248,-5.424639227906647,972.7456198556275,11.367474120044283,0.6772371812191339,37.5,-3.406797518046602,6.262951876583007,16.276987814962684,8,12,41,20,48.78048780487805,19,2,3.95,3.0,0.619716783780134,0.41869817737532244,0.11116946181704843,0,0.0,-4.423214575569694,0.8287070528345744,21
CLOSE_NEAR_EMA|wait=2|tol=0.0050|retrace=-,pullback,5,-2.0171602812925356,-4.029581173617924,979.8283971870746,13.517521673497818,0.8246221950813045,20.0,-1.344773520861698,11.76606032696293,30.492250285913023,15,0,41,15,36.58536585365854,26,0,1.2666666666666666,1,0.2561147709027878,0.23771131672233003,-0.12060606923927784,3,20.0,-32.51493458907875,0.3827623291629762,41
CLOSE_NEAR_EMA|wait=2|tol=0.0050|retrace=-,atr_pullback,5,1.9116159509643353,3.895926226909374,1019.1161595096434,11.414444743122848,1.248297152363539,30.0,1.9116159509643353,8.4503799217131,20.7887147054305,10,5,41,15,36.58536585365854,26,0,1.2666666666666666,1,0.26434246639205805,0.2601086539844397,-0.12060606923927784,1,10.0,-24.954862576379195,0.46402135019731444,34
CLOSE_NEAR_EMA|wait=2|tol=0.0050|retrace=-,adx_pullback,5,3.821693536340217,7.863765356152697,1038.2169353634022,5.256871540980452,3.4405351139315368,50.0,9.554233840850543,4.282753856781027,8.297640992941854,4,11,41,15,36.58536585365854,26,0,1.2666666666666666,1,0.43092130519037125,0.41869817737532244,-0.12060606923927784,1,25.0,-7.903759203680238,0.7245942705079252,23
CLOSE_NEAR_EMA|wait=2|tol=0.0050|retrace=-,atr_adx_pullback,5,4.441281173396942,9.166964203388606,1044.4128117339694,4.691463011319569,5.681208924439026,66.66666666666666,14.804270577989806,4.236702740041446,6.227928055090669,3,12,41,15,36.58536585365854,26,0,1.2666666666666666,1,0.23893009517045571,0.38954699608538884,-0.12060606923927784,1,33.33333333333333,-4.423214575569694,0.8287070528345744,21
CLOSE_NEAR_EMA|wait=3|tol=0.0050|retrace=-,pullback,5,-10.513472867262271,-20.08493412511604,894.8652713273773,16.944915209897356,0.4681308701081348,15.0,-5.2567364336311355,13.562053879806585,38.641309645373326,20,0,41,20,48.78048780487805,21,0,1.7,1.0,0.3081216518360871,0.2601086539844397,-0.27429206667592837,4,20.0,-32.51493458907875,0.3827623291629762,41
CLOSE_NEAR_EMA|wait=3|tol=0.0050|retrace=-,atr_pullback,5,-3.4609849028077977,-6.86249891116012,965.390150971922,14.92518547790525,0.7337624201422871,21.428571428571427,-2.4721320734341328,9.486530048353673,28.449531434780873,14,6,41,20,48.78048780487805,21,0,1.7,1.0,0.3741734431268881,0.3271772326356779,-0.12060606923927784,1,7.142857142857142,-24.954862576379195,0.46402135019731444,34
CLOSE_NEAR_EMA|wait=3|tol=0.0050|retrace=-,adx_pullback,5,-0.33119846655847596,-0.6673567027921656,996.6880153344152,7.931703505928072,0.9419764554227206,28.57142857142857,-0.4731406665121085,5.203776191572645,14.334630755120182,7,13,41,20,48.78048780487805,21,0,1.7,1.0,0.46857960244850094,0.4478493586652561,-0.12060606923927784,1,14.285714285714285,-7.903759203680238,0.7245942705079252,23
CLOSE_NEAR_EMA|wait=3|tol=0.0050|retrace=-,atr_adx_pullback,5,0.26360552022842965,0.5327700108488154,1002.6360552022843,7.382257852234939,1.0515303148423654,33.33333333333333,0.43934253371404947,5.157725074833064,12.300945395844133,6,14,41,20,48.78048780487805,21,0,1.7,1.0,0.37886038031489816,0.41869817737532244,-0.12060606923927784,1,16.666666666666664,-4.423214575569694,0.8287070528345744,21
CLOSE_NEAR_EMA|wait=5|tol=0.0050|retrace=-,pullback,5,-12.294607840087497,-23.262884594672663,877.053921599125,18.86377284202999,0.4381519653635658,18.181818181818183,-5.58845810913069,14.897536265254432,42.23647476363063,22,0,41,22,53.65853658536586,19,0,1.9545454545454546,1.5,0.30273807132823616,0.2601086539844397,-0.27429206667592837,4,18.181818181818183,-32.51493458907875,0.3827623291629762,41
CLOSE_NEAR_EMA|wait=5|tol=0.0050|retrace=-,atr_pullback,5,-5.382492212803731,-10.566260674705408,946.1750778719627,16.890705801682486,0.6475338102966799,25.0,-3.364057633002325,10.82201243380152,32.30355754688203,16,6,41,22,53.65853658536586,19,0,1.9545454545454546,1.5,0.358514546017243,0.3271772326356779,-0.12060606923927784,1,6.25,-24.954862576379195,0.46402135019731444,34
CLOSE_NEAR_EMA|wait=5|tol=0.0050|retrace=-,adx_pullback,5,-2.315000875690498,-4.617478209328551,976.849991243095,10.253327752953757,0.7116277006578584,33.33333333333333,-2.5722231952116648,6.539258577020493,18.31374320344107,9,13,41,22,53.65853658536586,19,0,1.9545454545454546,1.5,0.4197624166265512,0.38954699608538884,-0.12060606923927784,1,11.11111111111111,-7.903759203680238,0.7245942705079252,23
CLOSE_NEAR_EMA|wait=5|tol=0.0050|retrace=-,atr_adx_pullback,5,-1.7320358351314666,-3.4650764548225244,982.6796416486853,9.71773710039145,0.767423103819955,37.5,-2.1650447939143334,6.493207460280911,16.28434641477632,8,14,41,22,53.65853658536586,19,0,1.9545454545454546,1.5,0.3463708517986054,0.3880910333838974,-0.12060606923927784,1,12.5,-4.423214575569694,0.8287070528345744,21
CLOSE_NEAR_EMA|wait=8|tol=0.0050|retrace=-,pullback,5,-20.063428613318944,-36.363894495699455,799.3657138668106,26.08126050216844,0.3168171229270314,15.384615384615385,-7.716703312814987,16.69352981809809,47.2902489006639,26,0,41,26,63.41463414634146,15,0,2.6538461538461537,2.0,0.5324057571348179,0.3271772326356779,-0.27429206667592837,4,15.384615384615385,-32.51493458907875,0.3827623291629762,41
CLOSE_NEAR_EMA|wait=8|tol=0.0050|retrace=-,atr_pullback,5,-13.763578505289843,-25.834912593633252,862.3642149471016,21.42496759780758,0.4106195810292253,20.0,-6.881789252644921,12.618005986645176,38.08200499391994,20,6,41,26,63.41463414634146,15,0,2.6538461538461537,2.0,0.6459272426279978,0.3880910333838974,-0.12060606923927784,1,5.0,-24.954862576379195,0.46402135019731444,34
CLOSE_NEAR_EMA|wait=8|tol=0.0050|retrace=-,adx_pullback,5,-6.931035272258282,-13.495952019387081,930.6896472774172,15.199439026242656,0.4513452830922397,25.0,-5.775862726881901,8.174073221275616,23.89005814105421,12,14,41,26,63.41463414634146,15,0,2.6538461538461537,2.0,0.778709636377545,0.49668624281983076,-0.12060606923927784,1,8.333333333333332,-7.903759203680238,0.7245942705079252,23
CLOSE_NEAR_EMA|wait=8|tol=0.0050|retrace=-,atr_adx_pullback,5,-6.375617825529913,-12.450819066376129,936.2438217447009,14.693365801994798,0.47219945084088355,27.27272727272727,-5.796016205027183,8.128022104536035,21.893939713375453,11,15,41,26,63.41463414634146,15,0,2.6538461538461537,2.0,0.7579655182982201,0.4478493586652561,-0.12060606923927784,1,9.090909090909092,-4.423214575569694,0.8287070528345744,21
CLOSE_NEAR_EMA|wait=2|tol=0.0075|retrace=-,pullback,5,-11.45973429735674,-21.78138117376719,885.4026570264326,18.736267324263913,0.44790816773317865,15.789473684210526,-6.031439103871968,13.631130554915957,36.80198448888571,19,0,41,19,46.34146341463415,22,0,1.2105263157894737,1,0.1438806622476986,0.08818918212698648,-0.2688545587462205,7,36.84210526315789,-32.51493458907875,0.3827623291629762,41
CLOSE_NEAR_EMA|wait=2|tol=0.0075|retrace=-,atr_pullback,5,-4.487001376550859,-8.849610637591631,955.1299862344914,16.76009961059969,0.6811243897743688,23.076923076923077,-3.451539520423755,9.532581165093253,26.468725178349054,13,6,41,19,46.34146341463415,22,0,1.2105263157894737,1,0.1387915570639429,0.1554926381579915,-0.2168890565325998,4,30.76923076923077,-24.954862576379195,0.46402135019731444,34
CLOSE_NEAR_EMA|wait=2|tol=0.0075|retrace=-,adx_pullback,5,-2.077886698709426,-4.149594831501668,979.2211330129057,9.545193460318888,0.7210668599532294,28.57142857142857,-2.9684095695848782,5.295878425051807,14.238739078460306,7,12,41,19,46.34146341463415,22,0,1.2105263157894737,1,0.21657098522050938,0.04612345421159115,-0.2168890565325998,3,42.857142857142854,-7.903759203680238,0.7245942705079252,23
CLOSE_NEAR_EMA|wait=2|tol=0.0075|retrace=-,atr_adx_pullback,5,-1.4935066069445497,-2.9915401584588497,985.0649339305545,9.005376800280198,0.782520409399051,33.33333333333333,-2.489177678240916,5.249827308312226,12.204481456342727,6,13,41,19,46.34146341463415,22,0,1.2105263157894737,1,0.08485032688224131,0.004600366157340267,-0.2168890565325998,3,50.0,-4.423214575569694,0.8287070528345744,21
CLOSE_NEAR_EMA|wait=3|tol=0.0075|retrace=-,pullback,5,-12.689644984049359,-23.95890612444895,873.1035501595064,18.736267324263903,0.421258782114318,14.285714285714285,-6.04268808764254,15.012664057103384,40.387725590809644,21,0,41,21,51.21951219512195,20,0,1.380952380952381,1,0.16623954121194268,0.08818918212698648,-0.28133376073330923,8,38.095238095238095,-32.51493458907875,0.3827623291629762,41
CLOSE_NEAR_EMA|wait=3|tol=0.0075|retrace=-,atr_pullback,5,-5.813770127387465,-11.387142622680013,941.8622987261253,16.760099610599667,0.6208621407963897,20.0,-3.8758467515916437,10.914114667280682,30.315024936813572,15,6,41,21,51.21951219512195,20,0,1.380952380952381,1,0.17077253497171868,0.1554926381579915,-0.28133376073330923,5,33.33333333333333,-24.954862576379195,0.46402135019731444,34
CLOSE_NEAR_EMA|wait=3|tol=0.0075|retrace=-,adx_pullback,5,-2.141701028615239,-4.27562948509046,978.5829897138476,9.74083479213197,0.7149328172831434,25.0,-2.6771262857690203,6.562284135390284,16.330838703816468,8,13,41,21,51.21951219512195,20,0,1.380952380952381,1,0.15433289197628208,0.004600366157340267,-0.28133376073330923,4,50.0,-7.903759203680238,0.7245942705079252,23
CLOSE_NEAR_EMA|wait=3|tol=0.0075|retrace=-,atr_adx_pullback,5,-1.5577017683368808,-3.119097549685612,984.4229823166312,9.202185681440287,0.7752649986190955,28.57142857142857,-2.2252882404812584,6.516233018650702,14.297906775994436,7,14,41,21,51.21951219512195,20,0,1.380952380952381,1,0.03253831436573409,-0.036922721896910614,-0.28133376073330923,4,57.14285714285714,-4.423214575569694,0.8287070528345744,21
CLOSE_NEAR_EMA|wait=5|tol=0.0075|retrace=-,pullback,5,-18.425857854450943,-33.70520159874122,815.7414214554906,23.9396733762862,0.36625089067479344,16.0,-7.370343141780381,18.696753396269862,46.124203607471976,25,0,41,25,60.97560975609756,16,0,1.92,1,0.175165872813262,0.08818918212698648,-0.6572215663124642,10,40.0,-32.51493458907875,0.3827623291629762,41
CLOSE_NEAR_EMA|wait=5|tol=0.0075|retrace=-,atr_pullback,5,-12.001721876194177,-22.7447789585556,879.9827812380582,18.83518100486235,0.4787537929781402,21.052631578947366,-6.316695724312725,14.598204006447158,36.7341741299133,19,6,41,25,60.97560975609756,16,0,1.92,1,0.18156339365560706,0.1554926381579915,-0.6572215663124642,7,36.84210526315789,-24.954862576379195,0.46402135019731444,34
CLOSE_NEAR_EMA|wait=5|tol=0.0075|retrace=-,adx_pullback,5,-4.0448212808826725,-7.995880630738639,959.5517871911733,11.496169261108125,0.639186340105817,27.27272727272727,-3.677110255347884,10.062169007598435,22.308361610434588,11,14,41,25,60.97560975609756,16,0,1.92,1,0.08172295483572801,-0.036922721896910614,-0.6572215663124642,6,54.54545454545454,-7.903759203680238,0.7245942705079252,23
CLOSE_NEAR_EMA|wait=5|tol=0.0075|retrace=-,atr_adx_pullback,5,-3.4721794714411773,-6.8842963845640925,965.2782052855882,10.967995644495128,0.6739938209950299,30.0,-3.4721794714411773,10.016117890858853,20.311102374580997,10,15,41,25,60.97560975609756,16,0,1.92,1,-0.01079424320571097,-0.05102342944205035,-0.6572215663124642,6,60.0,-4.423214575569694,0.8287070528345744,21
CLOSE_NEAR_EMA|wait=8|tol=0.0075|retrace=-,pullback,5,-23.487554915902706,-41.745795852292346,765.1244508409729,29.247609718523933,0.30847425795201355,13.793103448275861,-8.099156867552662,21.667050425972832,51.81449237077346,29,0,41,29,70.73170731707317,12,0,2.586206896551724,1,0.3225022560211487,0.1554926381579915,-0.6572215663124642,11,37.93103448275862,-32.51493458907875,0.3827623291629762,41
CLOSE_NEAR_EMA|wait=8|tol=0.0075|retrace=-,atr_pullback,5,-17.462038271521237,-32.11471297061625,825.3796172847876,24.49933880669223,0.38305475294667646,17.391304347826086,-7.59219055283532,17.568501036150128,43.01142074227912,23,6,41,29,70.73170731707317,12,0,2.586206896551724,1,0.3662227427712303,0.20297889019541543,-0.6572215663124642,8,34.78260869565217,-24.954862576379195,0.46402135019731444,34
CLOSE_NEAR_EMA|wait=8|tol=0.0075|retrace=-,adx_pullback,5,-9.998865459331148,-19.154641368284953,900.0113454066885,17.67248640907784,0.41456106167303647,20.0,-6.6659103062207805,13.032466037301404,29.442707271996728,15,14,41,29,70.73170731707317,12,0,2.586206896551724,1,0.39149140716498465,0.04612345421159115,-0.6572215663124642,7,46.666666666666664,-7.903759203680238,0.7245942705079252,23
CLOSE_NEAR_EMA|wait=8|tol=0.0075|retrace=-,atr_adx_pullback,5,-9.461756225383237,-18.17787611421332,905.3824377461676,17.181171849729967,0.4284537976355028,21.428571428571427,-6.758397303845186,12.986414920561822,27.48802442090271,14,15,41,29,70.73170731707317,12,0,2.586206896551724,1,0.34753401230176084,0.004600366157340267,-0.6572215663124642,7,50.0,-4.423214575569694,0.8287070528345744,21
PERCENT_RETRACE|wait=2|tol=-|retrace=0.0025,pullback,5,-14.360438380859467,-26.867319042968884,856.3956161914053,21.54354660737977,0.38527416871470527,21.428571428571427,-10.257455986328182,11.81211144370251,26.315015126593416,14,0,41,14,34.146341463414636,27,0,1.3571428571428572,1.0,0.3900883509698018,0.33457228057646926,0.25048575508579296,0,0.0,-32.51493458907875,0.3827623291629762,41
PERCENT_RETRACE|wait=2|tol=-|retrace=0.0025,atr_pullback,5,-13.84935816424164,-25.983737562164922,861.5064183575836,21.075333781007668,0.39452678290881144,23.076923076923077,-10.65335243403204,11.76606032696293,24.352826366832527,13,1,41,14,34.146341463414636,27,0,1.3571428571428572,1.0,0.34264169064054684,0.3149813941223029,0.25048575508579296,0,0.0,-24.954862576379195,0.46402135019731444,34
PERCENT_RETRACE|wait=2|tol=-|retrace=0.0025,adx_pullback,5,-8.7011694873946,-16.784578145564875,912.988305126054,16.35895483948829,0.38083285650088367,33.33333333333333,-14.501949145657647,4.9274694911351595,11.853858345818514,6,8,41,14,34.146341463414636,27,0,1.3571428571428572,1.0,0.5109210193575094,0.4395081058193002,0.3031412187590936,0,0.0,-7.903759203680238,0.7245942705079252,23
PERCENT_RETRACE|wait=2|tol=-|retrace=0.0025,atr_adx_pullback,5,-8.156315856746085,-15.779178032979535,918.4368414325392,15.859801379678661,0.39629195824822044,40.0,-16.31263171349217,4.881418374395579,9.80536822018969,5,9,41,14,34.146341463414636,27,0,1.3571428571428572,1.0,0.41172623617898774,0.43116685297334434,0.3031412187590936,0,0.0,-4.423214575569694,0.8287070528345744,21
PERCENT_RETRACE|wait=3|tol=-|retrace=0.0025,pullback,5,-19.535677800169754,-35.51305567346243,804.6432219983025,26.284707381911577,0.31312262324712337,15.0,-9.767838900084877,14.045590605572187,36.444350238091566,20,0,41,20,48.78048780487805,21,0,1.85,2.0,0.497193551194013,0.3834255302346915,0.25048575508579296,0,0.0,-32.51493458907875,0.3827623291629762,41
PERCENT_RETRACE|wait=3|tol=-|retrace=0.0025,atr_pullback,5,-19.055482403995484,-34.73393108764231,809.4451759600452,25.84478887921251,0.3190700621023543,15.789473684210526,-10.029201265260781,13.999539488832605,34.54261137654478,19,1,41,20,48.78048780487805,21,0,1.85,2.0,0.47036716255948113,0.3773040643839942,0.25048575508579296,0,0.0,-24.954862576379195,0.46402135019731444,34
PERCENT_RETRACE|wait=3|tol=-|retrace=0.0025,adx_pullback,5,-12.353144042954023,-23.366222302735785,876.4685595704598,19.704616191463792,0.3018905459523445,22.22222222222222,-13.725715603282246,5.848491825926779,17.285372293231923,9,11,41,20,48.78048780487805,21,0,1.85,2.0,0.5135442347247865,0.4478493586652561,0.3031412187590936,0,0.0,-7.903759203680238,0.7245942705079252,23
PERCENT_RETRACE|wait=3|tol=-|retrace=0.0025,atr_adx_pullback,5,-11.830084684854933,-22.440340933541492,881.6991531514507,19.225428986690638,0.3111718384392721,25.0,-14.787605856068637,5.802440709187198,15.269296384494488,8,12,41,20,48.78048780487805,21,0,1.85,2.0,0.45187539715912006,0.4395081058193002,0.3031412187590936,0,0.0,-4.423214575569694,0.8287070528345744,21
PERCENT_RETRACE|wait=5|tol=-|retrace=0.0025,pullback,5,-25.305606502217813,-44.50585422796595,746.9439349778219,31.5706772506527,0.2568178833065975,13.043478260869565,-11.002437609659923,15.381072991020032,40.13090910587291,23,0,41,23,56.09756097560976,18,0,2.1739130434782608,2,0.4964757153224378,0.386635070682406,0.25048575508579296,0,0.0,-32.51493458907875,0.3827623291629762,41
PERCENT_RETRACE|wait=5|tol=-|retrace=0.0025,atr_pullback,5,-24.859844916249504,-43.835379703368545,751.4015508375049,31.162304386143248,0.26071831379004007,13.636363636363635,-11.299929507386134,15.335021874280452,38.251170909312,22,1,41,23,56.09756097560976,18,0,2.1739130434782608,2,0.4732748416893614,0.3819695675332001,0.25048575508579296,0,0.0,-24.954862576379195,0.46402135019731444,34
PERCENT_RETRACE|wait=5|tol=-|retrace=0.0025,adx_pullback,5,-17.645638541644768,-32.41915581741457,823.5436145835523,24.553197152373624,0.23166269151417304,18.181818181818183,-16.041489583313407,7.022795302786093,20.384264137924895,11,12,41,23,56.09756097560976,18,0,2.1739130434782608,2,0.5262733016143893,0.4478493586652561,0.3031412187590936,0,0.0,-7.903759203680238,0.7245942705079252,23
PERCENT_RETRACE|wait=5|tol=-|retrace=0.0025,atr_adx_pullback,5,-17.1541637594554,-31.602651053806664,828.458362405446,24.10294533401461,0.2367969150765222,20.0,-17.15416375945541,6.976744186046512,18.38668181188823,10,13,41,23,56.09756097560976,18,0,2.1739130434782608,2,0.4782111382508166,0.4395081058193002,0.3031412187590936,0,0.0,-4.423214575569694,0.8287070528345744,21
PERCENT_RETRACE|wait=8|tol=-|retrace=0.0025,pullback,5,-28.27139484429788,-48.86331847664991,717.2860515570212,33.733635001503515,0.2437012562117196,14.814814814814813,-10.470886979369585,18.788855629749023,46.38814729936902,27,0,41,27,65.85365853658537,14,0,2.8518518518518516,2,0.4904827205753022,0.3773040643839942,0.250125364766163,0,0.0,-32.51493458907875,0.3827623291629762,41
PERCENT_RETRACE|wait=8|tol=-|retrace=0.0025,atr_pullback,5,-24.92120539923718,-43.92791376121824,750.7879460076282,31.72982159053769,0.27267229313007807,16.666666666666664,-10.383835583015488,17.476398802670964,42.11363661660361,24,3,41,27,65.85365853658537,14,0,2.8518518518518516,2,0.4856067098712824,0.3819695675332001,0.25048575508579296,0,0.0,-24.954862576379195,0.46402135019731444,34
PERCENT_RETRACE|wait=8|tol=-|retrace=0.0025,adx_pullback,5,-18.400916238206424,-33.66428289572273,815.9908376179358,25.175201684204097,0.24055307806877638,21.428571428571427,-13.143511598718865,9.785862307160949,26.074721235653982,14,13,41,27,65.85365853658537,14,0,2.8518518518518516,2,0.5259266397220864,0.4395081058193002,0.3031412187590936,0,0.0,-7.903759203680238,0.7245942705079252,23
PERCENT_RETRACE|wait=8|tol=-|retrace=0.0025,atr_adx_pullback,5,-17.221816807543668,-31.715339151949763,827.7818319245633,24.728661867691603,0.2545125050643957,25.0,-14.351514006286388,9.118121114437026,22.287083383653773,12,15,41,27,65.85365853658537,14,0,2.8518518518518516,2,0.5020521585210828,0.4395081058193002,0.3031412187590936,0,0.0,-4.423214575569694,0.8287070528345744,21
PERCENT_RETRACE|wait=2|tol=-|retrace=0.0050,pullback,5,-5.672129195973082,-11.11796853305923,943.2787080402692,5.719021692560204,0.0,0.0,-18.907097319910275,1.128252360119733,5.843257569723114,3,0,41,3,7.317073170731707,38,0,1.6666666666666667,2,0.8779596405974003,0.8425308386944514,0.7844531478476315,0,0.0,-32.51493458907875,0.3827623291629762,41
PERCENT_RETRACE|wait=2|tol=-|retrace=0.0050,atr_pullback,5,-5.109198843082993,-10.044105029729455,948.9080115691701,5.156371184952604,0.0,0.0,-25.54599421541502,1.082201243380152,3.8711601861749667,2,1,41,3,7.317073170731707,38,0,1.6666666666666667,2,0.8134919932710415,0.8134919932710415,0.7844531478476315,0,0.0,-24.954862576379195,0.46402135019731444,34
PERCENT_RETRACE|wait=2|tol=-|retrace=0.0050,adx_pullback,5,-4.552552517746483,-8.975830362648995,954.4744748225352,5.719021692560204,0.0,0.0,-22.762762588732414,0.5065622841353903,3.944560163929338,2,1,41,3,7.317073170731707,38,0,1.6666666666666667,2,0.9247128869722847,0.9247128869722847,0.8425308386944514,0,0.0,-7.903759203680238,0.7245942705079252,23
PERCENT_RETRACE|wait=2|tol=-|retrace=0.0050,atr_adx_pullback,5,-3.9829407493936175,-7.876085767693331,960.1705925060638,5.156371184952604,0.0,0.0,-39.82940749393617,0.4605111673958094,1.9611317242302941,1,2,41,3,7.317073170731707,38,0,1.6666666666666667,2,0.8425308386944514,0.8425308386944514,0.8425308386944514,0,0.0,-4.423214575569694,0.8287070528345744,21
PERCENT_RETRACE|wait=3|tol=-|retrace=0.0050,pullback,5,-17.67639977935669,-32.4700960502054,823.2360022064331,18.355352184465016,0.0,0.0,-16.069454344869726,3.5689615473175222,20.190052667266198,11,0,41,11,26.82926829268293,29,1,2.6363636363636362,3,0.8110072632513049,0.7844531478476315,0.5170128973253415,0,0.0,-32.51493458907875,0.3827623291629762,41
PERCENT_RETRACE|wait=3|tol=-|retrace=0.0050,atr_pullback,5,-17.18510857424012,-31.65420674121695,828.1489142575988,17.886996843847474,0.0,0.0,-17.18510857424012,3.5229104305779413,18.303574161344162,10,1,41,11,26.82926829268293,29,1,2.6363636363636362,3,0.7914184960514236,0.7109952301818805,0.5170128973253415,0,0.0,-24.954862576379195,0.46402135019731444,34
PERCENT_RETRACE|wait=3|tol=-|retrace=0.0050,adx_pullback,5,-10.189071594968322,-19.49912354416694,898.1092840503168,10.929774694470495,0.0,0.0,-20.378143189936644,1.128252360119733,9.545795051843637,5,6,41,11,26.82926829268293,29,1,2.6363636363636362,3,0.7332062036909452,0.6375373125161293,0.5455231269744054,0,0.0,-7.903759203680238,0.7245942705079252,23
PERCENT_RETRACE|wait=3|tol=-|retrace=0.0050,atr_adx_pullback,5,-9.653097474175661,-18.52652028808437,903.4690252582434,10.398220945447452,0.0,0.0,-24.132743685439152,1.082201243380152,7.595793690538258,4,7,41,11,26.82926829268293,29,1,2.6363636363636362,3,0.6647840208011521,0.6355410587678756,0.5455231269744054,0,0.0,-4.423214575569694,0.8287070528345744,21
PERCENT_RETRACE|wait=5|tol=-|retrace=0.0050,pullback,5,-25.558554196269494,-44.88450871558703,744.414458037305,26.172499632726602,0.026991192873927632,6.666666666666667,-17.03903613084633,6.654386368869446,25.429018899406476,15,0,41,15,36.58536585365854,25,1,3.066666666666667,3,0.824205958331548,0.7844531478476315,0.5170128973253415,0,0.0,-32.51493458907875,0.3827623291629762,41
PERCENT_RETRACE|wait=5|tol=-|retrace=0.0050,atr_pullback,5,-25.114302152851632,-44.21860905531162,748.8569784714837,25.73191149604441,0.02761486151968822,7.142857142857142,-17.93878725203688,6.608335252129864,23.57380552312959,14,1,41,15,36.58536585365854,25,1,3.066666666666667,3,0.8111567456945072,0.7824631412002154,0.5170128973253415,0,0.0,-24.954862576379195,0.46402135019731444,34
PERCENT_RETRACE|wait=5|tol=-|retrace=0.0050,adx_pullback,5,-14.344273219877813,-26.839453882293697,856.5572678012219,16.65839523494875,0.05321472870518585,12.5,-17.93034152484728,4.006447156343541,14.716331014950526,8,7,41,15,36.58536585365854,25,1,3.066666666666667,3,0.7968822712439981,0.8115019866236254,0.5455231269744054,0,0.0,-7.903759203680238,0.7245942705079252,23
PERCENT_RETRACE|wait=5|tol=-|retrace=0.0050,atr_adx_pullback,5,-13.833096532729122,-25.955535737503055,861.6690346727088,16.65839523494875,0.055383344807322904,14.285714285714285,-19.761566475327363,3.9603960396039604,12.797186404778541,7,8,41,15,36.58536585365854,25,1,3.066666666666667,3,0.7668804621002667,0.7804731345527993,0.5455231269744054,0,0.0,-4.423214575569694,0.8287070528345744,21
PERCENT_RETRACE|wait=8|tol=-|retrace=0.0050,pullback,5,-26.3395289250077,-46.04534914727319,736.604710749923,29.589859158294264,0.06268248476616307,10.526315789473683,-13.862909960530368,9.486530048353673,32.54343389021341,19,0,41,19,46.34146341463415,21,1,3.8947368421052633,3,0.8062377172062218,0.7844531478476315,0.508695819096252,0,0.0,-32.51493458907875,0.3827623291629762,41
PERCENT_RETRACE|wait=8|tol=-|retrace=0.0050,atr_pullback,5,-25.408027290544034,-44.65933241880408,745.9197270945597,29.169665157377977,0.06537876810963192,11.76470588235294,-14.945898406202385,8.86483997236933,28.894966776361997,17,2,41,19,46.34146341463415,21,1,3.8947368421052633,3,0.8119368160336379,0.7844531478476315,0.5170128973253415,0,0.0,-24.954862576379195,0.46402135019731444,34
PERCENT_RETRACE|wait=8|tol=-|retrace=0.0050,adx_pullback,5,-14.525421546979999,-27.151407238805035,854.7457845302,18.297059203769248,0.11375401524929422,18.181818181818183,-13.204928679072715,6.700437485609026,20.504884417688952,11,8,41,19,46.34146341463415,21,1,3.8947368421052633,3,0.7868031789411468,0.8419552184855055,0.508695819096252,0,0.0,-7.903759203680238,0.7245942705079252,23
PERCENT_RETRACE|wait=8|tol=-|retrace=0.0050,atr_adx_pullback,5,-13.444520103205251,-25.28003254511898,865.5547989679475,17.80947197316017,0.12277188373242229,22.22222222222222,-14.938355670228084,6.078747409624683,16.70417922625572,9,10,41,19,46.34146341463415,21,1,3.8947368421052633,3,0.7932493571118049,0.8419552184855055,0.5455231269744054,0,0.0,-4.423214575569694,0.8287070528345744,21
PERCENT_RETRACE|wait=2|tol=-|retrace=0.0075,pullback,5,-5.672129195973082,-11.11796853305923,943.2787080402692,5.719021692560204,0.0,0.0,-18.907097319910275,1.128252360119733,5.843257569723114,3,0,41,3,7.317073170731707,38,0,1.6666666666666667,2,0.8779596405974003,0.8425308386944514,0.7844531478476315,0,0.0,-32.51493458907875,0.3827623291629762,41
PERCENT_RETRACE|wait=2|tol=-|retrace=0.0075,atr_pullback,5,-5.109198843082993,-10.044105029729455,948.9080115691701,5.156371184952604,0.0,0.0,-25.54599421541502,1.082201243380152,3.8711601861749667,2,1,41,3,7.317073170731707,38,0,1.6666666666666667,2,0.8134919932710415,0.8134919932710415,0.7844531478476315,0,0.0,-24.954862576379195,0.46402135019731444,34
PERCENT_RETRACE|wait=2|tol=-|retrace=0.0075,adx_pullback,5,-4.552552517746483,-8.975830362648995,954.4744748225352,5.719021692560204,0.0,0.0,-22.762762588732414,0.5065622841353903,3.944560163929338,2,1,41,3,7.317073170731707,38,0,1.6666666666666667,2,0.9247128869722847,0.9247128869722847,0.8425308386944514,0,0.0,-7.903759203680238,0.7245942705079252,23
PERCENT_RETRACE|wait=2|tol=-|retrace=0.0075,atr_adx_pullback,5,-3.9829407493936175,-7.876085767693331,960.1705925060638,5.156371184952604,0.0,0.0,-39.82940749393617,0.4605111673958094,1.9611317242302941,1,2,41,3,7.317073170731707,38,0,1.6666666666666667,2,0.8425308386944514,0.8425308386944514,0.8425308386944514,0,0.0,-4.423214575569694,0.8287070528345744,21
PERCENT_RETRACE|wait=3|tol=-|retrace=0.0075,pullback,5,-11.333692083769733,-21.556474286626027,886.6630791623027,11.333692083769733,0.0,0.0,-18.88948680628287,1.772967994473866,11.398416343725156,6,0,41,6,14.634146341463413,34,1,2.3333333333333335,2.5,1.005306913353334,0.9524790829668529,0.7844531478476315,0,0.0,-32.51493458907875,0.3827623291629762,41
PERCENT_RETRACE|wait=3|tol=-|retrace=0.0075,atr_pullback,5,-10.804548835021514,-20.60872772924186,891.9545116497849,10.804548835021514,0.0,0.0,-21.60909767004305,1.7269168777342851,9.459471065300917,5,1,41,6,14.634146341463413,34,1,2.3333333333333335,2.5,1.0049893089739774,0.8980632306835878,0.7844531478476315,0,0.0,-24.954862576379195,0.46402135019731444,34
PERCENT_RETRACE|wait=3|tol=-|retrace=0.0075,adx_pullback,5,-4.552552517746483,-8.975830362648995,954.4744748225352,5.719021692560204,0.0,0.0,-22.762762588732414,0.5065622841353903,3.944560163929338,2,4,41,6,14.634146341463413,34,1,2.3333333333333335,2.5,0.9247128869722847,0.9247128869722847,0.8425308386944514,0,0.0,-7.903759203680238,0.7245942705079252,23
PERCENT_RETRACE|wait=3|tol=-|retrace=0.0075,atr_adx_pullback,5,-3.9829407493936175,-7.876085767693331,960.1705925060638,5.156371184952604,0.0,0.0,-39.82940749393617,0.4605111673958094,1.9611317242302941,1,5,41,6,14.634146341463413,34,1,2.3333333333333335,2.5,0.8425308386944514,0.8425308386944514,0.8425308386944514,0,0.0,-4.423214575569694,0.8287070528345744,21
PERCENT_RETRACE|wait=5|tol=-|retrace=0.0075,pullback,5,-22.891362084226557,-40.8259724270141,771.0863791577344,23.5273048154388,0.030996446543884157,7.6923076923076925,-17.60874006478966,5.341929541791388,22.390472501545123,13,0,41,13,31.70731707317073,27,1,3.5384615384615383,4,1.034944367293962,0.9686324621467799,0.7804731345527993,0,0.0,-32.51493458907875,0.3827623291629762,41
PERCENT_RETRACE|wait=5|tol=-|retrace=0.0075,atr_pullback,5,-22.431192757994427,-40.111037951430085,775.6880724200557,23.445264901565686,0.03179488518843065,8.333333333333332,-18.692660631662022,5.295878425051807,20.517125672435668,12,1,41,13,31.70731707317073,27,1,3.5384615384615383,4,1.0372818199642821,0.9642770084722296,0.7804731345527993,0,0.0,-24.954862576379195,0.46402135019731444,34
PERCENT_RETRACE|wait=5|tol=-|retrace=0.0075,adx_pullback,5,-12.225729055585191,-23.141198485785996,877.7427094441481,14.597086819797283,0.06312548729586881,14.285714285714285,-17.46532722226456,3.799217131015427,13.029047462156178,7,6,41,13,31.70731707317073,27,1,3.5384615384615383,4,1.0101055577391587,0.9599215547976795,0.7804731345527993,0,0.0,-7.903759203680238,0.7245942705079252,23
PERCENT_RETRACE|wait=5|tol=-|retrace=0.0075,atr_adx_pullback,5,-11.701909309668679,-22.212598402129235,882.9809069033132,14.59708681979727,0.06613189719158655,16.666666666666664,-19.50318218278113,3.753166014275846,11.099833472513376,6,7,41,13,31.70731707317073,27,1,3.5384615384615383,4,1.0106406614873322,0.9439872124719946,0.7804731345527993,0,0.0,-4.423214575569694,0.8287070528345744,21
PERCENT_RETRACE|wait=8|tol=-|retrace=0.0075,pullback,5,-22.907183942568214,-40.85047676260605,770.9281605743179,26.79493815537155,0.0728164491187245,12.5,-14.316989964105147,8.312226571494358,27.955407182311358,16,0,41,16,39.02439024390244,24,1,4.125,4.0,0.999416573040182,0.9445236578082759,0.7653074145170308,0,0.0,-32.51493458907875,0.3827623291629762,41
PERCENT_RETRACE|wait=8|tol=-|retrace=0.0075,atr_pullback,5,-22.447109038103747,-40.135838345868066,775.5289096189625,26.35806461050853,0.07436494945506854,13.333333333333334,-14.964739358735839,8.266175454754778,26.081852724472355,15,1,41,16,39.02439024390244,24,1,4.125,4.0,0.9989180155595196,0.9291257608188721,0.7653074145170308,0,0.0,-24.954862576379195,0.46402135019731444,34
PERCENT_RETRACE|wait=8|tol=-|retrace=0.0075,adx_pullback,5,-11.829904075979243,-22.44002026398665,881.7009592402076,16.27628026771833,0.1380318719338435,22.22222222222222,-13.144337862199185,5.9175685010361505,16.966068421004664,9,7,41,16,39.02439024390244,24,1,4.125,4.0,0.9824244314976099,0.9291257608188721,0.7804731345527993,0,0.0,-7.903759203680238,0.7245942705079252,23
PERCENT_RETRACE|wait=8|tol=-|retrace=0.0075,atr_adx_pullback,5,-11.303722123712099,-21.50294861763834,886.962778762879,15.776633422173767,0.1438552559804149,25.0,-14.129652654640125,5.8715173842965696,15.026931730743787,8,8,41,16,39.02439024390244,24,1,4.125,4.0,0.9793656185285463,0.9285893154825909,0.7804731345527993,0,0.0,-4.423214575569694,0.8287070528345744,21
HYBRID|wait=2|tol=0.0025|retrace=0.0025,pullback,5,-18.564317146725784,-33.932123419596515,814.3568285327422,25.394820624045238,0.3245697719896146,17.647058823529413,-10.92018655689752,12.502878194796224,31.208451157746662,17,0,41,17,41.46341463414634,24,0,1.4705882352941178,1,0.3024353165779626,0.3031412187590936,-0.2168890565325998,2,11.76470588235294,-32.51493458907875,0.3827623291629762,41
HYBRID|wait=2|tol=0.0025|retrace=0.0025,atr_pullback,5,-18.07832485944425,-33.1338981739394,819.2167514055575,24.94959145057228,0.3309943017106533,18.75,-11.298953037152657,12.456827078056643,29.275465470719016,16,1,41,17,41.46341463414634,24,0,1.4705882352941178,1,0.2584065904109529,0.2983757003101051,-0.2168890565325998,2,12.5,-24.954862576379195,0.46402135019731444,34
HYBRID|wait=2|tol=0.0025|retrace=0.0025,adx_pullback,5,-11.684127921612275,-22.180977747161666,883.1587207838772,19.091714500345965,0.3136655079283359,25.0,-14.605159902015345,5.549159567119503,15.455003495453564,8,9,41,17,41.46341463414634,24,0,1.4705882352941178,1,0.336493016876282,0.41035692452936656,-0.2168890565325998,2,25.0,-7.903759203680238,0.7245942705079252,23
HYBRID|wait=2|tol=0.0025|retrace=0.0025,atr_adx_pullback,5,-11.157076005660791,-21.24077637594054,888.4292399433921,18.60886961770592,0.3237737528776698,28.57142857142857,-15.938680008086878,5.503108450379922,13.428004302383838,7,10,41,17,41.46341463414634,24,0,1.4705882352941178,1,0.24072131425144835,0.38954699608538884,-0.2168890565325998,2,28.57142857142857,-4.423214575569694,0.8287070528345744,21
HYBRID|wait=3|tol=0.0025|retrace=0.0025,pullback,5,-22.6363691212453,-40.430341985015616,773.636308787547,29.125324960020432,0.2808961269861537,13.636363636363635,-10.28925869147513,15.24291964080129,39.31006567740489,22,0,41,22,53.65853658536586,19,0,1.8181818181818181,2.0,0.35718040966565007,0.33457228057646926,-0.2168890565325998,2,9.090909090909092,-32.51493458907875,0.3827623291629762,41
HYBRID|wait=3|tol=0.0025|retrace=0.0025,atr_pullback,5,-21.546521182437935,-38.7244116792866,784.5347881756206,28.12688916236481,0.29156765941543566,15.0,-10.773260591218962,14.575178448077367,35.79068586748536,20,2,41,22,53.65853658536586,19,0,1.8181818181818181,2.0,0.33051743228687447,0.33457228057646926,-0.2168890565325998,2,10.0,-24.954862576379195,0.46402135019731444,34
HYBRID|wait=3|tol=0.0025|retrace=0.0025,adx_pullback,5,-13.837029697080697,-25.962357346585176,861.629703029193,21.06403937698542,0.2783050130326965,20.0,-13.837029697080698,6.401105226801749,19.025406284762706,10,12,41,22,53.65853658536586,19,0,1.8181818181818181,2.0,0.37027930044138724,0.41035692452936656,-0.2168890565325998,2,20.0,-7.903759203680238,0.7245942705079252,23
HYBRID|wait=3|tol=0.0025|retrace=0.0025,atr_adx_pullback,5,-13.322825879425897,-25.067842212245072,866.771741205741,20.592964944895787,0.28605503482174144,22.22222222222222,-14.803139866028776,6.355054110062169,17.01971455983589,9,13,41,22,53.65853658536586,19,0,1.8181818181818181,2.0,0.29954422990708385,0.38954699608538884,-0.2168890565325998,2,22.22222222222222,-4.423214575569694,0.8287070528345744,21
HYBRID|wait=5|tol=0.0025|retrace=0.0025,pullback,5,-28.55300161471653,-49.26772386124535,714.4699838528347,34.9004734211124,0.2404225555106235,14.814814814814813,-10.575185783228344,18.21321667050426,46.484668157526535,27,0,41,27,65.85365853658537,14,0,2.3333333333333335,2,0.35661888288276977,0.3149813941223029,-0.2168890565325998,2,7.4074074074074066,-32.51493458907875,0.3827623291629762,41
HYBRID|wait=5|tol=0.0025|retrace=0.0025,atr_pullback,5,-26.93373433549815,-46.9202246370272,730.6626566450185,33.425064577295764,0.2518088218917678,16.666666666666664,-11.222389306457563,17.131015427124108,41.58370485584178,24,3,41,27,65.85365853658537,14,0,2.3333333333333335,2,0.3415245223370978,0.33457228057646926,-0.2168890565325998,2,8.333333333333332,-24.954862576379195,0.46402135019731444,34
HYBRID|wait=5|tol=0.0025|retrace=0.0025,adx_pullback,5,-18.77476396527595,-34.276274276845264,812.2523603472405,25.99095089195387,0.2316243090152185,23.076923076923077,-14.442126127135365,8.79576329725996,24.1887957255258,13,14,41,27,65.85365853658537,14,0,2.3333333333333335,2,0.38315928242047126,0.38954699608538884,-0.2168890565325998,2,15.384615384615385,-7.903759203680238,0.7245942705079252,23
HYBRID|wait=5|tol=0.0025|retrace=0.0025,atr_adx_pullback,5,-18.290027583601443,-33.48220702621993,817.0997241639856,25.549279307762124,0.23637550961658596,25.0,-15.241689653001183,8.749712180520378,22.194460105541253,12,15,41,27,65.85365853658537,14,0,2.3333333333333335,2,0.33118131135133405,0.3880910333838974,-0.2168890565325998,2,16.666666666666664,-4.423214575569694,0.8287070528345744,21
HYBRID|wait=8|tol=0.0025|retrace=0.0025,pullback,5,-33.30515612599571,-55.84788502116875,666.9484387400429,38.38406786136751,0.20934226139661372,12.5,-10.40786128937366,22.979507253050887,52.80637138013452,32,0,41,32,78.04878048780488,9,0,3.0625,2.0,0.31523649464430153,0.3114718087114535,-0.38573721544329814,5,15.625,-32.51493458907875,0.3827623291629762,41
HYBRID|wait=8|tol=0.0025|retrace=0.0025,atr_pullback,5,-28.32024163666988,-48.93358173823606,716.7975836333012,34.68839223198199,0.24235324038296166,15.384615384615385,-10.89240062948841,19.410545705733366,44.524580179903936,26,6,41,32,78.04878048780488,9,0,3.0625,2.0,0.3379524225403002,0.33457228057646926,-0.338951310861413,3,11.538461538461538,-24.954862576379195,0.46402135019731444,34
HYBRID|wait=8|tol=0.0025|retrace=0.0025,adx_pullback,5,-23.66780984936844,-42.02246694742329,763.3219015063156,29.480619863213946,0.19087924458366792,17.647058823529413,-13.922241087863782,12.36472484457748,30.437288839631915,17,15,41,32,78.04878048780488,9,0,3.0625,2.0,0.3426862280995464,0.386635070682406,-0.338951310861413,4,23.52941176470588,-7.903759203680238,0.7245942705079252,23
HYBRID|wait=8|tol=0.0025|retrace=0.0025,atr_adx_pullback,5,-19.840558082232302,-36.00527857135538,801.594419177677,26.96205806247867,0.22181051231322477,21.428571428571427,-14.171827201594494,11.029242459129634,25.5091645118392,14,18,41,32,78.04878048780488,9,0,3.0625,2.0,0.3260250132981048,0.3880910333838974,-0.338951310861413,3,21.428571428571427,-4.423214575569694,0.8287070528345744,21
HYBRID|wait=2|tol=0.0025|retrace=0.0050,pullback,5,-6.466641935043378,-12.62253367022077,935.3335806495662,13.632484540254804,0.45284020648560036,20.0,-6.466641935043379,5.848491825926779,19.729874688088316,10,0,41,10,24.390243902439025,31,0,1.7,2.0,0.3756087666907413,0.3718550815580123,-0.2168890565325998,2,20.0,-32.51493458907875,0.3827623291629762,41
HYBRID|wait=2|tol=0.0025|retrace=0.0050,atr_pullback,5,-5.908453079366904,-11.566848167129272,940.915469206331,13.117060036960314,0.4753903314381489,22.22222222222222,-6.564947865963227,5.802440709187198,17.72838709332476,9,1,41,10,24.390243902439025,31,0,1.7,2.0,0.30546585907303275,0.35416316703063566,-0.2168890565325998,2,22.22222222222222,-24.954862576379195,0.46402135019731444,34
HYBRID|wait=2|tol=0.0025|retrace=0.0050,adx_pullback,5,-2.6910804841080678,-5.357204830671081,973.0891951589193,11.200143747650039,0.6658440716997175,33.33333333333333,-4.485134140180112,4.812341699286208,12.093978997677462,6,4,41,10,24.390243902439025,31,0,1.7,2.0,0.38554002459340236,0.41869817737532244,-0.2168890565325998,2,33.33333333333333,-7.903759203680238,0.7245942705079252,23
HYBRID|wait=2|tol=0.0025|retrace=0.0050,atr_adx_pullback,5,-2.110359813371861,-4.213740376629483,978.8964018662814,10.670203508454176,0.717674046769145,40.0,-4.220719626743721,4.766290582546627,10.046921865310702,5,5,41,10,24.390243902439025,31,0,1.7,2.0,0.2612690424620592,0.38954699608538884,-0.2168890565325998,2,40.0,-4.423214575569694,0.8287070528345744,21
HYBRID|wait=3|tol=0.0025|retrace=0.0050,pullback,5,-22.550943269846538,-40.29750334698592,774.4905673015346,29.047064291678865,0.1903979742323155,11.11111111111111,-12.528301816581411,9.486530048353673,32.27270085386574,18,0,41,18,43.90243902439025,23,0,2.2777777777777777,2.0,0.47510388307066037,0.4311024627415104,-0.2168890565325998,2,11.11111111111111,-32.51493458907875,0.3827623291629762,41
HYBRID|wait=3|tol=0.0025|retrace=0.0050,atr_pullback,5,-21.459891907841357,-38.5877688653402,785.4010809215864,28.047526009210788,0.1982947389512738,12.5,-13.41243244240085,8.818788855629748,28.71972391204004,16,2,41,18,43.90243902439025,23,0,2.2777777777777777,2.0,0.4565155955228172,0.4311024627415104,-0.2168890565325998,2,12.5,-24.954862576379195,0.46402135019731444,34
HYBRID|wait=3|tol=0.0025|retrace=0.0050,adx_pullback,5,-13.25165965417367,-24.94361358865297,867.4834034582633,20.527767861572784,0.2871331045470623,20.0,-13.25165965417366,6.309002993322588,19.085256712067565,10,8,41,18,43.90243902439025,23,0,2.2777777777777777,2.0,0.4375981896297924,0.4311024627415104,-0.2168890565325998,2,20.0,-7.903759203680238,0.7245942705079252,23
HYBRID|wait=3|tol=0.0025|retrace=0.0050,atr_adx_pullback,5,-12.733962462163845,-24.03679009768731,872.6603753783616,20.053493065573214,0.29544094267847865,22.22222222222222,-14.14884718018205,6.262951876583007,17.07992216282887,9,9,41,18,43.90243902439025,23,0,2.2777777777777777,2.0,0.37434299567197843,0.41435556681776464,-0.2168890565325998,2,22.22222222222222,-4.423214575569694,0.8287070528345744,21
HYBRID|wait=5|tol=0.0025|retrace=0.0050,pullback,5,-28.474108980055803,-49.1545923326957,715.258910199442,34.82858974113919,0.16490665644366181,13.043478260869565,-12.380047382632958,12.456827078056643,39.67369865165978,23,0,41,23,56.09756097560976,18,0,2.782608695652174,3,0.44880916175923347,0.38954699608538884,-0.2168890565325998,2,8.695652173913043,-32.51493458907875,0.3827623291629762,41
HYBRID|wait=5|tol=0.0025|retrace=0.0050,atr_pullback,5,-26.85305368643842,-46.80185825217463,731.4694631356158,33.35155173313761,0.17330837120112724,15.0,-13.426526843219204,11.374625834676491,34.74771256981627,20,3,41,23,56.09756097560976,18,0,2.782608695652174,3,0.4445244709358966,0.40195128145157677,-0.2168890565325998,2,10.0,-24.954862576379195,0.46402135019731444,34
HYBRID|wait=5|tol=0.0025|retrace=0.0050,adx_pullback,5,-18.222939675379475,-33.371928420752205,817.7706032462053,25.488151602426402,0.23702608319760748,23.076923076923077,-14.017645904138048,8.703661063780798,24.25604131328855,13,10,41,23,56.09756097560976,18,0,2.782608695652174,3,0.4349430433346291,0.41435556681776464,-0.2168890565325998,2,15.384615384615385,-7.903759203680238,0.7245942705079252,23
HYBRID|wait=5|tol=0.0025|retrace=0.0050,atr_adx_pullback,5,-17.734910113867407,-32.56693495710916,822.6508988613259,25.043479410046626,0.24203480206837033,25.0,-14.779091761556183,8.657609947041216,22.26210700186877,12,11,41,23,56.09756097560976,18,0,2.782608695652174,3,0.38728038567500495,0.40195128145157677,-0.2168890565325998,2,16.666666666666664,-4.423214575569694,0.8287070528345744,21
HYBRID|wait=8|tol=0.0025|retrace=0.0050,pullback,5,-33.23151087748397,-55.74942706429351,667.6848912251603,38.31603080826032,0.14304408993006776,10.714285714285714,-11.868396741958557,17.223117660603272,46.27561472446466,28,0,41,28,68.29268292682927,13,0,3.5357142857142856,3.0,0.38505245397304405,0.3819695675332001,-0.38573721544329814,5,17.857142857142858,-32.51493458907875,0.3827623291629762,41
HYBRID|wait=8|tol=0.0025|retrace=0.0050,atr_pullback,5,-28.241091985642814,-48.81970508228417,717.5890801435719,34.61627436940979,0.16606505638608596,13.636363636363635,-12.836859993474,13.654156113285747,37.689360592559744,22,6,41,28,68.29268292682927,13,0,3.5357142857142856,3.0,0.43093926675797234,0.40195128145157677,-0.338951310861413,3,13.636363636363635,-24.954862576379195,0.46402135019731444,34
HYBRID|wait=8|tol=0.0025|retrace=0.0050,adx_pullback,5,-23.149227710584526,-41.224707216280656,768.5077228941548,29.001528526978422,0.19436550065485722,17.647058823529413,-13.617192770932066,12.272622611098319,30.516532535274237,17,11,41,28,68.29268292682927,13,0,3.5357142857142856,3.0,0.38228557468096125,0.38954699608538884,-0.338951310861413,4,23.52941176470588,-7.903759203680238,0.7245942705079252,23
HYBRID|wait=8|tol=0.0025|retrace=0.0050,atr_adx_pullback,5,-19.295974535613116,-35.124723482625285,807.0402546438688,26.465856236386813,0.22669952386310224,21.428571428571427,-13.78283895400937,10.937140225650472,25.59238144044632,14,14,41,28,68.29268292682927,13,0,3.5357142857142856,3.0,0.37410993414696564,0.40195128145157677,-0.338951310861413,3,21.428571428571427,-4.423214575569694,0.8287070528345744,21
HYBRID|wait=2|tol=0.0025|retrace=0.0075,pullback,5,-6.466641935043378,-12.62253367022077,935.3335806495662,13.632484540254804,0.45284020648560036,20.0,-6.466641935043379,5.848491825926779,19.729874688088316,10,0,41,10,24.390243902439025,31,0,1.7,2.0,0.3756087666907413,0.3718550815580123,-0.2168890565325998,2,20.0,-32.51493458907875,0.3827623291629762,41
HYBRID|wait=2|tol=0.0025|retrace=0.0075,atr_pullback,5,-5.908453079366904,-11.566848167129272,940.915469206331,13.117060036960314,0.4753903314381489,22.22222222222222,-6.564947865963227,5.802440709187198,17.72838709332476,9,1,41,10,24.390243902439025,31,0,1.7,2.0,0.30546585907303275,0.35416316703063566,-0.2168890565325998,2,22.22222222222222,-24.954862576379195,0.46402135019731444,34
HYBRID|wait=2|tol=0.0025|retrace=0.0075,adx_pullback,5,-2.6910804841080678,-5.357204830671081,973.0891951589193,11.200143747650039,0.6658440716997175,33.33333333333333,-4.485134140180112,4.812341699286208,12.093978997677462,6,4,41,10,24.390243902439025,31,0,1.7,2.0,0.38554002459340236,0.41869817737532244,-0.2168890565325998,2,33.33333333333333,-7.903759203680238,0.7245942705079252,23
HYBRID|wait=2|tol=0.0025|retrace=0.0075,atr_adx_pullback,5,-2.110359813371861,-4.213740376629483,978.8964018662814,10.670203508454176,0.717674046769145,40.0,-4.220719626743721,4.766290582546627,10.046921865310702,5,5,41,10,24.390243902439025,31,0,1.7,2.0,0.2612690424620592,0.38954699608538884,-0.2168890565325998,2,40.0,-4.423214575569694,0.8287070528345744,21
HYBRID|wait=3|tol=0.0025|retrace=0.0075,pullback,5,-19.89475171697826,-36.092573886343274,801.0524828302174,26.003386855435075,0.21046822523423817,11.76470588235294,-11.702795127634271,9.072069997697445,30.696382537900856,17,0,41,17,41.46341463414634,24,0,2.235294117647059,2,0.46554897545622104,0.41435556681776464,-0.2168890565325998,2,11.76470588235294,-32.51493458907875,0.3827623291629762,41
HYBRID|wait=3|tol=0.0025|retrace=0.0075,atr_pullback,5,-18.7662816757295,-34.262420439079875,812.337183242705,24.96097124750275,0.22048151166785873,13.333333333333334,-12.510854450486333,8.40432880497352,27.121199460607556,15,2,41,17,41.46341463414634,24,0,2.235294117647059,2,0.44444748105659637,0.41435556681776464,-0.2168890565325998,2,13.333333333333334,-24.954862576379195,0.46402135019731444,34
HYBRID|wait=3|tol=0.0025|retrace=0.0075,adx_pullback,5,-10.276540026122518,-19.657288424317976,897.2345997387748,17.118637043335287,0.341843511931336,22.22222222222222,-11.418377806802798,5.89454294266636,17.319670357115314,9,8,41,17,41.46341463414634,24,0,2.235294117647059,2,0.41538273153131056,0.41435556681776464,-0.2168890565325998,2,22.22222222222222,-7.903759203680238,0.7245942705079252,23
HYBRID|wait=3|tol=0.0025|retrace=0.0075,atr_adx_pullback,5,-9.741087899883462,-18.686596099944474,902.5891210011654,16.62401721889185,0.35407300475848297,25.0,-12.176359874854327,5.848491825926779,15.303799132540055,8,9,41,17,41.46341463414634,24,0,2.235294117647059,2,0.3414437060664596,0.40195128145157677,-0.2168890565325998,2,25.0,-4.423214575569694,0.8287070528345744,21
HYBRID|wait=5|tol=0.0025|retrace=0.0075,pullback,5,-28.264368637641624,-48.85320767815083,717.3563136235838,34.63748308439727,0.1659273250658046,13.043478260869565,-12.2888559294094,12.410775961317063,39.67579815458684,23,0,41,23,56.09756097560976,18,0,2.869565217391304,3,0.4614402729605456,0.38954699608538884,-0.2168890565325998,2,8.695652173913043,-32.51493458907875,0.3827623291629762,41
HYBRID|wait=5|tol=0.0025|retrace=0.0075,atr_pullback,5,-26.638559810897878,-46.48652783574829,733.6144018910212,33.156113855167426,0.17446039541795125,15.0,-13.319279905448933,11.32857471793691,34.74985965565752,20,3,41,23,56.09756097560976,18,0,2.869565217391304,3,0.45905024881740564,0.40195128145157677,-0.2168890565325998,2,10.0,-24.954862576379195,0.46402135019731444,34
HYBRID|wait=5|tol=0.0025|retrace=0.0075,adx_pullback,5,-17.983139116595407,-32.976992491291355,820.1686088340459,25.269655329622715,0.23943000322674532,23.076923076923077,-13.833183935842621,8.657609947041216,24.258441719282384,13,10,41,23,56.09756097560976,18,0,2.869565217391304,3,0.457290393921566,0.41435556681776464,-0.2168890565325998,2,15.384615384615385,-7.903759203680238,0.7245942705079252,23
HYBRID|wait=5|tol=0.0025|retrace=0.0075,atr_adx_pullback,5,-17.493678472074397,-32.16722745263141,825.063215279256,24.823679194061512,0.24455615208315845,25.0,-14.57806539339533,8.611558830301636,22.26452173301785,12,11,41,23,56.09756097560976,18,0,2.869565217391304,3,0.41149001547752,0.40195128145157677,-0.2168890565325998,2,16.666666666666664,-4.423214575569694,0.8287070528345744,21
HYBRID|wait=8|tol=0.0025|retrace=0.0075,pullback,5,-33.03572099536801,-55.48713309814215,669.6427900463199,38.13515061739161,0.14376997326885665,10.714285714285714,-11.79847178406,17.17706654386369,46.2775745831445,28,0,41,28,68.29268292682927,13,0,3.607142857142857,3.0,0.39542800960269336,0.3819695675332001,-0.38573721544329814,5,17.857142857142858,-32.51493458907875,0.3827623291629762,41
HYBRID|wait=8|tol=0.0025|retrace=0.0075,atr_pullback,5,-28.03066835129756,-48.516335393438126,719.6933164870244,34.424545125544086,0.16710337448457468,13.636363636363635,-12.741212886953432,13.608104996546167,37.691466935245884,22,6,41,28,68.29268292682927,13,0,3.607142857142857,3.0,0.444144519377526,0.40195128145157677,-0.338951310861413,3,13.636363636363635,-24.954862576379195,0.46402135019731444,34
HYBRID|wait=8|tol=0.0025|retrace=0.0075,adx_pullback,5,-22.923872848660746,-40.87631840155621,770.7612715133926,28.79333477356566,0.19590191075243601,17.647058823529413,-13.48463108744749,12.226571494358739,30.5187883396979,17,11,41,28,68.29268292682927,13,0,3.607142857142857,3.0,0.3993747251297954,0.38954699608538884,-0.338951310861413,4,23.52941176470588,-7.903759203680238,0.7245942705079252,23
HYBRID|wait=8|tol=0.0025|retrace=0.0075,atr_adx_pullback,5,-19.05932051154256,-34.740177194204755,809.4067948845744,26.250226954847157,0.22887014788069343,21.428571428571427,-13.613800365387542,10.891089108910892,25.594750349596175,14,14,41,28,68.29268292682927,13,0,3.607142857142857,3.0,0.3948610454062642,0.40195128145157677,-0.338951310861413,3,21.428571428571427,-4.423214575569694,0.8287070528345744,21
HYBRID|wait=2|tol=0.0050|retrace=0.0025,pullback,5,-22.446522959877107,-40.1349252236909,775.5347704012289,28.284949341283934,0.2822091490604537,13.636363636363635,-10.202964981762328,16.071839742113745,39.4179581782076,22,0,41,22,53.65853658536586,19,0,1.2727272727272727,1.0,0.24117700485687144,0.26548483754685237,-0.2168890565325998,4,18.181818181818183,-32.51493458907875,0.3827623291629762,41
HYBRID|wait=2|tol=0.0050|retrace=0.0025,atr_pullback,5,-19.336894190198418,-35.191098792849886,806.6310580980158,26.10259695612156,0.31613977460689163,17.647058823529413,-11.374643641293172,12.756159336863918,30.895558065876955,17,5,41,22,53.65853658536586,19,0,1.2727272727272727,1.0,0.2416233651311727,0.27705040088736155,-0.2168890565325998,2,11.76470588235294,-24.954862576379195,0.46402135019731444,34
HYBRID|wait=2|tol=0.0050|retrace=0.0025,adx_pullback,5,-11.652295891952576,-22.124354632278642,883.4770410804742,19.06255241562519,0.31425828872015504,25.0,-14.565369864940706,5.572185125489293,15.457313342028897,8,14,41,22,53.65853658536586,19,0,1.2727272727272727,1.0,0.34100387379664737,0.41035692452936656,-0.2168890565325998,2,25.0,-7.903759203680238,0.7245942705079252,23
HYBRID|wait=2|tol=0.0050|retrace=0.0025,atr_adx_pullback,5,-11.12505400865066,-21.18346914644499,888.7494599134934,18.57953349934585,0.3244086643797255,28.57142857142857,-15.89293429807237,5.526134008749712,13.430327933673452,7,15,41,22,53.65853658536586,19,0,1.2727272727272727,1.0,0.24587657930329446,0.38954699608538884,-0.2168890565325998,2,28.57142857142857,-4.423214575569694,0.8287070528345744,21
HYBRID|wait=3|tol=0.0050|retrace=0.0025,pullback,5,-28.395039117816772,-49.04107908396346,716.0496088218323,33.78564581412074,0.2327406630150136,11.11111111111111,-10.516681154746951,18.950034538337555,46.14922281368511,27,0,41,27,65.85365853658537,14,0,1.5925925925925926,1,0.27805352738286987,0.27705040088736155,-0.27429206667592837,5,18.51851851851852,-32.51493458907875,0.3827623291629762,41
HYBRID|wait=3|tol=0.0050|retrace=0.0025,atr_pullback,5,-22.751808332161623,-40.60961471602681,772.4819166783838,29.23108158580998,0.28033969280305865,14.285714285714285,-10.834194443886489,14.874510706884642,37.3386644229709,21,6,41,27,65.85365853658537,14,0,1.5925925925925926,1,0.31349716220915136,0.3031412187590936,-0.2168890565325998,2,9.523809523809524,-24.954862576379195,0.46402135019731444,34
HYBRID|wait=3|tol=0.0050|retrace=0.0025,adx_pullback,5,-13.80597364609347,-25.90848566040531,861.9402635390653,21.035588184910495,0.278761320361664,20.0,-13.805973646093458,6.42413078517154,19.02833064963106,10,17,41,27,65.85365853658537,14,0,1.5925925925925926,1,0.3738879859776795,0.41035692452936656,-0.2168890565325998,2,20.0,-7.903759203680238,0.7245942705079252,23
HYBRID|wait=3|tol=0.0050|retrace=0.0025,atr_adx_pullback,5,-13.291584491977698,-25.01331965392938,867.084155080223,20.564343961650316,0.2865396312644146,22.22222222222222,-14.768427213308554,6.378079668431959,17.022656376743956,9,18,41,27,65.85365853658537,14,0,1.5925925925925926,1,0.3035538805029641,0.38954699608538884,-0.2168890565325998,2,22.22222222222222,-4.423214575569694,0.8287070528345744,21
HYBRID|wait=5|tol=0.0050|retrace=0.0025,pullback,5,-32.4984987348393,-54.763414644198704,675.015012651607,37.58018637557768,0.21320565750761258,13.333333333333334,-10.832832911613105,21.34469260879576,49.92176529692797,30,0,41,30,73.17073170731707,11,0,1.8666666666666667,1.0,0.2928574302129913,0.28533029137423904,-0.27429206667592837,5,16.666666666666664,-32.51493458907875,0.3827623291629762,41
HYBRID|wait=5|tol=0.0050|retrace=0.0025,atr_pullback,5,-27.178664112706624,-47.27874560689702,728.2133588729338,33.648234380110445,0.25008607623161333,16.666666666666664,-11.324443380294426,17.26916877734285,41.54570110443767,24,6,41,30,73.17073170731707,11,0,1.8666666666666667,1.0,0.327571586393518,0.3090613064406983,-0.2168890565325998,2,8.333333333333332,-24.954862576379195,0.46402135019731444,34
HYBRID|wait=5|tol=0.0050|retrace=0.0025,adx_pullback,5,-18.745487640854,-34.22845200968708,812.54512359146,25.964275525557635,0.23190593095326206,23.076923076923077,-14.419605877580011,8.818788855629748,24.19155250405663,13,17,41,30,73.17073170731707,11,0,1.8666666666666667,1.0,0.3859351943714653,0.38954699608538884,-0.2168890565325998,2,15.384615384615385,-7.903759203680238,0.7245942705079252,23
HYBRID|wait=5|tol=0.0050|retrace=0.0025,atr_adx_pullback,5,-18.260576543779926,-33.4338069753804,817.3942345622007,25.522444747977026,0.23667035674013642,25.0,-15.217147119816596,8.772737738890168,22.197233335989186,12,18,41,30,73.17073170731707,11,0,1.8666666666666667,1.0,0.3341885492982442,0.3880910333838974,-0.2168890565325998,2,16.666666666666664,-4.423214575569694,0.8287070528345744,21
HYBRID|wait=8|tol=0.0050|retrace=0.0025,pullback,5,-33.779408926335066,-56.47927345742336,662.2059107366493,38.764666334159806,0.20669371521480423,12.5,-10.556065289479715,23.62422288740502,52.620072996072544,32,0,41,32,78.04878048780488,9,0,2.1875,1.5,0.29299679238584997,0.28533029137423904,-0.338951310861413,6,18.75,-32.51493458907875,0.3827623291629762,41
HYBRID|wait=8|tol=0.0050|retrace=0.0025,atr_pullback,5,-28.560523620244837,-49.27850372929162,714.3947637975516,34.907327158986405,0.2407851546432134,15.384615384615385,-10.984816777017242,19.548699055952106,44.48206380130966,26,6,41,32,78.04878048780488,9,0,2.1875,1.5,0.3250727893616112,0.3090613064406983,-0.338951310861413,3,11.538461538461538,-24.954862576379195,0.46402135019731444,34
HYBRID|wait=8|tol=0.0050|retrace=0.0025,adx_pullback,5,-20.28737531794435,-36.723217903066676,797.1262468205565,27.36917930157235,0.21793515792247034,20.0,-13.524916878629567,11.098319134239006,27.487149404857927,15,17,41,32,78.04878048780488,9,0,2.1875,1.5,0.3738221317857672,0.38954699608538884,-0.338951310861413,3,20.0,-7.903759203680238,0.7245942705079252,23
HYBRID|wait=8|tol=0.0050|retrace=0.0025,atr_adx_pullback,5,-19.811665906085672,-35.958714372031594,801.8833409391433,26.935732715977252,0.22206576290121077,21.428571428571427,-14.151189932918328,11.052268017499424,25.512497716937535,14,18,41,32,78.04878048780488,9,0,2.1875,1.5,0.32860264582402793,0.3880910333838974,-0.338951310861413,3,21.428571428571427,-4.423214575569694,0.8287070528345744,21
HYBRID|wait=2|tol=0.0050|retrace=0.0050,pullback,5,-8.130559872856997,-15.731500579255675,918.69440127143,15.54978221176943,0.5334072375268809,17.647058823529413,-4.782682278151175,12.3186737278379,33.37183254034736,17,0,41,17,41.46341463414634,24,0,1.3529411764705883,1,0.2627860791590393,0.23771131672233003,-0.2168890565325998,4,23.52941176470588,-32.51493458907875,0.3827623291629762,41
HYBRID|wait=2|tol=0.0050|retrace=0.0050,atr_pullback,5,-4.446910022756264,-8.772370631113425,955.5308997724374,13.496125699694868,0.6792500327893973,25.0,-3.7057583522968778,9.002993322588072,24.02245414337795,12,5,41,17,41.46341463414634,24,0,1.3529411764705883,1,0.27242220384020266,0.2601086539844397,-0.2168890565325998,2,16.666666666666664,-24.954862576379195,0.46402135019731444,34
HYBRID|wait=2|tol=0.0050|retrace=0.0050,adx_pullback,5,-2.656007055750422,-5.288340307466011,973.4399294424958,11.168137273711887,0.6687622261362716,33.33333333333333,-4.426678426250703,4.835367257655998,12.095745086316063,6,11,41,17,41.46341463414634,24,0,1.3529411764705883,1,0.3915545004872228,0.41869817737532244,-0.2168890565325998,2,33.33333333333333,-7.903759203680238,0.7245942705079252,23
HYBRID|wait=2|tol=0.0050|retrace=0.0050,atr_adx_pullback,5,-2.0750770736279267,-4.144043839383704,979.2492292637207,10.638006026116097,0.7210827925133194,40.0,-4.150154147255876,4.7893161409164176,10.04869849362217,5,12,41,17,41.46341463414634,24,0,1.3529411764705883,1,0.26848641353464375,0.38954699608538884,-0.2168890565325998,2,40.0,-4.423214575569694,0.8287070528345744,21
HYBRID|wait=3|tol=0.0050|retrace=0.0050,pullback,5,-25.561034229914004,-44.888214770140486,744.38965770086,31.16499214571271,0.25343240434672937,12.5,-10.650430929130843,15.17384296569192,41.86652188924246,24,0,41,24,58.536585365853654,17,0,1.8333333333333333,2.0,0.3413544917469446,0.273390976885224,-0.27429206667592837,5,20.833333333333336,-32.51493458907875,0.3827623291629762,41
HYBRID|wait=3|tol=0.0050|retrace=0.0050,atr_pullback,5,-19.69445378477883,-35.76963366469336,803.0554621522117,26.43016586395927,0.31197483110066854,16.666666666666664,-10.941363213766023,11.098319134239006,32.66862529672929,18,6,41,24,58.536585365853654,17,0,1.8333333333333333,2.0,0.4038057204989645,0.3834255302346915,-0.2168890565325998,2,11.11111111111111,-24.954862576379195,0.46402135019731444,34
HYBRID|wait=3|tol=0.0050|retrace=0.0050,adx_pullback,5,-13.22039261600903,-24.88900063840711,867.7960738399097,20.49912337909166,0.28762176974467646,20.0,-13.220392616009018,6.332028551692378,19.08819549071732,10,14,41,24,58.536585365853654,17,0,1.8333333333333333,2.0,0.4412068751660847,0.4311024627415104,-0.2168890565325998,2,20.0,-7.903759203680238,0.7245942705079252,23
HYBRID|wait=3|tol=0.0050|retrace=0.0050,atr_adx_pullback,5,-12.702508828407918,-23.98151731942999,872.9749117159208,20.024677638402117,0.2959610010358128,22.22222222222222,-14.113898698231019,6.285977434952797,17.08287847953698,9,15,41,24,58.536585365853654,17,0,1.8333333333333333,2.0,0.37835264626785875,0.41435556681776464,-0.2168890565325998,2,22.22222222222222,-4.423214575569694,0.8287070528345744,21
HYBRID|wait=5|tol=0.0050|retrace=0.0050,pullback,5,-29.82690193247523,-51.07688836722255,701.7309806752477,35.109714291881424,0.22917103492922145,14.814814814814813,-11.047000715731576,17.568501036150128,45.82940909820436,27,0,41,27,65.85365853658537,14,0,2.111111111111111,2,0.35076983218440455,0.27705040088736155,-0.27429206667592837,5,18.51851851851852,-32.51493458907875,0.3827623291629762,41
HYBRID|wait=5|tol=0.0050|retrace=0.0050,atr_pullback,5,-24.296517131469304,-42.98226106575359,757.0348286853069,31.022142196397855,0.27310246823257406,19.047619047619047,-11.569770062604432,13.492977204697215,37.084513311490774,21,6,41,27,65.85365853658537,14,0,2.111111111111111,2,0.4069895540968388,0.386635070682406,-0.2168890565325998,2,9.523809523809524,-24.954862576379195,0.46402135019731444,34
HYBRID|wait=5|tol=0.0050|retrace=0.0050,adx_pullback,5,-18.193464454804996,-33.323448128373165,818.06535545195,25.461295010147182,0.23732280036448672,23.076923076923077,-13.994972657542313,8.726686622150586,24.258811679591396,13,14,41,27,65.85365853658537,14,0,2.111111111111111,2,0.4377189552856231,0.41435556681776464,-0.2168890565325998,2,15.384615384615385,-7.903759203680238,0.7245942705079252,23
HYBRID|wait=5|tol=0.0050|retrace=0.0050,atr_adx_pullback,5,-17.705258990919937,-32.51786893085625,822.9474100908006,25.016462542857838,0.24234582982842157,25.0,-14.75438249243327,8.680635505411006,22.264893901177896,12,15,41,27,65.85365853658537,14,0,2.111111111111111,2,0.3902876236219152,0.40195128145157677,-0.2168890565325998,2,16.666666666666664,-4.423214575569694,0.8287070528345744,21
HYBRID|wait=8|tol=0.0050|retrace=0.0050,pullback,5,-31.15850841231394,-52.932579985084985,688.4149158768606,36.34107399106939,0.22143999988940463,13.793103448275861,-10.744313245625495,19.848031314759382,48.63268078511393,29,0,41,29,70.73170731707317,12,0,2.4482758620689653,2,0.34692965237711665,0.27705040088736155,-0.338951310861413,6,20.689655172413794,-32.51493458907875,0.3827623291629762,41
HYBRID|wait=8|tol=0.0050|retrace=0.0050,atr_pullback,5,-25.733068332858274,-45.14498818343872,742.6693166714173,32.33106776682486,0.2617230903875828,17.391304347826086,-11.188290579503597,15.77250748330647,40.13455228884392,23,6,41,29,70.73170731707317,12,0,2.4482758620689653,2,0.39725891678222064,0.386635070682406,-0.338951310861413,3,13.043478260869565,-24.954862576379195,0.46402135019731444,34
HYBRID|wait=8|tol=0.0050|retrace=0.0050,adx_pullback,5,-19.74582733780486,-35.85254152179601,802.5417266219514,26.875743357115724,0.22262877683585142,20.0,-13.163884891869907,11.006216900759844,27.569888853563423,15,14,41,29,70.73170731707317,12,0,2.4482758620689653,2,0.41870139124470396,0.41435556681776464,-0.338951310861413,3,20.0,-7.903759203680238,0.7245942705079252,23
HYBRID|wait=8|tol=0.0050|retrace=0.0050,atr_adx_pullback,5,-19.266886073122908,-35.07751856885265,807.3311392687709,26.439352041951526,0.22696778477088345,21.428571428571427,-13.762061480802092,10.960165784020262,25.59573093855088,14,15,41,29,70.73170731707317,12,0,2.4482758620689653,2,0.37668756667288866,0.40195128145157677,-0.338951310861413,3,21.428571428571427,-4.423214575569694,0.8287070528345744,21
HYBRID|wait=2|tol=0.0050|retrace=0.0075,pullback,5,-8.130559872856997,-15.731500579255675,918.69440127143,15.54978221176943,0.5334072375268809,17.647058823529413,-4.782682278151175,12.3186737278379,33.37183254034736,17,0,41,17,41.46341463414634,24,0,1.3529411764705883,1,0.2627860791590393,0.23771131672233003,-0.2168890565325998,4,23.52941176470588,-32.51493458907875,0.3827623291629762,41
HYBRID|wait=2|tol=0.0050|retrace=0.0075,atr_pullback,5,-4.446910022756264,-8.772370631113425,955.5308997724374,13.496125699694868,0.6792500327893973,25.0,-3.7057583522968778,9.002993322588072,24.02245414337795,12,5,41,17,41.46341463414634,24,0,1.3529411764705883,1,0.27242220384020266,0.2601086539844397,-0.2168890565325998,2,16.666666666666664,-24.954862576379195,0.46402135019731444,34
HYBRID|wait=2|tol=0.0050|retrace=0.0075,adx_pullback,5,-2.656007055750422,-5.288340307466011,973.4399294424958,11.168137273711887,0.6687622261362716,33.33333333333333,-4.426678426250703,4.835367257655998,12.095745086316063,6,11,41,17,41.46341463414634,24,0,1.3529411764705883,1,0.3915545004872228,0.41869817737532244,-0.2168890565325998,2,33.33333333333333,-7.903759203680238,0.7245942705079252,23
HYBRID|wait=2|tol=0.0050|retrace=0.0075,atr_adx_pullback,5,-2.0750770736279267,-4.144043839383704,979.2492292637207,10.638006026116097,0.7210827925133194,40.0,-4.150154147255876,4.7893161409164176,10.04869849362217,5,12,41,17,41.46341463414634,24,0,1.3529411764705883,1,0.26848641353464375,0.38954699608538884,-0.2168890565325998,2,40.0,-4.423214575569694,0.8287070528345744,21
HYBRID|wait=3|tol=0.0050|retrace=0.0075,pullback,5,-23.00807670621349,-41.00661546804585,769.9192329378651,28.212167739813076,0.2738521565781085,13.043478260869565,-10.00351161139718,14.75938291503569,40.351467863811244,23,0,41,23,56.09756097560976,18,0,1.7826086956521738,2,0.32847697780045826,0.2697315528830865,-0.27429206667592837,5,21.73913043478261,-32.51493458907875,0.3827623291629762,41
HYBRID|wait=3|tol=0.0050|retrace=0.0075,atr_pullback,5,-16.940296116357594,-31.24580007627731,830.5970388364241,23.274230990896584,0.3451875396584416,17.647058823529413,-9.964880068445643,10.683859083582776,31.03416893641918,17,6,41,23,56.09756097560976,18,0,1.7826086956521738,2,0.39005680332148424,0.3773040643839942,-0.2168890565325998,2,11.76470588235294,-24.954862576379195,0.46402135019731444,34
HYBRID|wait=3|tol=0.0050|retrace=0.0075,adx_pullback,5,-10.244200654140503,-19.59882900840829,897.557993458595,17.08876379471322,0.3425583744536799,22.22222222222222,-11.382445171267213,5.9175685010361505,17.32197275868024,9,14,41,23,56.09756097560976,18,0,1.7826086956521738,2,0.4193923821271908,0.41435556681776464,-0.2168890565325998,2,22.22222222222222,-7.903759203680238,0.7245942705079252,23
HYBRID|wait=3|tol=0.0050|retrace=0.0075,atr_adx_pullback,5,-9.708555532830871,-18.627430383423338,902.9144446716913,16.593965692542888,0.35484396389553724,25.0,-12.13569441603859,5.8715173842965696,15.306115274388892,8,15,41,23,56.09756097560976,18,0,1.7826086956521738,2,0.3459545629868249,0.40195128145157677,-0.2168890565325998,2,25.0,-4.423214575569694,0.8287070528345744,21
HYBRID|wait=5|tol=0.0050|retrace=0.0075,pullback,5,-29.621128478875868,-50.786898065734896,703.7887152112413,34.91943199620224,0.2303962565283923,14.814814814814813,-10.97078832550959,17.522449919410548,45.83146889253469,27,0,41,27,65.85365853658537,14,0,2.185185185185185,2,0.361529667652189,0.27705040088736155,-0.27429206667592837,5,18.51851851851852,-32.51493458907875,0.3827623291629762,41
HYBRID|wait=5|tol=0.0050|retrace=0.0075,atr_pullback,5,-24.07452654606907,-42.64429009964257,759.2547345393093,30.819873628912408,0.27492839487080195,19.047619047619047,-11.46406026003289,13.446926087957634,37.08673543947276,21,6,41,27,65.85365853658537,14,0,2.185185185185185,2,0.4208236282697046,0.386635070682406,-0.2168890565325998,2,9.523809523809524,-24.954862576379195,0.46402135019731444,34
HYBRID|wait=5|tol=0.0050|retrace=0.0075,adx_pullback,5,-17.95357746378264,-32.92822483340889,820.4642253621736,25.242719983890993,0.2397335991230177,23.076923076923077,-13.810444202909743,8.680635505411006,24.2612129507728,13,14,41,27,65.85365853658537,14,0,2.185185185185185,2,0.4600663058725601,0.41435556681776464,-0.2168890565325998,2,15.384615384615385,-7.903759203680238,0.7245942705079252,23
HYBRID|wait=5|tol=0.0050|retrace=0.0075,atr_adx_pullback,5,-17.463940401077867,-32.1178705889548,825.3605959892213,24.796583103434962,0.2448745640659603,25.0,-14.553283667564878,8.634584388671424,22.26730950267782,12,15,41,27,65.85365853658537,14,0,2.185185185185185,2,0.4144972534244302,0.40195128145157677,-0.2168890565325998,2,16.666666666666664,-4.423214575569694,0.8287070528345744,21
HYBRID|wait=8|tol=0.0050|retrace=0.0075,pullback,5,-30.956639720963018,-52.65358924093887,690.4336027903698,36.15440249703503,0.22256262987992542,13.793103448275861,-10.674703352056213,19.801980198019802,48.63470149273506,29,0,41,29,70.73170731707317,12,0,2.5172413793103448,2,0.3569474302264332,0.27705040088736155,-0.338951310861413,6,20.689655172413794,-32.51493458907875,0.3827623291629762,41
HYBRID|wait=8|tol=0.0050|retrace=0.0075,atr_pullback,5,-25.5152902464088,-44.81983671854014,744.847097535912,32.13263745278053,0.2633686208229832,17.391304347826086,-11.093604454960348,15.726456366566891,40.136732249669244,23,6,41,29,70.73170731707317,12,0,2.5172413793103448,2,0.40989002798353286,0.386635070682406,-0.338951310861413,3,13.043478260869565,-24.954862576379195,0.46402135019731444,34
HYBRID|wait=8|tol=0.0050|retrace=0.0075,adx_pullback,5,-19.51049244837801,-35.472309353339696,804.8950755162199,26.661316016073812,0.22471069273240943,20.0,-13.00699496558534,10.960165784020262,27.57224455816229,15,14,41,29,70.73170731707317,12,0,2.5172413793103448,2,0.438069095086716,0.41435556681776464,-0.338951310861413,3,20.0,-7.903759203680238,0.7245942705079252,23
HYBRID|wait=8|tol=0.0050|retrace=0.0075,atr_adx_pullback,5,-19.03014675093168,-34.69269247469777,809.6985324906832,26.223645040320083,0.22914431928655893,21.428571428571427,-13.59296196495121,10.914114667280682,25.598100701535778,14,15,41,29,70.73170731707317,12,0,2.5172413793103448,2,0.39743867793218735,0.40195128145157677,-0.338951310861413,3,21.428571428571427,-4.423214575569694,0.8287070528345744,21
HYBRID|wait=2|tol=0.0075|retrace=0.0025,pullback,5,-27.937317226622305,-48.38146053508798,720.626827733777,33.362382411015915,0.23688839074366957,12.0,-11.174926890648926,17.82178217821782,43.03440849590217,25,0,41,25,60.97560975609756,16,0,1.24,1,0.1929918842817842,0.23771131672233003,-0.2688545587462205,7,28.000000000000004,-32.51493458907875,0.3827623291629762,41
HYBRID|wait=2|tol=0.0075|retrace=0.0025,atr_pullback,5,-22.262228762092047,-39.8474424484776,777.3777123790795,28.78256601666258,0.28617284584072694,15.789473684210526,-11.71696250636423,13.723232788395118,33.98404120433454,19,6,41,25,60.97560975609756,16,0,1.24,1,0.2050186719036626,0.26123812221061826,-0.2168890565325998,4,21.052631578947366,-24.954862576379195,0.46402135019731444,34
HYBRID|wait=2|tol=0.0075|retrace=0.0025,adx_pullback,5,-14.667338851429962,-27.395331475519157,853.3266114857004,21.824705478469866,0.2666817037174516,20.0,-14.667338851429951,6.493207460280911,18.958757975671936,10,15,41,25,60.97560975609756,16,0,1.24,1,0.27372317226878595,0.3463441074222412,-0.2168890565325998,3,30.0,-7.903759203680238,0.7245942705079252,23
HYBRID|wait=2|tol=0.0075|retrace=0.0025,atr_adx_pullback,5,-14.15809015702007,-26.518129386266754,858.4190984297993,21.358170553455803,0.27372687693749687,22.22222222222222,-15.731211285577867,6.447156343541331,16.952668506623088,9,16,41,25,60.97560975609756,16,0,1.24,1,0.19225964304863796,0.3031412187590936,-0.2168890565325998,3,33.33333333333333,-4.423214575569694,0.8287070528345744,21
HYBRID|wait=3|tol=0.0075|retrace=0.0025,pullback,5,-29.309868032914654,-50.34660480623045,706.9013196708535,34.631604041839665,0.22688005921868915,10.714285714285714,-10.467810011755233,20.354593598894773,47.950087952983836,28,0,41,28,68.29268292682927,13,0,1.4285714285714286,1.0,0.21458777414535438,0.2440985359040615,-0.28133376073330923,8,28.57142857142857,-32.51493458907875,0.3827623291629762,41
HYBRID|wait=3|tol=0.0075|retrace=0.0025,atr_pullback,5,-23.742870843202297,-42.13748116503787,762.571291567977,30.24465892455946,0.2715283858706423,13.636363636363635,-10.792214019637408,16.25604420907207,39.24295280105915,22,6,41,28,68.29268292682927,13,0,1.4285714285714286,1.0,0.2308643334179503,0.26548483754685237,-0.28133376073330923,5,22.727272727272727,-24.954862576379195,0.46402135019731444,34
HYBRID|wait=3|tol=0.0075|retrace=0.0025,adx_pullback,5,-14.722948829673804,-27.490800078185217,852.770511703262,21.993787911124926,0.26593394839255724,18.181818181818183,-13.384498936067116,7.759613170619388,21.047781637561688,11,17,41,28,68.29268292682927,13,0,1.4285714285714286,1.0,0.2232634510867773,0.3031412187590936,-0.28133376073330923,4,36.36363636363637,-7.903759203680238,0.7245942705079252,23
HYBRID|wait=3|tol=0.0075|retrace=0.0025,atr_adx_pullback,5,-14.214032004778312,-26.61475143070757,857.8596799522169,21.528262037122754,0.27293508100880237,20.0,-14.214032004778323,7.713562053879806,19.042999506057782,10,18,41,28,68.29268292682927,13,0,1.4285714285714286,1.0,0.14490030267044324,0.17463233648534238,-0.28133376073330923,4,40.0,-4.423214575569694,0.8287070528345744,21
HYBRID|wait=5|tol=0.0075|retrace=0.0025,pullback,5,-33.32988136080963,-55.880915921181774,666.7011863919037,38.34898036668905,0.22774370361206364,12.5,-10.415587925253014,24.913654156113285,52.81929275962911,32,0,41,32,78.04878048780488,9,0,1.8125,1.0,0.20166313056267107,0.2440985359040615,-0.6572215663124642,10,31.25,-32.51493458907875,0.3827623291629762,41
HYBRID|wait=5|tol=0.0075|retrace=0.0025,atr_pullback,5,-28.07946871092265,-48.58677189083278,719.2053128907735,34.211512472742044,0.26563002211218845,15.384615384615385,-10.799795658047174,20.81510476629058,44.64316498856677,26,6,41,32,78.04878048780488,9,0,1.8125,1.0,0.21245299373578685,0.26548483754685237,-0.6572215663124642,7,26.923076923076923,-24.954862576379195,0.46402135019731444,34
HYBRID|wait=5|tol=0.0075|retrace=0.0025,adx_pullback,5,-19.572492503293073,-35.57259326669765,804.2750749670693,26.42985279783201,0.2600626137273626,20.0,-13.048328335528732,12.3186737278379,27.65305925024548,15,17,41,32,78.04878048780488,9,0,1.8125,1.0,0.1933773642593401,0.3031412187590936,-0.6572215663124642,6,40.0,-7.903759203680238,0.7245942705079252,23
HYBRID|wait=5|tol=0.0075|retrace=0.0025,atr_adx_pullback,5,-19.092516810093638,-34.79418800791589,809.0748318990636,25.99080049469318,0.26518878684728264,21.428571428571427,-13.637512007209734,12.272622611098319,25.68769612847592,14,18,41,32,78.04878048780488,9,0,1.8125,1.0,0.1352689663314274,0.17463233648534238,-0.6572215663124642,6,42.857142857142854,-4.423214575569694,0.8287070528345744,21
HYBRID|wait=8|tol=0.0075|retrace=0.0025,pullback,5,-34.595015214614,-57.55438704312033,654.04984785386,39.51887167109434,0.22085323921624617,11.76470588235294,-10.175004474886471,27.19318443472254,55.45775772746526,34,0,41,34,82.92682926829268,7,0,2.1176470588235294,1.0,0.20715866552832157,0.2440985359040615,-0.6572215663124642,11,32.35294117647059,-32.51493458907875,0.3827623291629762,41
HYBRID|wait=8|tol=0.0075|retrace=0.0025,atr_pullback,5,-29.444234527672176,-50.53691556046607,705.5576547232782,35.4599164723172,0.2560131403118841,14.285714285714285,-10.51579804559721,23.09463504489984,47.51553970303934,28,6,41,34,82.92682926829268,7,0,2.1176470588235294,1.0,0.21835543882456848,0.26548483754685237,-0.6572215663124642,8,28.57142857142857,-24.954862576379195,0.46402135019731444,34
HYBRID|wait=8|tol=0.0075|retrace=0.0025,adx_pullback,5,-21.098686915243263,-38.01637483834037,789.0131308475674,27.82592176777861,0.24515983758893303,17.647058823529413,-12.410992303084285,14.598204006447158,30.886354475571945,17,17,41,34,82.92682926829268,7,0,2.1176470588235294,1.0,0.2053432302263271,0.3031412187590936,-0.6572215663124642,7,41.17647058823529,-7.903759203680238,0.7245942705079252,23
HYBRID|wait=8|tol=0.0075|retrace=0.0025,atr_adx_pullback,5,-20.627819252910786,-37.2674950955328,793.7218074708921,27.3952009322242,0.24966508195787587,18.75,-12.892387033069248,14.552152889707576,28.94028702968987,16,18,41,34,82.92682926829268,7,0,2.1176470588235294,1.0,0.15524624866234016,0.17463233648534238,-0.6572215663124642,7,43.75,-4.423214575569694,0.8287070528345744,21
HYBRID|wait=2|tol=0.0075|retrace=0.0050,pullback,5,-14.986240619648697,-27.9419466788264,850.137593803513,20.73254911535533,0.37841696969339295,15.0,-7.493120309824349,14.091641722311765,37.67047078458853,20,0,41,20,48.78048780487805,21,0,1.25,1.0,0.17881317107003625,0.12184091014248899,-0.2688545587462205,7,35.0,-32.51493458907875,0.3827623291629762,41
HYBRID|wait=2|tol=0.0075|retrace=0.0050,atr_pullback,5,-8.291227519692018,-16.02869348136139,917.0877248030798,16.760099610599706,0.5313655291614773,21.428571428571427,-5.9223053712086084,9.993092332489063,27.616088518308977,14,6,41,20,48.78048780487805,21,0,1.25,1.0,0.1890586486089792,0.17923576417670345,-0.2168890565325998,4,28.57142857142857,-24.954862576379195,0.46402135019731444,34
HYBRID|wait=2|tol=0.0075|retrace=0.0050,adx_pullback,5,-5.978066452053883,-11.6988549512541,940.2193354794612,13.14795480977298,0.47256133391802946,25.0,-7.472583065067369,5.756389592447617,15.883383411150291,8,12,41,20,48.78048780487805,21,0,1.25,1.0,0.29481596690475215,0.21783522514849,-0.2168890565325998,3,37.5,-7.903759203680238,0.7245942705079252,23
HYBRID|wait=2|tol=0.0075|retrace=0.0050,atr_adx_pullback,5,-5.416961873095307,-10.63200965749701,945.8303812690469,12.629638727459033,0.4972779570951534,28.57142857142857,-7.73851696156474,5.710338475708036,13.85894070594633,7,13,41,20,48.78048780487805,21,0,1.25,1.0,0.19309039999827132,0.04612345421159115,-0.2168890565325998,3,42.857142857142854,-4.423214575569694,0.8287070528345744,21
HYBRID|wait=3|tol=0.0075|retrace=0.0050,pullback,5,-26.814505676119264,-46.745257595344725,731.8549432388073,32.32409901873348,0.24421964693995127,12.0,-10.725802270447712,16.60142758461893,43.66636851835303,25,0,41,25,60.97560975609756,16,0,1.6,1,0.25134069256650915,0.20297889019541543,-0.28133376073330923,8,32.0,-32.51493458907875,0.3827623291629762,41
HYBRID|wait=3|tol=0.0075|retrace=0.0050,atr_pullback,5,-21.050993430612923,-37.940728455421265,789.4900656938707,27.782294695474015,0.29754869504632414,15.789473684210526,-11.079470226638376,12.502878194796224,34.57254799359513,19,6,41,25,60.97560975609756,16,0,1.6,1,0.2817934196467218,0.25048575508579296,-0.28133376073330923,5,26.31578947368421,-24.954862576379195,0.46402135019731444,34
HYBRID|wait=3|tol=0.0075|retrace=0.0050,adx_pullback,5,-14.143597503610387,-26.493087398990355,858.5640249638961,21.46383287873751,0.27390552387554623,18.181818181818183,-12.857815912373077,7.667510937140226,21.107262217696356,11,14,41,25,60.97560975609756,16,0,1.6,1,0.28446244125805475,0.38954699608538884,-0.28133376073330923,4,36.36363636363637,-7.903759203680238,0.7245942705079252,23
HYBRID|wait=3|tol=0.0075|retrace=0.0050,atr_adx_pullback,5,-13.631223222889286,-25.6049844902035,863.6877677711071,20.995144336365364,0.281384447884173,20.0,-13.631223222889275,7.621459820400645,19.102835054704727,10,15,41,25,60.97560975609756,16,0,1.6,1,0.21221919185884838,0.21783522514849,-0.28133376073330923,4,40.0,-4.423214575569694,0.8287070528345744,21
HYBRID|wait=5|tol=0.0075|retrace=0.0050,pullback,5,-30.97642551420322,-52.68097078602977,690.2357448579678,36.17269876457452,0.2428523922518217,13.793103448275861,-10.681526039380428,21.160488141837437,48.84683118080981,29,0,41,29,70.73170731707317,12,0,2.0,1,0.2320096488309752,0.20297889019541543,-0.6572215663124642,10,34.48275862068966,-32.51493458907875,0.3827623291629762,41
HYBRID|wait=5|tol=0.0075|retrace=0.0050,atr_pullback,5,-25.540673245905737,-44.857784478572015,744.5932675409426,31.889178213096624,0.28677378024782485,17.391304347826086,-11.104640541698142,17.061938752014736,40.30958283817964,23,6,41,29,70.73170731707317,12,0,2.0,1,0.252123368487968,0.25048575508579296,-0.6572215663124642,7,30.434782608695656,-24.954862576379195,0.46402135019731444,34
HYBRID|wait=5|tol=0.0075|retrace=0.0050,adx_pullback,5,-19.0260877850164,-34.68608451119126,809.739122149836,25.930035299978805,0.2658008256964599,20.0,-12.684058523344266,12.226571494358739,27.73672652889908,15,14,41,29,70.73170731707317,12,0,2.0,1,0.23825662371827686,0.386635070682406,-0.6572215663124642,6,40.0,-7.903759203680238,0.7245942705079252,23
HYBRID|wait=5|tol=0.0075|retrace=0.0050,atr_adx_pullback,5,-18.542851254926802,-33.89696854539458,814.571487450732,25.48800018340363,0.27117724445999414,21.428571428571427,-13.244893753519152,12.180520377619157,25.771862717145726,14,15,41,29,70.73170731707317,12,0,2.0,1,0.18335388718028822,0.21637926244699857,-0.6572215663124642,6,42.857142857142854,-4.423214575569694,0.8287070528345744,21
HYBRID|wait=8|tol=0.0075|retrace=0.0050,pullback,5,-32.286218605545244,-54.475818312018184,677.1378139445476,37.38388724358279,0.23488671598361405,12.903225806451612,-10.414909227595242,23.440018420446695,51.58834947705627,31,0,41,31,75.60975609756098,10,0,2.3225806451612905,2,0.23607916987276578,0.20297889019541543,-0.6572215663124642,11,35.483870967741936,-32.51493458907875,0.3827623291629762,41
HYBRID|wait=8|tol=0.0075|retrace=0.0050,atr_pullback,5,-26.953615309469253,-46.94937153667964,730.4638469053075,33.18165088618996,0.27539309002505996,16.0,-10.7814461237877,19.34146903062399,43.29359307383949,25,6,41,31,75.60975609756098,10,0,2.3225806451612905,2,0.25556047700722895,0.25048575508579296,-0.6572215663124642,8,32.0,-24.954862576379195,0.46402135019731444,34
HYBRID|wait=8|tol=0.0075|retrace=0.0050,adx_pullback,5,-20.5626507866898,-37.16349204839192,794.373492133102,27.335588819378188,0.2501939077436271,17.647058823529413,-12.09567693334695,14.506101772967995,30.98520909921468,17,14,41,31,75.60975609756098,10,0,2.3225806451612905,2,0.2449425768077419,0.386635070682406,-0.6572215663124642,7,41.17647058823529,-7.903759203680238,0.7245942705079252,23
HYBRID|wait=8|tol=0.0075|retrace=0.0050,atr_adx_pullback,5,-20.088584165190277,-36.40430786400442,799.1141583480972,26.90194177233049,0.25490476250245936,18.75,-12.555365103243922,14.460050656228413,29.03973159846441,16,15,41,31,75.60975609756098,10,0,2.3225806451612905,2,0.19732055440509338,0.21637926244699857,-0.6572215663124642,7,43.75,-4.423214575569694,0.8287070528345744,21
HYBRID|wait=2|tol=0.0075|retrace=0.0075,pullback,5,-14.986240619648697,-27.9419466788264,850.137593803513,20.73254911535533,0.37841696969339295,15.0,-7.493120309824349,14.091641722311765,37.67047078458853,20,0,41,20,48.78048780487805,21,0,1.25,1.0,0.17881317107003625,0.12184091014248899,-0.2688545587462205,7,35.0,-32.51493458907875,0.3827623291629762,41
HYBRID|wait=2|tol=0.0075|retrace=0.0075,atr_pullback,5,-8.291227519692018,-16.02869348136139,917.0877248030798,16.760099610599706,0.5313655291614773,21.428571428571427,-5.9223053712086084,9.993092332489063,27.616088518308977,14,6,41,20,48.78048780487805,21,0,1.25,1.0,0.1890586486089792,0.17923576417670345,-0.2168890565325998,4,28.57142857142857,-24.954862576379195,0.46402135019731444,34
HYBRID|wait=2|tol=0.0075|retrace=0.0075,adx_pullback,5,-5.978066452053883,-11.6988549512541,940.2193354794612,13.14795480977298,0.47256133391802946,25.0,-7.472583065067369,5.756389592447617,15.883383411150291,8,12,41,20,48.78048780487805,21,0,1.25,1.0,0.29481596690475215,0.21783522514849,-0.2168890565325998,3,37.5,-7.903759203680238,0.7245942705079252,23
HYBRID|wait=2|tol=0.0075|retrace=0.0075,atr_adx_pullback,5,-5.416961873095307,-10.63200965749701,945.8303812690469,12.629638727459033,0.4972779570951534,28.57142857142857,-7.73851696156474,5.710338475708036,13.85894070594633,7,13,41,20,48.78048780487805,21,0,1.25,1.0,0.19309039999827132,0.04612345421159115,-0.2168890565325998,3,42.857142857142854,-4.423214575569694,0.8287070528345744,21
HYBRID|wait=3|tol=0.0075|retrace=0.0075,pullback,5,-24.30453718815062,-42.99445238936235,756.9546281184938,29.420996973161696,0.2628122259853664,12.5,-10.126890495062762,16.186967533962697,42.17682635946496,24,0,41,24,58.536585365853654,17,0,1.5416666666666667,1.0,0.235249166735275,0.17923576417670345,-0.28133376073330923,8,33.33333333333333,-32.51493458907875,0.3827623291629762,41
HYBRID|wait=3|tol=0.0075|retrace=0.0075,atr_pullback,5,-18.34335962317232,-33.569808077661,816.5664037682768,24.68436227113725,0.3271028004782633,16.666666666666664,-10.190755346206837,12.088418144139995,32.965701243786945,18,6,41,24,58.536585365853654,17,0,1.5416666666666667,1.0,0.26202987004286576,0.2267323226406042,-0.28133376073330923,5,27.77777777777778,-24.954862576379195,0.46402135019731444,34
HYBRID|wait=3|tol=0.0075|retrace=0.0075,adx_pullback,5,-11.199067761109575,-21.315893819410515,888.0093223889043,18.094856564935384,0.3226837873421127,20.0,-11.199067761109575,7.253050886483997,19.359829446895144,10,14,41,24,58.536585365853654,17,0,1.5416666666666667,1.0,0.24915495413224725,0.21783522514849,-0.28133376073330923,4,40.0,-7.903759203680238,0.7245942705079252,23
HYBRID|wait=3|tol=0.0075|retrace=0.0075,atr_adx_pullback,5,-10.669121100635676,-20.365240593725776,893.3087889936432,17.606062628377597,0.33345597479132316,22.22222222222222,-11.854579000706305,7.206999769744417,17.344973945619884,9,15,41,24,58.536585365853654,17,0,1.5416666666666667,1.0,0.16496162289692828,0.04612345421159115,-0.28133376073330923,4,44.44444444444444,-4.423214575569694,0.8287070528345744,21
HYBRID|wait=5|tol=0.0075|retrace=0.0075,pullback,5,-30.774022888512548,-52.400488635776064,692.2597711148745,35.985533532158776,0.24405982147965583,13.793103448275861,-10.611732030521576,21.11443702509786,48.84885723311902,29,0,41,29,70.73170731707317,12,0,2.0689655172413794,1,0.24202742668029173,0.20297889019541543,-0.6572215663124642,10,34.48275862068966,-32.51493458907875,0.3827623291629762,41
HYBRID|wait=5|tol=0.0075|retrace=0.0075,atr_pullback,5,-25.3223309859683,-44.53093062218232,746.776690140317,31.689452115595607,0.2885330332544924,17.391304347826086,-11.009709124334039,17.015887635275156,40.31176844638722,23,6,41,29,70.73170731707317,12,0,2.0689655172413794,1,0.2647544796892802,0.25048575508579296,-0.6572215663124642,7,30.434782608695656,-24.954862576379195,0.46402135019731444,34
HYBRID|wait=5|tol=0.0075|retrace=0.0075,adx_pullback,5,-18.788642353265686,-34.298938203202766,812.1135764673431,25.712834793459336,0.2682588277222676,20.0,-12.525761568843784,12.180520377619157,27.739103360047736,15,14,41,29,70.73170731707317,12,0,2.0689655172413794,1,0.2576243275602889,0.386635070682406,-0.6572215663124642,6,40.0,-7.903759203680238,0.7245942705079252,23
HYBRID|wait=5|tol=0.0075|retrace=0.0075,atr_adx_pullback,5,-18.303988795106342,-33.50514477578941,816.9601120489366,25.26950346658343,0.27374730385520196,21.428571428571427,-13.074277710790243,12.134469260879577,25.774253732759544,14,15,41,29,70.73170731707317,12,0,2.0689655172413794,1,0.20410499843958682,0.21637926244699857,-0.6572215663124642,6,42.857142857142854,-4.423214575569694,0.8287070528345744,21
HYBRID|wait=8|tol=0.0075|retrace=0.0075,pullback,5,-32.087656777187576,-54.205975067545744,679.1234322281242,37.200273663340724,0.2359971970733539,12.903225806451612,-10.350857024899222,23.393967303707115,51.59033708294574,31,0,41,31,75.60975609756098,10,0,2.3870967741935485,2,0.24545063947373935,0.20297889019541543,-0.6572215663124642,11,35.483870967741936,-32.51493458907875,0.3827623291629762,41
HYBRID|wait=8|tol=0.0075|retrace=0.0075,atr_pullback,5,-26.73941631776655,-46.634915500897144,732.6058368223345,32.98571479615548,0.27698810212593483,16.0,-10.69576652710662,19.29541791388441,43.29573720789056,25,6,41,31,75.60975609756098,10,0,2.3870967741935485,2,0.26718109931243617,0.25048575508579296,-0.6572215663124642,8,32.0,-24.954862576379195,0.46402135019731444,34
HYBRID|wait=8|tol=0.0075|retrace=0.0075,adx_pullback,5,-20.329711125444224,-36.791030500522815,796.7028887455577,27.122509915151777,0.2523372656486732,17.647058823529413,-11.958653603202492,14.460050656228413,30.987540827555474,17,14,41,31,75.60975609756098,10,0,2.3870967741935485,2,0.26203172725657603,0.386635070682406,-0.6572215663124642,7,41.17647058823529,-7.903759203680238,0.7245942705079252,23
HYBRID|wait=8|tol=0.0075|retrace=0.0075,atr_adx_pullback,5,-19.854254365435384,-36.027346274270286,801.4574563456462,26.687591254722708,0.2571396674547676,18.75,-12.408908978397108,14.413999539488835,29.0420772421056,16,15,41,31,75.60975609756098,10,0,2.3870967741935485,2,0.21547777675697966,0.21637926244699857,-0.6572215663124642,7,43.75,-4.423214575569694,0.8287070528345744,21
