configuration_id,group,control,mode,max_wait_bars,tolerance,retrace_pct,return_percent,annualized_return_percent,final_balance,maximum_drawdown_percent,profit_factor,win_rate_percent,average_trade,exposure_percent,fees,trades,blocked_entries,ema_signals,confirmed_pullbacks,confirmation_rate_percent,timeout_count,cancelled_count,average_wait_bars,median_wait_bars,average_entry_improvement_percent,median_entry_improvement_percent,worst_entry_deterioration_percent,worse_entry_count,worse_entry_percent,retained_trades_percent,control_return_percent,control_maximum_drawdown_percent,control_profit_factor,control_trades,passes_primary_filter,profitable_walk_forward_windows,walk_forward_windows_better_than_control,compounded_walk_forward_return_percent,median_walk_forward_profit_factor,worst_walk_forward_return_percent,median_walk_forward_return_delta_percent,passes_success_criteria
LOW_TOUCH_CLOSE_ABOVE|wait=2|tol=-|retrace=-,pullback,baseline,LOW_TOUCH_CLOSE_ABOVE,2,,,4.501501029195857,2.9156350888809746,1045.0150102919586,17.09420260684159,1.1756488239366045,22.22222222222222,2.500833905108809,4.817572598659717,38.22338200063681,18,0,138,18,13.043478260869565,116,4,1.5555555555555556,2.0,0.2375894381482887,0.11606389306892809,-0.540127753339023,5,27.77777777777778,13.043478260869565,-53.786361983894245,62.371252606419006,0.6736592530646253,138,False,2,3,16.125041435164377,0.5411299122341935,-6.043478550295845,11.173466071536449,False
LOW_TOUCH_CLOSE_ABOVE|wait=2|tol=-|retrace=-,atr_pullback,atr,LOW_TOUCH_CLOSE_ABOVE,2,,,4.898281694498701,3.1705175313985867,1048.982816944987,16.779418444670277,1.1941249197844,23.52941176470588,2.88134217323453,4.556962025316456,36.04339071015658,17,1,138,18,13.043478260869565,116,4,1.5555555555555556,2.0,0.24786326540668782,0.16919341138235236,-0.540127753339023,5,29.411764705882355,13.28125,-40.35102644737128,51.708882561148904,0.7623025578428135,128,False,2,3,16.56595540046797,0.5411299122341935,-6.043478550295845,11.150295271208664,False
LOW_TOUCH_CLOSE_ABOVE|wait=2|tol=-|retrace=-,adx_pullback,adx,LOW_TOUCH_CLOSE_ABOVE,2,,,-2.695754035876655,-1.7678683946621088,973.0424596412334,13.618381367274745,0.6462845511921057,28.57142857142857,-3.851077194109491,1.6679076693968726,13.893531754341122,7,11,138,18,13.043478260869565,116,4,1.5555555555555556,2.0,0.23046314208528615,0.24517278938508982,-0.540127753339023,3,42.857142857142854,9.722222222222223,-17.29566320602254,40.80885771074259,0.8606671668162691,72,False,2,4,11.510688526963285,0.1156031829294654,-2.8895429764695564,7.249642461450707,False
LOW_TOUCH_CLOSE_ABOVE|wait=2|tol=-|retrace=-,atr_adx_pullback,atr_adx,LOW_TOUCH_CLOSE_ABOVE,2,,,-2.695754035876655,-1.7678683946621088,973.0424596412334,13.618381367274745,0.6462845511921057,28.57142857142857,-3.851077194109491,1.6679076693968726,13.893531754341122,7,11,138,18,13.043478260869565,116,4,1.5555555555555556,2.0,0.23046314208528615,0.24517278938508982,-0.540127753339023,3,42.857142857142854,10.294117647058822,-0.8169453236379354,38.5718781060893,0.9934681362662444,68,False,2,3,11.510688526963285,0.1156031829294654,-2.8895429764695564,1.5336715991001375,False
LOW_TOUCH_CLOSE_ABOVE|wait=3|tol=-|retrace=-,pullback,baseline,LOW_TOUCH_CLOSE_ABOVE,3,,,25.54804685532679,16.00953753398693,1255.4804685532679,28.68278148663958,1.4267914766235474,21.428571428571427,9.124302448330996,8.525688756515263,73.95561274001308,28,0,138,28,20.28985507246377,103,7,2.0714285714285716,2.0,0.26372826852829473,0.2071831003837211,-0.540127753339023,6,21.428571428571427,20.28985507246377,-53.786361983894245,62.371252606419006,0.6736592530646253,138,False,2,3,39.6526400765266,0.5411299122341935,-13.803529210738875,18.711405378339876,False
LOW_TOUCH_CLOSE_ABOVE|wait=3|tol=-|retrace=-,atr_pullback,atr,LOW_TOUCH_CLOSE_ABOVE,3,,,26.02473893216884,16.296848536406138,1260.2473893216884,28.411997879413043,1.4382306918394314,22.22222222222222,9.63879219709957,8.265078183172003,71.12612785392243,27,1,138,28,20.28985507246377,103,7,2.0714285714285716,2.0,0.27116507940876844,0.24517278938508982,-0.540127753339023,6,22.22222222222222,21.09375,-40.35102644737128,51.708882561148904,0.7623025578428135,128,False,2,3,40.18288573706861,0.5411299122341935,-13.803529210738875,11.15133336564032,False
LOW_TOUCH_CLOSE_ABOVE|wait=3|tol=-|retrace=-,adx_pullback,adx,LOW_TOUCH_CLOSE_ABOVE,3,,,6.922880960034626,4.4658980985956775,1069.2288096003463,20.639822609318898,1.2841450956204632,25.0,5.769067466695522,3.7155621742367835,26.718113445366473,12,16,138,28,20.28985507246377,103,7,2.0714285714285716,2.0,0.25358175337408556,0.311238426884542,-0.540127753339023,3,25.0,16.666666666666664,-17.29566320602254,40.80885771074259,0.8606671668162691,72,False,3,3,19.93201682955512,2.047798847041245,-9.468673831133936,9.775900512594625,False
LOW_TOUCH_CLOSE_ABOVE|wait=3|tol=-|retrace=-,atr_adx_pullback,atr_adx,LOW_TOUCH_CLOSE_ABOVE,3,,,6.922880960034626,4.4658980985956775,1069.2288096003463,20.639822609318898,1.2841450956204632,25.0,5.769067466695522,3.7155621742367835,26.718113445366473,12,16,138,28,20.28985507246377,103,7,2.0714285714285716,2.0,0.25358175337408556,0.311238426884542,-0.540127753339023,3,25.0,17.647058823529413,-0.8169453236379354,38.5718781060893,0.9934681362662444,68,False,3,2,19.93201682955512,2.047798847041245,-9.468673831133936,-2.512860739720406,False
LOW_TOUCH_CLOSE_ABOVE|wait=5|tol=-|retrace=-,pullback,baseline,LOW_TOUCH_CLOSE_ABOVE,5,,,-0.5701240096631522,-0.37249179631507756,994.2987599033685,30.53203763750708,0.9926456869452662,17.391304347826086,-0.12394000210068774,12.181682799702159,97.24698982180344,46,0,138,46,33.33333333333333,81,11,2.9347826086956523,3.0,0.3777241518389612,0.34508016227754423,-0.540127753339023,7,15.217391304347828,33.33333333333333,-53.786361983894245,62.371252606419006,0.6736592530646253,138,False,2,3,10.277072764846263,0.23935585217184074,-19.277677000824987,13.237257588253762,False
LOW_TOUCH_CLOSE_ABOVE|wait=5|tol=-|retrace=-,atr_pullback,atr,LOW_TOUCH_CLOSE_ABOVE,5,,,4.432701602315911,2.8714058111296348,1044.327016023159,29.67852562947585,1.0587977274701545,16.666666666666664,1.05540514340855,11.213700670141474,92.78677871973781,42,4,138,46,33.33333333333333,81,11,2.9347826086956523,3.0,0.3857347394259962,0.3819695675332001,-0.540127753339023,7,16.666666666666664,32.8125,-40.35102644737128,51.708882561148904,0.7623025578428135,128,False,2,3,13.869148927297093,0.20716851703709618,-18.594975175321395,6.359887401057801,False
LOW_TOUCH_CLOSE_ABOVE|wait=5|tol=-|retrace=-,adx_pullback,adx,LOW_TOUCH_CLOSE_ABOVE,5,,,3.906136718939115,2.532555774851608,1039.0613671893911,18.610332875040765,1.124253232750174,23.52941176470588,2.2977274817288977,5.577066269545793,36.19401735576313,17,29,138,46,33.33333333333333,81,11,2.9347826086956523,3.0,0.38899631277882,0.386635070682406,-0.540127753339023,4,23.52941176470588,23.61111111111111,-17.29566320602254,40.80885771074259,0.8606671668162691,72,False,2,3,7.103916546910027,0.8891405762181931,-11.560258309137055,8.724206131007476,False
LOW_TOUCH_CLOSE_ABOVE|wait=5|tol=-|retrace=-,atr_adx_pullback,atr_adx,LOW_TOUCH_CLOSE_ABOVE,5,,,3.906136718939115,2.532555774851608,1039.0613671893911,18.610332875040765,1.124253232750174,23.52941176470588,2.2977274817288977,5.577066269545793,36.19401735576313,17,29,138,46,33.33333333333333,81,11,2.9347826086956523,3.0,0.38899631277882,0.386635070682406,-0.540127753339023,4,23.52941176470588,25.0,-0.8169453236379354,38.5718781060893,0.9934681362662444,68,False,2,2,7.103916546910027,0.8891405762181931,-11.560258309137055,-5.390436375145771,False
LOW_TOUCH_CLOSE_ABOVE|wait=8|tol=-|retrace=-,pullback,baseline,LOW_TOUCH_CLOSE_ABOVE,8,,,-10.242732210696534,-6.8102090406318645,897.5726778930347,34.87725756880832,0.9026266393564385,21.53846153846154,-1.5758049554917797,18.5331347728965,131.0502353753627,65,0,138,65,47.10144927536232,61,12,4.092307692307692,4,0.3821593990232042,0.3133887589259548,-1.5056894785094146,12,18.461538461538463,47.10144927536232,-53.786361983894245,62.371252606419006,0.6736592530646253,138,False,3,3,7.450508675010825,1.3793401672336254,-25.47253543276752,7.04239915631123,False
LOW_TOUCH_CLOSE_ABOVE|wait=8|tol=-|retrace=-,atr_pullback,atr,LOW_TOUCH_CLOSE_ABOVE,8,,,-1.587079739831813,-1.0387693083075522,984.1292026016819,31.182487874103586,0.9841413122491823,22.033898305084744,-0.26899656607319444,17.148175725986597,124.83150222102009,59,6,138,65,47.10144927536232,61,12,4.092307692307692,4,0.3968048856193084,0.34212722959318265,-1.5056894785094146,11,18.64406779661017,46.09375,-40.35102644737128,51.708882561148904,0.7623025578428135,128,False,3,3,15.822304171603507,1.3793401672336254,-22.268856286818345,3.412782150536348,False
LOW_TOUCH_CLOSE_ABOVE|wait=8|tol=-|retrace=-,adx_pullback,adx,LOW_TOUCH_CLOSE_ABOVE,8,,,-5.345652145291342,-3.5223217216439284,946.5434785470866,22.02620082975848,0.8899931705782572,24.137931034482758,-1.8433283259625357,9.731943410275502,59.04858681895924,29,36,138,65,47.10144927536232,61,12,4.092307692307692,4,0.35977312247546334,0.33145211860609897,-1.5056894785094146,9,31.03448275862069,40.27777777777778,-17.29566320602254,40.80885771074259,0.8606671668162691,72,False,2,3,-7.3759344878159165,0.5307948052423591,-18.347373188599327,3.683186587101841,False
LOW_TOUCH_CLOSE_ABOVE|wait=8|tol=-|retrace=-,atr_adx_pullback,atr_adx,LOW_TOUCH_CLOSE_ABOVE,8,,,-1.1894202976922885,-0.7779519330466722,988.1057970230771,18.602404725990503,0.9732593577391203,25.925925925925924,-0.44052603618233327,9.314966492926285,55.36450676827045,27,38,138,65,47.10144927536232,61,12,4.092307692307692,4,0.37699999242665677,0.3773040643839942,-1.5056894785094146,8,29.629629629629626,39.705882352941174,-0.8169453236379354,38.5718781060893,0.9934681362662444,68,False,2,1,-3.308851467744267,0.5307948052423591,-14.762041339769926,-10.338826764200231,False
LOW_TOUCH|wait=2|tol=-|retrace=-,pullback,baseline,LOW_TOUCH,2,,,4.224376779085355,2.7374176994418242,1042.2437677908536,17.70246992945455,1.151113455585633,21.73913043478261,1.8366855561240627,4.944154877140729,48.68906770575576,23,0,138,23,16.666666666666664,113,2,1.5217391304347827,2,0.6898728049430674,0.35723482454292715,-0.540127753339023,5,21.73913043478261,16.666666666666664,-53.786361983894245,62.371252606419006,0.6736592530646253,138,False,2,3,11.273313445497756,0.44870655816953947,-6.349441653528208,13.59836783288995,False
LOW_TOUCH|wait=2|tol=-|retrace=-,atr_pullback,atr,LOW_TOUCH,2,,,5.244457636694051,3.3926193297950435,1052.4445763669405,16.896994879875905,1.194679474600063,23.809523809523807,2.497360779378114,4.668652271034996,44.363497222432656,21,2,138,23,16.666666666666664,113,2,1.5217391304347827,2,0.7046307239849966,0.35723482454292715,-0.540127753339023,5,23.809523809523807,16.40625,-40.35102644737128,51.708882561148904,0.7623025578428135,128,False,2,3,12.362384740680788,0.44870655816953947,-5.920398453048267,13.584404116907285,False
LOW_TOUCH|wait=2|tol=-|retrace=-,adx_pullback,adx,LOW_TOUCH,2,,,18.509720984718548,11.722216669876474,1185.0972098471855,10.06927064952206,2.716129980325222,36.36363636363637,16.827019077016892,2.9560685033507075,24.71783377884494,11,12,138,23,16.666666666666664,113,2,1.5217391304347827,2,1.1579927998117585,0.7338757569583748,-0.540127753339023,3,27.27272727272727,15.277777777777779,-17.29566320602254,40.80885771074259,0.8606671668162691,72,False,3,4,35.812167837123596,1.2955958887934103,-3.465641219661461,9.775900512594625,False
LOW_TOUCH|wait=2|tol=-|retrace=-,atr_adx_pullback,atr_adx,LOW_TOUCH,2,,,19.216963907581043,12.156948687275948,1192.1696390758104,9.532581580030557,2.906210042835935,40.0,19.21696390758108,2.941176470588235,22.311504656904486,10,13,138,23,16.666666666666664,113,2,1.5217391304347827,2,1.1731025862679227,0.5908625578118154,-0.540127753339023,3,30.0,14.705882352941178,-0.8169453236379354,38.5718781060893,0.9934681362662444,68,False,3,3,36.62266839136758,1.2955958887934103,-2.8895429764695564,1.5336715991001375,False
LOW_TOUCH|wait=3|tol=-|retrace=-,pullback,baseline,LOW_TOUCH,3,,,20.73937381465216,13.089725289812272,1207.3937381465216,28.86651707903974,1.287623059729359,23.809523809523807,4.937946146345742,10.46909903201787,105.23062920918103,42,0,138,42,30.434782608695656,93,3,2.1904761904761907,2.0,0.8514854443975314,0.47251746331343086,-0.540127753339023,6,14.285714285714285,30.434782608695656,-53.786361983894245,62.371252606419006,0.6736592530646253,138,False,2,3,35.04065981255848,0.5908874134984079,-15.92388317137386,16.59105141770489,False
LOW_TOUCH|wait=3|tol=-|retrace=-,atr_pullback,atr,LOW_TOUCH,3,,,24.653491542670213,15.469347951937461,1246.5349154267021,28.17030850955594,1.3524777488445976,23.684210526315788,6.487760932281644,9.60536113179449,98.14395122486249,38,4,138,42,30.434782608695656,93,3,2.1904761904761907,2.0,0.8502539681172545,0.44557403637085546,-0.540127753339023,6,15.789473684210526,29.6875,-40.35102644737128,51.708882561148904,0.7623025578428135,128,False,2,3,37.06333966947011,0.5908874134984079,-15.422133288624048,9.532729287755147,False
LOW_TOUCH|wait=3|tol=-|retrace=-,adx_pullback,adx,LOW_TOUCH,3,,,26.267553588552072,16.443052239215206,1262.6755358855207,24.136035368119853,1.7159563815819832,30.0,13.133776794276036,5.107967237527922,51.665312115099766,20,22,138,42,30.434782608695656,93,3,2.1904761904761907,2.0,1.1691213110042344,0.540697081842439,-0.540127753339023,3,15.0,27.77777777777778,-17.29566320602254,40.80885771074259,0.8606671668162691,72,False,3,3,46.24234236499707,1.540878573011871,-10.99072192742716,9.085785510301776,False
LOW_TOUCH|wait=3|tol=-|retrace=-,atr_adx_pullback,atr_adx,LOW_TOUCH,3,,,27.02109374475731,16.89615390977808,1270.210937447573,23.683294009517663,1.7518767958129504,31.57894736842105,14.221628286714372,5.093075204765451,48.92885850365581,19,23,138,42,30.434782608695656,93,3,2.1904761904761907,2.0,1.1776595413070827,0.4478493586652561,-0.540127753339023,3,15.789473684210526,27.941176470588236,-0.8169453236379354,38.5718781060893,0.9934681362662444,68,False,3,2,47.11508816847263,1.540878573011871,-10.459531899614671,-2.949269616308243,False
LOW_TOUCH|wait=5|tol=-|retrace=-,pullback,baseline,LOW_TOUCH,5,,,18.259306420255985,11.568074608262634,1182.5930642025598,26.270727467610154,1.1971806178135869,22.033898305084744,3.094797698348474,14.817572598659718,140.54027545800275,59,0,138,59,42.7536231884058,76,3,2.8135593220338984,3,0.8418454020899117,0.5170128973253415,-0.540127753339023,7,11.864406779661017,42.7536231884058,-53.786361983894245,62.371252606419006,0.6736592530646253,138,False,3,3,46.694563757667694,1.464293069573387,-19.53666073486546,12.978273854213288,False
LOW_TOUCH|wait=5|tol=-|retrace=-,atr_pullback,atr,LOW_TOUCH,5,,,23.12561639686455,14.543594903321356,1231.2561639686455,24.919451269938282,1.2570959449730013,22.22222222222222,4.282521554974913,13.81980640357409,132.0837194817921,54,5,138,59,42.7536231884058,76,3,2.8135593220338984,3,0.852437776152343,0.5070992326434736,-0.540127753339023,7,12.962962962962962,42.1875,-40.35102644737128,51.708882561148904,0.7623025578428135,128,False,3,3,50.15103838668207,1.464293069573387,-18.371898550917866,6.5829640254613295,False
LOW_TOUCH|wait=5|tol=-|retrace=-,adx_pullback,adx,LOW_TOUCH,5,,,28.520788277403902,17.79514856980122,1285.207882774039,18.50832470971961,1.5935783068142129,28.57142857142857,10.185995813358558,8.242740134028296,71.17582888068033,28,31,138,59,42.7536231884058,76,3,2.8135593220338984,3,1.1402418869509021,0.6837102809889983,-0.540127753339023,4,14.285714285714285,38.88888888888889,-17.29566320602254,40.80885771074259,0.8606671668162691,72,False,2,3,33.917668402268795,0.8435449586595167,-13.047141868383289,8.30006972035162,False
LOW_TOUCH|wait=5|tol=-|retrace=-,atr_adx_pullback,atr_adx,LOW_TOUCH,5,,,29.287775299182684,18.253511499789777,1292.8777529918268,18.021998270484378,1.6193890340669637,29.629629629629626,10.847324184882487,8.227848101265822,68.33920059953441,27,32,138,59,42.7536231884058,76,3,2.8135593220338984,3,1.1451806629398202,0.633544805019622,-0.540127753339023,4,14.814814814814813,39.705882352941174,-0.8169453236379354,38.5718781060893,0.9934681362662444,68,False,2,2,34.716862953034465,0.8435449586595167,-12.528224154078826,-5.814572785801624,False
LOW_TOUCH|wait=8|tol=-|retrace=-,pullback,baseline,LOW_TOUCH,8,,,-16.90045401130525,-11.38205264347729,830.9954598869475,37.771442390418336,0.853438012699023,20.73170731707317,-2.0610309769884463,20.126582278481013,159.6026071660321,82,0,138,82,59.42028985507246,53,3,3.9878048780487805,3.0,0.8052674288570266,0.5277572290997131,-1.5056894785094146,11,13.414634146341465,59.42028985507246,-53.786361983894245,62.371252606419006,0.6736592530646253,138,True,3,3,3.944854991107505,1.4914868305386522,-27.12719631388612,5.387738275192628,False
LOW_TOUCH|wait=8|tol=-|retrace=-,atr_pullback,atr,LOW_TOUCH,8,,,-9.68193579746461,-6.4305879288040435,903.1806420253539,33.98714492249712,0.9120441705171742,21.333333333333336,-1.2909247729952844,18.711839166046165,150.88884454564592,75,7,138,82,59.42028985507246,53,3,3.9878048780487805,3.0,0.8285369279857229,0.5385015608740847,-1.5056894785094146,10,13.333333333333334,58.59375,-40.35102644737128,51.708882561148904,0.7623025578428135,128,True,3,3,11.065761164838484,1.4914868305386522,-26.17024217442746,2.128683303476553,False
LOW_TOUCH|wait=8|tol=-|retrace=-,adx_pullback,adx,LOW_TOUCH,8,,,7.4175006419564395,4.781067132564387,1074.1750064195644,29.505131893164137,1.1077171337528977,26.190476190476193,1.7660715814182053,11.980640357408786,98.41392233749107,42,40,138,82,59.42028985507246,53,3,3.9878048780487805,3.0,0.9909998200643987,0.6521430035686715,-1.5056894785094146,8,19.047619047619047,58.333333333333336,-17.29566320602254,40.80885771074259,0.8606671668162691,72,True,2,3,15.175832867447813,0.6052802323745008,-21.24986834448373,4.161836010653736,False
LOW_TOUCH|wait=8|tol=-|retrace=-,atr_adx_pullback,atr_adx,LOW_TOUCH,8,,,12.803351858094697,8.18095281615776,1128.033518580947,25.97056006961892,1.201541313202567,28.205128205128204,3.2829107328448,11.548771407297096,91.8021567114612,39,43,138,82,59.42028985507246,53,3,3.9878048780487805,3.0,1.0348891474663058,0.6707412021177209,-1.5056894785094146,7,17.94871794871795,57.35294117647059,-0.8169453236379354,38.5718781060893,0.9934681362662444,68,True,2,2,20.9506823641469,0.6052802323745008,-17.301382391886147,-9.952806495499509,False
CLOSE_NEAR_EMA|wait=2|tol=0.0025|retrace=-,pullback,baseline,CLOSE_NEAR_EMA,2,0.0025,,17.87550889672848,11.331608800685867,1178.7550889672848,13.808973026739475,1.9919785328236497,36.84210526315789,9.408162577225522,6.344005956813105,43.226428372511805,19,0,138,19,13.768115942028986,115,4,1.4736842105263157,1,0.39536089882854464,0.38954699608538884,-0.008750228699169312,1,5.263157894736842,13.768115942028986,-53.786361983894245,62.371252606419006,0.6736592530646253,138,False,4,3,40.88546582308259,2.3070143626186788,-2.687434716875737,5.576132392380988,False
CLOSE_NEAR_EMA|wait=2|tol=0.0025|retrace=-,atr_pullback,atr,CLOSE_NEAR_EMA,2,0.0025,,18.08742603211283,11.46220845360868,1180.8742603211283,13.271072526156297,2.0296491181947305,35.294117647058826,10.639662371831083,5.584512285927029,38.8299557108956,17,2,138,19,13.768115942028986,115,4,1.4736842105263157,1,0.41268406220889126,0.38954699608538884,-0.008750228699169312,1,5.88235294117647,13.28125,-40.35102644737128,51.708882561148904,0.7623025578428135,128,False,4,3,38.75463450347094,2.3070143626186788,-2.687434716875737,5.531709133865867,False
CLOSE_NEAR_EMA|wait=2|tol=0.0025|retrace=-,adx_pullback,adx,CLOSE_NEAR_EMA,2,0.0025,,5.984548394274088,3.8666024157409717,1059.8454839427409,10.930043513192663,2.4783795410491867,50.0,9.974247323790186,1.9806403574087865,12.292767181687696,6,13,138,19,13.768115942028986,115,4,1.4736842105263157,1,0.5162098008649189,0.4752862210167459,-0.008750228699169312,1,16.666666666666664,8.333333333333332,-17.29566320602254,40.80885771074259,0.8606671668162691,72,False,3,4,23.515049260682375,5.143117256929931,-3.0391400381509013,11.153116684238533,False
CLOSE_NEAR_EMA|wait=2|tol=0.0025|retrace=-,atr_adx_pullback,atr_adx,CLOSE_NEAR_EMA,2,0.0025,,5.984548394274088,3.8666024157409717,1059.8454839427409,10.930043513192663,2.4783795410491867,50.0,9.974247323790186,1.9806403574087865,12.292767181687696,6,13,138,19,13.768115942028986,115,4,1.4736842105263157,1,0.5162098008649189,0.4752862210167459,-0.008750228699169312,1,16.666666666666664,8.823529411764707,-0.8169453236379354,38.5718781060893,0.9934681362662444,68,False,3,3,23.515049260682375,5.143117256929931,-3.0391400381509013,3.4203856507909,False
CLOSE_NEAR_EMA|wait=3|tol=0.0025|retrace=-,pullback,baseline,CLOSE_NEAR_EMA,3,0.0025,,-5.4553984280945205,-3.595348157750433,945.4460157190548,22.001060650288633,0.8585234794757289,21.875,-1.7048120087795482,8.004467609828742,64.93309824700202,32,0,138,32,23.18840579710145,100,6,2.09375,2.0,0.5209874617445722,0.47251746331343086,-0.008750228699169312,1,3.125,23.18840579710145,-53.786361983894245,62.371252606419006,0.6736592530646253,138,False,2,3,47.44992823181944,0.9741256664965576,-3.8188692902618753,19.308299844450985,False
CLOSE_NEAR_EMA|wait=3|tol=0.0025|retrace=-,atr_pullback,atr,CLOSE_NEAR_EMA,3,0.0025,,-4.520949459640952,-2.9744924714540155,954.7905054035905,21.07295872927806,0.8791250576853913,20.689655172413794,-1.5589480895313703,7.043931496649293,59.08863166553075,29,3,138,32,23.18840579710145,100,6,2.09375,2.0,0.549470528413049,0.497854613947754,-0.008750228699169312,1,3.4482758620689653,22.65625,-40.35102644737128,51.708882561148904,0.7623025578428135,128,False,2,3,46.39193491792631,0.9222379269421734,-3.04255592655104,9.794500687555406,False
CLOSE_NEAR_EMA|wait=3|tol=0.0025|retrace=-,adx_pullback,adx,CLOSE_NEAR_EMA,3,0.0025,,-7.258507717538181,-4.799408207683554,927.4149228246182,18.3621200791614,0.5673191244142709,23.076923076923077,-5.583467475029378,2.449739389426657,25.196898514099068,13,19,138,32,23.18840579710145,100,6,2.09375,2.0,0.6748520168251843,0.5455231269744054,-0.008750228699169312,1,7.6923076923076925,18.055555555555554,-17.29566320602254,40.80885771074259,0.8606671668162691,72,False,4,3,12.25900628200507,1.7164179530089756,-11.1296406240064,9.08171757325248,False
CLOSE_NEAR_EMA|wait=3|tol=0.0025|retrace=-,atr_adx_pullback,atr_adx,CLOSE_NEAR_EMA,3,0.0025,,-7.258507717538181,-4.799408207683554,927.4149228246182,18.3621200791614,0.5673191244142709,23.076923076923077,-5.583467475029378,2.449739389426657,25.196898514099068,13,19,138,32,23.18840579710145,100,6,2.09375,2.0,0.6748520168251843,0.5455231269744054,-0.008750228699169312,1,7.6923076923076925,19.11764705882353,-0.8169453236379354,38.5718781060893,0.9934681362662444,68,False,4,2,12.25900628200507,1.7164179530089756,-11.1296406240064,-1.6984727331754579,False
CLOSE_NEAR_EMA|wait=5|tol=0.0025|retrace=-,pullback,baseline,CLOSE_NEAR_EMA,5,0.0025,,17.59885010230057,11.160987569554992,1175.9885010230057,22.820347590722836,1.2622443830196717,24.0,3.5197700204601094,13.492181682799703,116.07926667450562,50,0,138,50,36.231884057971016,80,8,2.96,3.0,0.5867566077739341,0.4975200909546798,-0.008750228699169312,1,2.0,36.231884057971016,-53.786361983894245,62.371252606419006,0.6736592530646253,138,False,3,4,95.05226986586646,1.335923534912606,-8.216927603520492,24.864603559576373,False
CLOSE_NEAR_EMA|wait=5|tol=0.0025|retrace=-,atr_pullback,atr,CLOSE_NEAR_EMA,5,0.0025,,19.765571865100355,12.4935534875942,1197.6557186510036,21.241487389850924,1.3057696499599762,23.91304347826087,4.296863448934855,12.397617274758005,106.88891554780446,46,4,138,50,36.231884057971016,80,8,2.96,3.0,0.6177473043915477,0.5048519862825965,-0.008750228699169312,1,2.1739130434782608,35.9375,-40.35102644737128,51.708882561148904,0.7623025578428135,128,False,3,4,95.29051734044722,1.335923534912606,-9.947027801080015,18.837262888514637,False
CLOSE_NEAR_EMA|wait=5|tol=0.0025|retrace=-,adx_pullback,adx,CLOSE_NEAR_EMA,5,0.0025,,15.307501975118818,9.742463131618951,1153.0750197511882,11.320900649171682,1.526806129508592,28.57142857142857,7.289286654818478,6.113179448994788,47.31765462136078,21,29,138,50,36.231884057971016,80,8,2.96,3.0,0.6788024114332354,0.6068217983141987,-0.008750228699169312,1,4.761904761904762,29.166666666666668,-17.29566320602254,40.80885771074259,0.8606671668162691,72,False,3,4,32.0844049284593,1.0570731718288404,-2.0585579809343018,8.987170497081522,False
CLOSE_NEAR_EMA|wait=5|tol=0.0025|retrace=-,atr_adx_pullback,atr_adx,CLOSE_NEAR_EMA,5,0.0025,,15.307501975118818,9.742463131618951,1153.0750197511882,11.320900649171682,1.526806129508592,28.57142857142857,7.289286654818478,6.113179448994788,47.31765462136078,21,29,138,50,36.231884057971016,80,8,2.96,3.0,0.6788024114332354,0.6068217983141987,-0.008750228699169312,1,4.761904761904762,30.88235294117647,-0.8169453236379354,38.5718781060893,0.9934681362662444,68,False,3,3,32.0844049284593,1.0570731718288404,-2.0585579809343018,1.2544394636338883,False
CLOSE_NEAR_EMA|wait=8|tol=0.0025|retrace=-,pullback,baseline,CLOSE_NEAR_EMA,8,0.0025,,-13.818846646934832,-9.250691235010876,861.8115335306517,29.950182657545003,0.8512456668449839,22.058823529411764,-2.0321833304315913,18.145941921072225,129.0339531602108,68,0,138,68,49.275362318840585,60,10,4.0,4.0,0.6001192230566365,0.4975200909546798,-0.38573721544329814,4,5.88235294117647,49.275362318840585,-53.786361983894245,62.371252606419006,0.6736592530646253,138,False,3,4,40.89715107855094,1.3741541751150714,-20.10209397844577,21.664334813979412,False
CLOSE_NEAR_EMA|wait=8|tol=0.0025|retrace=-,atr_pullback,atr,CLOSE_NEAR_EMA,8,0.0025,,-4.407214978321463,-2.899070700787565,955.9278502167854,27.40285298794643,0.9488302570839328,23.333333333333332,-0.7345358297202476,16.17274758004468,119.16978137390774,60,8,138,68,49.275362318840585,60,10,4.0,4.0,0.6535116708787636,0.522741225035521,-0.04348324597021308,2,3.3333333333333335,46.875,-40.35102644737128,51.708882561148904,0.7623025578428135,128,False,3,4,53.64422969802145,1.3741541751150714,-18.75747666394417,14.777382598933489,False
CLOSE_NEAR_EMA|wait=8|tol=0.0025|retrace=-,adx_pullback,adx,CLOSE_NEAR_EMA,8,0.0025,,2.0178297597137997,1.3124728587433854,1020.178297597138,20.098519502521548,1.0424609706768788,27.586206896551722,0.6958033654185556,8.905435591958302,61.60494402689058,29,39,138,68,49.275362318840585,60,10,4.0,4.0,0.6439610510166758,0.5455231269744054,-0.07703136233739516,3,10.344827586206897,40.27777777777778,-17.29566320602254,40.80885771074259,0.8606671668162691,72,False,2,4,3.1758522188272797,0.7792479739827526,-6.817060932789581,4.248578228923997,False
CLOSE_NEAR_EMA|wait=8|tol=0.0025|retrace=-,atr_adx_pullback,atr_adx,CLOSE_NEAR_EMA,8,0.0025,,6.497388941940745,4.194371497715821,1064.9738894194074,18.76498512066406,1.1506749533209293,29.629629629629626,2.4064403488669464,8.488458674609085,57.855384525248205,27,41,138,68,49.275362318840585,60,10,4.0,4.0,0.6822388786375887,0.6068217983141987,-0.04348324597021308,2,7.4074074074074066,39.705882352941174,-0.8169453236379354,38.5718781060893,0.9934681362662444,68,False,2,2,7.70625967093177,0.7792479739827526,-4.401627160147177,-3.484152804523637,False
CLOSE_NEAR_EMA|wait=2|tol=0.0050|retrace=-,pullback,baseline,CLOSE_NEAR_EMA,2,0.005,,-6.261558520431754,-4.132681910194103,937.3844147956825,20.155013891728142,0.8755565924120563,25.581395348837212,-1.4561764001004105,12.345495160089353,85.56067932561594,43,0,138,43,31.15942028985507,92,3,1.255813953488372,1,0.2661849147058359,0.2200095350491254,-0.1842391576890919,9,20.930232558139537,31.15942028985507,-53.786361983894245,62.371252606419006,0.6736592530646253,138,False,1,3,37.161588674524324,0.9259728107866395,-3.209006118544516,13.91015521464874,False
CLOSE_NEAR_EMA|wait=2|tol=0.0050|retrace=-,atr_pullback,atr,CLOSE_NEAR_EMA,2,0.005,,-2.1327826493164364,-1.3972822114702521,978.6721735068356,18.25222639414463,0.9539783972156867,29.72972972972973,-0.5764277430584933,11.012658227848101,74.43503804292804,37,6,138,43,31.15942028985507,92,3,1.255813953488372,1,0.27526270426957306,0.22416799187630468,-0.1842391576890919,7,18.91891891891892,28.90625,-40.35102644737128,51.708882561148904,0.7623025578428135,128,False,2,3,42.43138985414645,0.9504503266463027,-3.209006118544516,3.5955841836266274,False
CLOSE_NEAR_EMA|wait=2|tol=0.0050|retrace=-,adx_pullback,adx,CLOSE_NEAR_EMA,2,0.005,,-4.8278807462876445,-3.178186473146394,951.7211925371236,18.178366876764912,0.7618465940783244,26.666666666666668,-3.218587164191755,3.894266567386448,29.082955633977914,15,28,138,43,31.15942028985507,92,3,1.255813953488372,1,0.406202112509978,0.38954699608538884,-0.12060606923927784,3,20.0,20.833333333333336,-17.29566320602254,40.80885771074259,0.8606671668162691,72,False,4,3,7.12105167297199,2.699341544095772,-10.929608320995817,3.392576734177829,False
CLOSE_NEAR_EMA|wait=2|tol=0.0050|retrace=-,atr_adx_pullback,atr_adx,CLOSE_NEAR_EMA,2,0.005,,-4.259912083154143,-2.8014347081220636,957.4008791684586,18.178366876764912,0.7838308924067778,28.57142857142857,-3.042794345110102,3.8793745346239765,27.185674248626825,14,29,138,43,31.15942028985507,92,3,1.255813953488372,1,0.3632954823142538,0.35261695157187234,-0.12060606923927784,3,21.428571428571427,20.588235294117645,-0.8169453236379354,38.5718781060893,0.9934681362662444,68,False,4,1,7.76032923649832,2.699341544095772,-10.929608320995817,-1.9221747612140683,False
CLOSE_NEAR_EMA|wait=3|tol=0.0050|retrace=-,pullback,baseline,CLOSE_NEAR_EMA,3,0.005,,-3.0111683578873336,-1.9758210484097316,969.8883164211267,31.414862553078756,0.9610750742794627,22.641509433962266,-0.5681449731862873,14.810126582278482,114.40292742330611,53,0,138,53,38.405797101449274,80,5,1.5849056603773586,1,0.3378310146761481,0.25048575508579296,-0.27429206667592837,10,18.867924528301888,38.405797101449274,-53.786361983894245,62.371252606419006,0.6736592530646253,138,False,2,4,38.7257473979197,0.8190742678529316,-10.513472867262271,9.035178642550818,False
CLOSE_NEAR_EMA|wait=3|tol=0.0050|retrace=-,atr_pullback,atr,CLOSE_NEAR_EMA,3,0.005,,5.029859176758646,3.254965807962873,1050.2985917675865,25.728692616387683,1.072200089871403,26.08695652173913,1.0934476471214447,13.231571109456441,101.30089970837433,46,7,138,53,38.405797101449274,80,5,1.5849056603773586,1,0.36778488195945735,0.2717276502831283,-0.1842391576890919,7,15.217391304347828,35.9375,-40.35102644737128,51.708882561148904,0.7623025578428135,128,False,2,3,49.417622786931716,0.8190742678529316,-3.4609849028077977,8.922803077389926,False
CLOSE_NEAR_EMA|wait=3|tol=0.0050|retrace=-,adx_pullback,adx,CLOSE_NEAR_EMA,3,0.005,,5.279751683487689,3.4152492492939723,1052.797516834877,19.150214068299473,1.140664152465103,22.727272727272727,2.399887128858035,5.852568875651527,48.164246964398515,22,31,138,53,38.405797101449274,80,5,1.5849056603773586,1,0.5320530420939568,0.4752862210167459,-0.12060606923927784,3,13.636363636363635,30.555555555555557,-17.29566320602254,40.80885771074259,0.8606671668162691,72,False,3,4,12.926131213539204,1.090867821150631,-1.075257029634156,7.572560737121762,False
CLOSE_NEAR_EMA|wait=3|tol=0.0050|retrace=-,atr_adx_pullback,atr_adx,CLOSE_NEAR_EMA,3,0.005,,5.9080407274595474,3.817657304523081,1059.0804072745955,18.9626694581366,1.1600720293127758,23.809523809523807,2.813352727361684,5.837676842889055,46.01607335005955,21,32,138,53,38.405797101449274,80,5,1.5849056603773586,1,0.5094415233722348,0.4478493586652561,-0.12060606923927784,3,14.285714285714285,30.88235294117647,-0.8169453236379354,38.5718781060893,0.9934681362662444,68,False,4,2,13.600052360626535,1.090867821150631,-1.075257029634156,-1.9221747612140683,False
CLOSE_NEAR_EMA|wait=5|tol=0.0050|retrace=-,pullback,baseline,CLOSE_NEAR_EMA,5,0.005,,-11.941954043010663,-7.965530690964318,880.5804595698934,31.1819307725495,0.8712659231537758,24.637681159420293,-1.7307179772479335,18.68205510052122,135.98302690840438,69,0,138,69,50.0,63,6,2.2028985507246377,2,0.4206783544925255,0.27372374768317004,-0.27429206667592837,11,15.942028985507244,50.0,-53.786361983894245,62.371252606419006,0.6736592530646253,138,True,3,4,34.5002885089845,1.0500391032742629,-14.25156092293663,15.332597194705615,False
CLOSE_NEAR_EMA|wait=5|tol=0.0050|retrace=-,atr_pullback,atr,CLOSE_NEAR_EMA,5,0.005,,-4.641348806316295,-3.0543679804591717,953.586511936837,25.47644922204454,0.9459071892652212,27.419354838709676,-0.7486046461800532,17.103499627699183,124.12045777023938,62,7,138,69,50.0,63,6,2.2028985507246377,2,0.4522559234239266,0.30320438035361885,-0.1842391576890919,8,12.903225806451612,48.4375,-40.35102644737128,51.708882561148904,0.7623025578428135,128,False,3,4,44.866499190836564,1.0500391032742629,-14.25156092293663,15.325218156198273,False
CLOSE_NEAR_EMA|wait=5|tol=0.0050|retrace=-,adx_pullback,adx,CLOSE_NEAR_EMA,5,0.005,,-6.75543147966589,-4.462658191382751,932.4456852033411,25.086912394748484,0.8579456339001115,23.333333333333332,-2.2518104932219596,7.513030528667162,60.46657594339562,30,39,138,69,50.0,63,6,2.2028985507246377,2,0.5733909453451334,0.5161360704845426,-0.12060606923927784,3,10.0,41.66666666666667,-17.29566320602254,40.80885771074259,0.8606671668162691,72,False,1,4,-0.8460116563517084,0.7837864258467645,-6.706897125985313,6.007880840645725,False
CLOSE_NEAR_EMA|wait=5|tol=0.0050|retrace=-,atr_adx_pullback,atr_adx,CLOSE_NEAR_EMA,5,0.005,,-6.19896606372015,-4.090904545783602,938.0103393627985,24.639845684959962,0.8681098630506933,24.137931034482758,-2.137574504731086,7.498138495904691,58.52942868832127,29,40,138,69,50.0,63,6,2.2028985507246377,2,0.5584425319001339,0.5027230833682357,-0.12060606923927784,3,10.344827586206897,42.64705882352941,-0.8169453236379354,38.5718781060893,0.9934681362662444,68,False,1,2,-0.2542799743686097,0.7837864258467645,-6.706897125985313,-1.7206828522561413,False
CLOSE_NEAR_EMA|wait=8|tol=0.0050|retrace=-,pullback,baseline,CLOSE_NEAR_EMA,8,0.005,,-2.2322885561655768,-1.4627298149469503,977.6771144383442,34.917756716393264,0.9827813096749816,25.0,-0.26574863763875645,23.961280714817573,182.95153478055568,84,0,138,84,60.86956521739131,47,7,3.0476190476190474,2.0,0.5017120274127441,0.35338297754701253,-0.27429206667592837,12,14.285714285714285,60.86956521739131,-53.786361983894245,62.371252606419006,0.6736592530646253,138,True,3,4,35.476894512039436,1.0391895670190512,-20.063428613318944,12.451505975759805,True
CLOSE_NEAR_EMA|wait=8|tol=0.0050|retrace=-,atr_pullback,atr,CLOSE_NEAR_EMA,8,0.005,,9.723348130364617,6.2437442760211015,1097.2334813036462,30.18586814670206,1.0792450424754532,27.631578947368425,1.2793879118900795,22.308265078183172,173.57548487943757,76,8,138,84,60.86956521739131,47,7,3.0476190476190474,2.0,0.5309158172020415,0.3819695675332001,-0.1842391576890919,9,11.842105263157894,59.375,-40.35102644737128,51.708882561148904,0.7623025578428135,128,True,3,4,51.224629352892514,1.1541691769180462,-13.763578505289843,11.191284071089353,False
CLOSE_NEAR_EMA|wait=8|tol=0.0050|retrace=-,adx_pullback,adx,CLOSE_NEAR_EMA,8,0.005,,21.45489662639577,13.526712059140046,1214.5489662639577,25.94139768085671,1.3012729972295436,26.31578947368421,5.646025427998893,11.518987341772153,97.84443031893969,38,46,138,84,60.86956521739131,47,7,3.0476190476190474,2.0,0.6443918990445592,0.5293820839890393,-0.12060606923927784,4,10.526315789473683,52.77777777777778,-17.29566320602254,40.80885771074259,0.8606671668162691,72,True,2,4,17.170230600088686,0.8722312097190433,-9.511792828870739,4.686548323220949,False
CLOSE_NEAR_EMA|wait=8|tol=0.0050|retrace=-,atr_adx_pullback,atr_adx,CLOSE_NEAR_EMA,8,0.005,,22.17971578361146,13.9684657052213,1221.7971578361146,25.499430372756706,1.3146405673402102,27.027027027027028,5.994517779354449,11.50409530900968,95.23949796585096,37,47,138,84,60.86956521739131,47,7,3.0476190476190474,2.0,0.6345945196876521,0.5292151103772291,-0.12060606923927784,4,10.81081081081081,54.41176470588235,-0.8169453236379354,38.5718781060893,0.9934681362662444,68,True,2,2,17.869479705339298,0.8722312097190433,-9.511792828870739,-1.952403249960219,False
CLOSE_NEAR_EMA|wait=2|tol=0.0075|retrace=-,pullback,baseline,CLOSE_NEAR_EMA,2,0.0075,,40.86314283833951,25.060655184523604,1408.6314283833951,20.44717250078402,1.396484911867979,30.0,6.810523806389921,21.913626209977664,159.7360214083093,60,0,138,60,43.47826086956522,75,3,1.2,1.0,0.24156518127674326,0.16234302477017193,-0.36051373206819665,20,33.33333333333333,43.47826086956522,-53.786361983894245,62.371252606419006,0.6736592530646253,138,False,2,4,79.61757634366562,0.6247869776228183,-11.45973429735674,21.05520029172201,False
CLOSE_NEAR_EMA|wait=2|tol=0.0075|retrace=-,atr_pullback,atr,CLOSE_NEAR_EMA,2,0.0075,,52.53337456703237,31.729505559834003,1525.3337456703237,20.44717250078402,1.5713870796276417,33.9622641509434,9.911957465477798,20.327624720774388,140.44779407954638,53,7,138,60,43.47826086956522,75,3,1.2,1.0,0.2547459275655486,0.17121828820187868,-0.36051373206819665,17,32.075471698113205,41.40625,-40.35102644737128,51.708882561148904,0.7623025578428135,128,False,2,3,93.8830864731847,0.6811243897743688,-7.23551652247279,20.467861199828334,False
CLOSE_NEAR_EMA|wait=2|tol=0.0075|retrace=-,adx_pullback,adx,CLOSE_NEAR_EMA,2,0.0075,,42.48692043420036,25.999731069455855,1424.8692043420035,18.283356150689187,1.920039733195911,33.33333333333333,17.702883514250143,9.821295606850335,66.07929893074375,24,36,138,60,43.47826086956522,75,3,1.2,1.0,0.37041644638689714,0.2908496010680892,-0.2708508654463853,7,29.166666666666668,33.33333333333333,-17.29566320602254,40.80885771074259,0.8606671668162691,72,False,3,4,48.767237434210784,1.941133616426965,-2.077886698709426,5.825872504970812,False
CLOSE_NEAR_EMA|wait=2|tol=0.0075|retrace=-,atr_adx_pullback,atr_adx,CLOSE_NEAR_EMA,2,0.0075,,43.33725461134822,26.490019562759514,1433.3725461134823,18.283356150689187,1.9559869847300235,34.78260869565217,18.84228461362966,9.806403574087863,63.11924124639316,23,37,138,60,43.47826086956522,75,3,1.2,1.0,0.3427434686102354,0.29072185364888187,-0.2708508654463853,7,30.434782608695656,33.82352941176471,-0.8169453236379354,38.5718781060893,0.9934681362662444,68,False,3,3,49.655051319476144,1.941133616426965,-1.4935066069445497,0.0948331878053077,False
CLOSE_NEAR_EMA|wait=3|tol=0.0075|retrace=-,pullback,baseline,CLOSE_NEAR_EMA,3,0.0075,,20.82012382237924,13.139086172098956,1208.2012382237924,27.307535000711475,1.1784772029384565,30.136986301369863,2.852071756490307,25.346239761727475,177.83338553728692,73,0,138,73,52.89855072463768,60,5,1.5205479452054795,1,0.29818463318021915,0.19231194323482054,-0.36051373206819665,23,31.506849315068493,52.89855072463768,-53.786361983894245,62.371252606419006,0.6736592530646253,138,True,2,4,41.432003123498994,0.6150162630835543,-12.689644984049359,19.82528960502939,False
CLOSE_NEAR_EMA|wait=3|tol=0.0075|retrace=-,atr_pullback,atr,CLOSE_NEAR_EMA,3,0.0075,,34.23732204519233,21.18906962838809,1342.3732204519233,21.39825158667564,1.3192893206049183,33.84615384615385,5.2672803146449745,23.66344005956813,163.67501836931876,65,8,138,73,52.89855072463768,60,5,1.5205479452054795,1,0.29200225600724466,0.20297889019541543,-0.36051373206819665,20,30.76923076923077,50.78125,-40.35102644737128,51.708882561148904,0.7623025578428135,128,True,2,3,56.6409411014537,0.6962429015792595,-12.402990588075863,19.14109244899173,False
CLOSE_NEAR_EMA|wait=3|tol=0.0075|retrace=-,adx_pullback,adx,CLOSE_NEAR_EMA,3,0.0075,,30.20524949555688,18.80056925699918,1302.0524949555688,23.37743284838636,1.5347793345361782,34.375,9.439140467361526,12.122114668652271,82.72201894239222,32,41,138,73,52.89855072463768,60,5,1.5205479452054795,1,0.3984209506335232,0.2908496010680892,-0.28133376073330923,9,28.125,44.44444444444444,-17.29566320602254,40.80885771074259,0.8606671668162691,72,False,3,4,24.77408676150037,1.4469725877878945,-6.089565760545554,5.762058175064999,False
CLOSE_NEAR_EMA|wait=3|tol=0.0075|retrace=-,atr_adx_pullback,atr_adx,CLOSE_NEAR_EMA,3,0.0075,,30.982289053663226,19.262844466717823,1309.8228905366323,23.37743284838636,1.5561443639033266,35.483870967741936,9.994286791504274,12.107222635889798,80.03729777638456,31,42,138,73,52.89855072463768,60,5,1.5205479452054795,1,0.37879275758137493,0.29072185364888187,-0.28133376073330923,9,29.03225806451613,45.588235294117645,-0.8169453236379354,38.5718781060893,0.9934681362662444,68,False,3,3,25.51871419868821,1.4469725877878945,-6.089565760545554,0.10035746371804599,False
CLOSE_NEAR_EMA|wait=5|tol=0.0075|retrace=-,pullback,baseline,CLOSE_NEAR_EMA,5,0.0075,,7.54468191978217,4.862024847678859,1075.4468191978217,32.08336546473785,1.0560439868814862,29.411764705882355,0.8876096376214344,28.071481757259864,194.99094760666705,85,0,138,85,61.59420289855072,47,6,1.9294117647058824,1,0.33301714603301513,0.22416799187630468,-0.6572215663124642,26,30.58823529411765,61.59420289855072,-53.786361983894245,62.371252606419006,0.6736592530646253,138,True,2,4,38.5343256440946,0.7587456954296217,-18.425857854450943,14.089076734627806,False
CLOSE_NEAR_EMA|wait=5|tol=0.0075|retrace=-,atr_pullback,atr,CLOSE_NEAR_EMA,5,0.0075,,19.48762875245052,12.323085333289807,1194.8762875245052,26.456607128321448,1.1535685223343772,32.467532467532465,2.5308608769416256,26.38868205510052,183.0057780141387,77,8,138,85,61.59420289855072,47,6,1.9294117647058824,1,0.3314172185859895,0.2324397465267875,-0.6572215663124642,23,29.87012987012987,60.15625,-40.35102644737128,51.708882561148904,0.7623025578428135,128,True,2,3,53.43166090066293,0.7587456954296217,-12.246387532671541,12.953140700185019,False
CLOSE_NEAR_EMA|wait=5|tol=0.0075|retrace=-,adx_pullback,adx,CLOSE_NEAR_EMA,5,0.0075,,18.3330562938746,11.61348292541151,1183.330562938746,25.57963694475511,1.277537079331329,31.57894736842105,4.8244884983880665,13.492181682799703,91.64983262484078,38,47,138,85,61.59420289855072,47,6,1.9294117647058824,1,0.3921566139349681,0.30333212777282614,-0.6572215663124642,11,28.947368421052634,52.77777777777778,-17.29566320602254,40.80885771074259,0.8606671668162691,72,True,3,4,15.532794796833338,1.0224769326093655,-7.388056372458811,4.049633619612108,False
CLOSE_NEAR_EMA|wait=5|tol=0.0075|retrace=-,atr_adx_pullback,atr_adx,CLOSE_NEAR_EMA,5,0.0075,,19.03924491628586,12.04779183949729,1190.3924491628586,25.57963694475511,1.2912655973655351,32.432432432432435,5.145741869266464,13.47728965003723,89.20515003171158,37,48,138,85,61.59420289855072,47,6,1.9294117647058824,1,0.37554206471023427,0.2909773484872965,-0.6572215663124642,11,29.72972972972973,54.41176470588235,-0.8169453236379354,38.5718781060893,0.9934681362662444,68,True,3,2,16.222272004269467,1.0224769326093655,-7.388056372458811,-3.683097413835526,False
CLOSE_NEAR_EMA|wait=8|tol=0.0075|retrace=-,pullback,baseline,CLOSE_NEAR_EMA,8,0.0075,,15.696369243647403,9.983887467549412,1156.963692436474,35.95377516317691,1.0889637401906285,29.7029702970297,1.554095964717558,33.730454206999255,251.80676898886122,101,0,138,101,73.18840579710145,31,6,2.732673267326733,2,0.3687541458007872,0.23771131672233003,-0.6572215663124642,31,30.693069306930692,73.18840579710145,-53.786361983894245,62.371252606419006,0.6736592530646253,138,True,3,4,36.37492866509309,1.040748322194093,-23.487554915902706,9.027379673176043,False
CLOSE_NEAR_EMA|wait=8|tol=0.0075|retrace=-,atr_pullback,atr,CLOSE_NEAR_EMA,8,0.0075,,28.544569284262096,17.809374702132175,1285.445692842621,32.475844419089675,1.1687223082745606,32.25806451612903,3.06930852518948,32.04765450483991,240.05008831166532,93,8,138,101,73.18840579710145,31,6,2.732673267326733,2,0.3705036252063915,0.251944639364577,-0.6572215663124642,28,30.107526881720432,72.65625,-40.35102644737128,51.708882561148904,0.7623025578428135,128,True,3,3,51.04005244195318,1.1132243655598826,-17.462038271521237,7.492824304857958,False
CLOSE_NEAR_EMA|wait=8|tol=0.0075|retrace=-,adx_pullback,adx,CLOSE_NEAR_EMA,8,0.0075,,39.79648427446359,24.441730336100086,1397.964842744636,29.439614108129923,1.3933906085852903,33.33333333333333,7.803232210679145,18.734177215189874,146.1516553415078,51,50,138,101,73.18840579710145,31,6,2.732673267326733,2,0.4527543432667729,0.386635070682406,-0.6572215663124642,15,29.411764705882355,70.83333333333334,-17.29566320602254,40.80885771074259,0.8606671668162691,72,True,3,3,24.89406406706445,1.3256106734237345,-12.751463680703171,0.8351188651307195,False
CLOSE_NEAR_EMA|wait=8|tol=0.0075|retrace=-,atr_adx_pullback,atr_adx,CLOSE_NEAR_EMA,8,0.0075,,40.630762452849716,24.925956357479095,1406.3076245284972,29.018523474029884,1.4048932051089615,34.0,8.126152490569952,18.7192851824274,143.1374049579143,50,51,138,101,73.18840579710145,31,6,2.732673267326733,2,0.44167153142710597,0.35116098887038094,-0.6572215663124642,15,30.0,73.52941176470588,-0.8169453236379354,38.5718781060893,0.9934681362662444,68,True,3,2,25.639407505434008,1.3256106734237345,-12.751463680703171,-5.038541649813543,False
PERCENT_RETRACE|wait=2|tol=-|retrace=0.0025,pullback,baseline,PERCENT_RETRACE,2,,0.0025,-1.451792655604629,-0.9499960374973138,985.4820734439537,28.97417265471869,0.9812613190640491,32.6530612244898,-0.29628421542952077,17.54281459419211,99.39625030015617,49,0,138,49,35.507246376811594,87,2,1.3265306122448979,1,0.5928327560750589,0.4069589070762115,0.25048575508579296,0,0.0,35.507246376811594,-53.786361983894245,62.371252606419006,0.6736592530646253,138,False,1,3,-13.091272959733157,0.4651394604288741,-14.360438380859467,18.154496208219282,False
PERCENT_RETRACE|wait=2|tol=-|retrace=0.0025,atr_pullback,atr,PERCENT_RETRACE,2,,0.0025,3.267196845466901,2.1205892893559453,1032.671968454669,26.014625021173245,1.043096403432759,34.04255319148936,0.6951482649929577,17.416232315711095,98.91802262022023,47,2,138,49,35.507246376811594,87,2,1.3265306122448979,1,0.5902618112198663,0.4069589070762115,0.25048575508579296,0,0.0,36.71875,-40.35102644737128,51.708882561148904,0.7623025578428135,128,False,1,3,-9.420328268760535,0.5480836612554448,-13.84935816424164,11.105504412137556,False
PERCENT_RETRACE|wait=2|tol=-|retrace=0.0025,adx_pullback,adx,PERCENT_RETRACE,2,,0.0025,-11.664733685881753,-7.776520170797719,883.3526631411825,24.609045391385123,0.7828188667626548,31.03448275862069,-4.02232196064888,9.113924050632912,56.416204990445706,29,20,138,49,35.507246376811594,87,2,1.3265306122448979,1,0.6672071200444482,0.4478493586652561,0.2551982601577725,0,0.0,40.27777777777778,-17.29566320602254,40.80885771074259,0.8606671668162691,72,False,2,2,-14.59819966708552,0.6066464531854184,-8.780915612126467,-0.7974102837143615,False
PERCENT_RETRACE|wait=2|tol=-|retrace=0.0025,atr_adx_pullback,atr_adx,PERCENT_RETRACE,2,,0.0025,-7.434791756507672,-4.917559518336589,925.6520824349233,24.15912686443438,0.8546537118575966,33.33333333333333,-2.753626576484319,8.987341772151899,54.549466437998795,27,22,138,49,35.507246376811594,87,2,1.3265306122448979,1,0.6682409837386971,0.4478493586652561,0.2551982601577725,0,0.0,39.705882352941174,-0.8169453236379354,38.5718781060893,0.9934681362662444,68,False,2,1,-10.508727011989238,0.6085263226295066,-8.156315856746085,-9.819390520717512,False
PERCENT_RETRACE|wait=3|tol=-|retrace=0.0025,pullback,baseline,PERCENT_RETRACE,3,,0.0025,-13.40171254964265,-8.96423461118494,865.9828745035735,36.84828265771867,0.87820854983885,28.35820895522388,-2.000255604424278,22.12211466865227,130.83268907864868,67,0,138,67,48.55072463768116,68,3,1.7761194029850746,2,0.6131612348866919,0.4432987140764549,0.25048575508579296,0,0.0,48.55072463768116,-53.786361983894245,62.371252606419006,0.6736592530646253,138,False,1,3,-25.25979185138847,0.47301176091018726,-22.888113579114442,12.979256788908994,False
PERCENT_RETRACE|wait=3|tol=-|retrace=0.0025,atr_pullback,atr,PERCENT_RETRACE,3,,0.0025,-1.1393021840470283,-0.7451062915624473,988.6069781595297,34.01748775347018,0.989666298307135,29.6875,-0.17801596625734462,21.846612062546537,140.09149506361922,64,3,138,67,48.55072463768116,68,3,1.7761194029850746,2,0.5980462786011926,0.4372327835248996,0.25048575508579296,0,0.0,50.0,-40.35102644737128,51.708882561148904,0.7623025578428135,128,True,1,3,-15.136221433085185,0.4783568193619978,-19.055482403995484,5.899380172383712,False
PERCENT_RETRACE|wait=3|tol=-|retrace=0.0025,adx_pullback,adx,PERCENT_RETRACE,3,,0.0025,-10.461914688182185,-6.958804453004996,895.3808531181782,29.56599489678836,0.862260842676646,30.76923076923077,-2.682542227739019,12.844378257632167,76.45294204084209,39,28,138,67,48.55072463768116,68,3,1.7761194029850746,2,0.6754398963578045,0.48199715412740346,0.2551982601577725,0,0.0,54.166666666666664,-17.29566320602254,40.80885771074259,0.8606671668162691,72,True,1,1,-13.757443829054283,0.6772750025476064,-18.893703195033336,-8.137969985328642,False
PERCENT_RETRACE|wait=3|tol=-|retrace=0.0025,atr_adx_pullback,atr_adx,PERCENT_RETRACE,3,,0.0025,2.216774207053129,1.441383340723501,1022.1677420705313,29.145658478609388,1.030912046101511,33.33333333333333,0.6157706130703073,12.568875651526435,79.19114112558714,36,31,138,67,48.55072463768116,68,3,1.7761194029850746,2,0.6537587514172876,0.47501473775396796,0.2551982601577725,0,0.0,52.94117647058824,-0.8169453236379354,38.5718781060893,0.9934681362662444,68,True,1,1,-1.5454053940872847,0.6772750025476064,-11.830084684854933,-12.79769934522833,False
PERCENT_RETRACE|wait=5|tol=-|retrace=0.0025,pullback,baseline,PERCENT_RETRACE,5,,0.0025,-21.698666146186202,-14.756226937419992,783.013338538138,42.006107308465225,0.8274172129538994,27.500000000000004,-2.7123332682732793,24.653760238272522,150.94232633350504,80,0,138,80,57.971014492753625,55,3,2.2125,2.0,0.6159847127694962,0.4571207106924269,0.25048575508579296,0,0.0,57.971014492753625,-53.786361983894245,62.371252606419006,0.6736592530646253,138,True,2,3,-20.240336343082287,0.8696621374548343,-26.034349386174643,7.2093280868609355,False
PERCENT_RETRACE|wait=5|tol=-|retrace=0.0025,atr_pullback,atr,PERCENT_RETRACE,5,,0.0025,-10.611113306998618,-7.060026369898631,893.8888669300138,41.660011057165946,0.9171733466772707,28.57142857142857,-1.3780666632465752,24.378257632166793,162.83717724652902,77,3,138,80,57.971014492753625,55,3,2.2125,2.0,0.6035316378523073,0.4478493586652561,0.25048575508579296,0,0.0,60.15625,-40.35102644737128,51.708882561148904,0.7623025578428135,128,True,2,3,-9.436880056668562,0.8696621374548343,-24.859844916249504,0.0950176601296917,True
PERCENT_RETRACE|wait=5|tol=-|retrace=0.0025,adx_pullback,adx,PERCENT_RETRACE,5,,0.0025,-20.185211532858567,-13.68438217296173,798.1478846714143,37.43336055850748,0.7634710353881131,29.545454545454547,-4.587548075649675,14.04318689501117,83.35707951601252,44,36,138,80,57.971014492753625,55,3,2.2125,2.0,0.6658611036046409,0.4844619542696297,0.2551982601577725,0,0.0,61.111111111111114,-17.29566320602254,40.80885771074259,0.8606671668162691,72,False,2,2,-15.926012442113457,0.5482976832365487,-18.610254222458092,-9.335059248867127,False
PERCENT_RETRACE|wait=5|tol=-|retrace=0.0025,atr_adx_pullback,atr_adx,PERCENT_RETRACE,5,,0.0025,-8.883351897489195,-5.891410521897933,911.166481025108,37.05997504561788,0.8922287515620337,31.70731707317073,-2.1666711945095596,13.767684288905436,87.16485604655848,41,39,138,80,57.971014492753625,55,3,2.2125,2.0,0.6461231134554187,0.48199715412740346,0.2551982601577725,0,0.0,60.29411764705882,-0.8169453236379354,38.5718781060893,0.9934681362662444,68,False,2,1,-4.021045648193855,0.5482976832365487,-17.1541637594554,-12.476033334259215,False
PERCENT_RETRACE|wait=8|tol=-|retrace=0.0025,pullback,baseline,PERCENT_RETRACE,8,,0.0025,-33.79841345036086,-23.602347125865276,662.0158654963914,44.85122043786539,0.7345235315114,25.806451612903224,-3.634238005415143,27.617274758004466,156.3355744741337,93,0,138,93,67.3913043478261,42,3,2.870967741935484,2,0.5959163606592718,0.4478493586652561,0.250125364766163,0,0.0,67.3913043478261,-53.786361983894245,62.371252606419006,0.6736592530646253,138,True,2,3,-21.894909111315243,0.8533394559382068,-34.237899921558586,4.243539744780868,True
PERCENT_RETRACE|wait=8|tol=-|retrace=0.0025,atr_pullback,atr,PERCENT_RETRACE,8,,0.0025,-21.36360606952244,-14.518318132002205,786.3639393047756,42.27541600397211,0.8319979998471342,27.27272727272727,-2.4276825079002795,26.93224125093075,166.36012308793855,88,5,138,93,67.3913043478261,42,3,2.870967741935484,2,0.5912704903523633,0.4571207106924269,0.25039638615490145,0,0.0,68.75,-40.35102644737128,51.708882561148904,0.7623025578428135,128,True,2,3,-7.724113134109767,0.8533394559382068,-25.37128565683066,0.03365717714201466,True
PERCENT_RETRACE|wait=8|tol=-|retrace=0.0025,adx_pullback,adx,PERCENT_RETRACE,8,,0.0025,-23.978964576469057,-16.38485341597915,760.2103542353094,38.61096988263392,0.728122105129312,28.846153846153843,-4.611339341628663,16.16530156366344,95.38968152317085,52,41,138,93,67.3913043478261,42,3,2.870967741935484,2,0.6437559466696616,0.4844619542696297,0.25415436994375484,0,0.0,72.22222222222221,-17.29566320602254,40.80885771074259,0.8606671668162691,72,False,2,2,-14.479827072783202,0.5376966385880464,-20.99180095535238,-10.497157034526186,False
PERCENT_RETRACE|wait=8|tol=-|retrace=0.0025,atr_adx_pullback,atr_adx,PERCENT_RETRACE,8,,0.0025,-12.48254604716019,-8.334705132402032,875.1745395283981,37.72390391175075,0.8531836452671357,31.25,-2.6005304264917037,15.688756515264334,98.9162542949205,48,45,138,93,67.3913043478261,42,3,2.870967741935484,2,0.632021170860089,0.4844619542696297,0.25415436994375484,0,0.0,70.58823529411765,-0.8169453236379354,38.5718781060893,0.9934681362662444,68,False,2,2,-1.5468842998698773,0.5376966385880464,-17.221816807543668,-12.798602231973973,False
PERCENT_RETRACE|wait=2|tol=-|retrace=0.0050,pullback,baseline,PERCENT_RETRACE,2,,0.005,6.721962016281009,4.337729061931306,1067.21962016281,13.70044236156416,1.2050350233629394,30.434782608695656,2.922592180991753,6.932241250930753,46.73607014189934,23,0,138,23,16.666666666666664,113,2,1.4782608695652173,1,1.005149322799316,0.7223043200711026,0.5027230833682357,0,0.0,16.666666666666664,-53.786361983894245,62.371252606419006,0.6736592530646253,138,False,1,3,-6.237511228165182,0.36362487461034976,-9.596854223268906,21.38144696335416,False
PERCENT_RETRACE|wait=2|tol=-|retrace=0.0050,atr_pullback,atr,PERCENT_RETRACE,2,,0.005,7.358857890500076,4.743726658452374,1073.5885789050008,13.70044236156416,1.2289087417745685,31.818181818181817,3.344935404772772,6.91734921816828,44.50485151833165,22,1,138,23,16.666666666666664,113,2,1.4782608695652173,1,1.0050699767788251,0.7217148743043766,0.5027230833682357,0,0.0,17.1875,-40.35102644737128,51.708882561148904,0.7623025578428135,128,False,1,3,-5.677954965076837,0.36362487461034976,-9.596854223268906,19.845663733296202,False
PERCENT_RETRACE|wait=2|tol=-|retrace=0.0050,adx_pullback,adx,PERCENT_RETRACE,2,,0.005,11.116417638172265,7.122241791925132,1111.1641763817227,13.653603290701724,1.4140687959144407,35.294117647058826,6.539069198924862,5.383469843633656,36.443663870689846,17,6,138,23,16.666666666666664,113,2,1.4782608695652173,1,1.0385014013615796,0.7211254285376508,0.5027230833682357,0,0.0,23.61111111111111,-17.29566320602254,40.80885771074259,0.8606671668162691,72,False,1,3,0.8354715863435391,0.5977710342072272,-8.754714840116469,3.3512066859337546,False
PERCENT_RETRACE|wait=2|tol=-|retrace=0.0050,atr_adx_pullback,atr_adx,PERCENT_RETRACE,2,,0.005,11.779538767269878,7.539074447691019,1117.7953876726988,13.13830481999481,1.4498811541177437,37.5,7.362211729543674,5.368577810871185,34.134629227285636,16,7,138,23,16.666666666666664,113,2,1.4782608695652173,1,1.040476805493546,0.6982323830138562,0.5027230833682357,0,0.0,23.52941176470588,-0.8169453236379354,38.5718781060893,0.9934681362662444,68,False,1,2,1.4372380326769685,0.5977710342072272,-8.754714840116469,-8.744765959406266,False
PERCENT_RETRACE|wait=3|tol=-|retrace=0.0050,pullback,baseline,PERCENT_RETRACE,3,,0.005,-24.98440589609469,-17.108333648897457,750.1559410390531,28.42152363993538,0.5867234261597063,21.951219512195124,-6.093757535632851,10.156366344005956,71.71608927789148,41,0,138,41,29.71014492753623,93,4,2.1463414634146343,2,0.9620651219150401,0.7223043200711026,0.5027230833682357,0,0.0,29.71014492753623,-53.786361983894245,62.371252606419006,0.6736592530646253,138,False,1,3,-35.173159669676735,0.32105460649893297,-17.956882160941802,9.207008123855848,False
PERCENT_RETRACE|wait=3|tol=-|retrace=0.0050,atr_pullback,atr,PERCENT_RETRACE,3,,0.005,-15.945311283516094,-10.71854699712702,840.5468871648391,27.994357240299134,0.710211939518359,21.62162162162162,-4.3095435901394845,9.404318689501116,71.21947026967582,37,4,138,41,29.71014492753623,93,4,2.1463414634146343,2,0.9339060948768553,0.7211254285376508,0.5027230833682357,0,0.0,28.90625,-40.35102644737128,51.708882561148904,0.7623025578428135,128,False,1,3,-28.58877625547488,0.3496143022516921,-17.18510857424012,7.769754002139074,False
PERCENT_RETRACE|wait=3|tol=-|retrace=0.0050,adx_pullback,adx,PERCENT_RETRACE,3,,0.005,-12.103736515263938,-8.075930447905044,878.9626348473606,22.82797435990536,0.7428626202392754,25.925925925925924,-4.482865376023672,7.386448250186151,51.72467736994129,27,14,138,41,29.71014492753623,93,4,2.1463414634146343,2,0.982553493459355,0.7211254285376508,0.5027230833682357,0,0.0,37.5,-17.29566320602254,40.80885771074259,0.8606671668162691,72,False,1,1,-22.590851112115995,0.30558099681584755,-12.343364723209731,-3.0681697496187663,False
PERCENT_RETRACE|wait=3|tol=-|retrace=0.0050,atr_adx_pullback,atr_adx,PERCENT_RETRACE,3,,0.005,-3.671409982320813,-2.4118803630513996,963.2859001767919,22.367426748085684,0.9118061036689713,28.000000000000004,-1.4685639929283252,7.2226358897989575,51.65106183985761,25,16,138,41,29.71014492753623,93,4,2.1463414634146343,2,0.9608683360625845,0.6753393374900614,0.5027230833682357,0,0.0,36.76470588235294,-0.8169453236379354,38.5718781060893,0.9934681362662444,68,False,1,1,-15.164605738520631,0.5336105660297518,-9.653097474175661,-9.343376395705821,False
PERCENT_RETRACE|wait=5|tol=-|retrace=0.0050,pullback,baseline,PERCENT_RETRACE,5,,0.005,-28.4017237882995,-19.59292430129087,715.982762117005,37.20375479830943,0.6686921991743666,19.642857142857142,-5.0717363907677635,13.55174981384959,97.90397173122716,56,0,138,56,40.57971014492754,77,5,2.75,3.0,0.9385798369397331,0.7824631412002154,0.5027230833682357,0,0.0,40.57971014492754,-53.786361983894245,62.371252606419006,0.6736592530646253,138,False,3,3,-22.28964239687641,1.1643463548736277,-25.558554196269494,6.956380392809255,False
PERCENT_RETRACE|wait=5|tol=-|retrace=0.0050,atr_pullback,atr,PERCENT_RETRACE,5,,0.005,-19.774403022450908,-13.394664794342626,802.2559697754909,36.82899904298239,0.7624007540681659,19.230769230769234,-3.802769812009781,12.79970215934475,100.2131071955521,52,4,138,56,40.57971014492754,77,5,2.75,3.0,0.9167370457798472,0.7567277311322032,0.5027230833682357,0,0.0,40.625,-40.35102644737128,51.708882561148904,0.7623025578428135,128,False,3,2,-14.396695785465429,1.1643463548736277,-25.114302152851632,-0.15943957647243678,False
PERCENT_RETRACE|wait=5|tol=-|retrace=0.0050,adx_pullback,adx,PERCENT_RETRACE,5,,0.005,-0.5619916283685484,-0.3671732803026351,994.3800837163145,29.402116983190783,0.9914097327657314,26.47058823529412,-0.16529165540251758,10.275502606105734,72.9522697296015,34,22,138,56,40.57971014492754,77,5,2.75,3.0,0.951415788340868,0.7513887273119509,0.5027230833682357,0,0.0,47.22222222222222,-17.29566320602254,40.80885771074259,0.8606671668162691,72,False,2,1,-3.880061554761738,0.4395424895221518,-14.344273219877813,-5.491615181353428,False
PERCENT_RETRACE|wait=5|tol=-|retrace=0.0050,atr_adx_pullback,atr_adx,PERCENT_RETRACE,5,,0.005,8.977592002745883,5.771864333954468,1089.7759200274588,28.98080257355562,1.1458540643178323,28.125,2.8054975008580953,10.111690245718542,74.42902457987948,32,24,138,56,40.57971014492754,77,5,2.75,3.0,0.9325281525547356,0.7217148743043766,0.5027230833682357,0,0.0,47.05882352941176,-0.8169453236379354,38.5718781060893,0.9934681362662444,68,False,2,1,5.341203094757563,0.5620565175709842,-13.833096532729122,-9.409881957159428,False
PERCENT_RETRACE|wait=8|tol=-|retrace=0.0050,pullback,baseline,PERCENT_RETRACE,8,,0.005,-33.131850418196215,-23.10114510871053,668.6814958180379,40.56973951405366,0.6580413910620138,21.428571428571427,-4.733121488313743,17.066269545793,117.3329049959015,70,0,138,70,50.72463768115942,62,6,3.6285714285714286,3.0,0.8906073333076198,0.7217148743043766,0.5027230833682357,0,0.0,50.72463768115942,-53.786361983894245,62.371252606419006,0.6736592530646253,138,True,3,3,-24.052949988275497,1.1802596182245377,-29.40386855739274,6.17540566407105,False
PERCENT_RETRACE|wait=8|tol=-|retrace=0.0050,atr_pullback,atr,PERCENT_RETRACE,8,,0.005,-24.577101989798177,-16.814848748064904,754.2289801020182,39.81819144530862,0.741938966356845,21.53846153846154,-3.7810926138150935,16.12807148175726,119.71714929286955,65,5,138,70,50.72463768115942,62,6,3.6285714285714286,3.0,0.8760565080671405,0.7211254285376508,0.5027230833682357,0,0.0,50.78125,-40.35102644737128,51.708882561148904,0.7623025578428135,128,True,3,2,-15.783720855862027,1.1802596182245377,-25.408027290544034,-0.4531647141648385,False
PERCENT_RETRACE|wait=8|tol=-|retrace=0.0050,adx_pullback,adx,PERCENT_RETRACE,8,,0.005,-1.9420893348180812,-1.2719228393673232,980.5791066518192,29.209427979254656,0.9715347901749378,29.268292682926827,-0.47368032556538286,12.732688011913625,86.65567944354393,41,29,138,70,50.72463768115942,62,6,3.6285714285714286,3.0,0.910912563588191,0.7223043200711026,0.5027230833682357,0,0.0,56.94444444444444,-17.29566320602254,40.80885771074259,0.8606671668162691,72,True,2,2,1.2278966148983939,0.4324282022368342,-14.525421546979999,-4.5200403018272155,False
PERCENT_RETRACE|wait=8|tol=-|retrace=0.0050,atr_adx_pullback,atr_adx,PERCENT_RETRACE,8,,0.005,8.178497372454261,5.264987828478418,1081.7849737245426,28.31421874994061,1.127945445565633,31.57894736842105,2.1522361506458707,12.382725241995532,86.9205771494683,38,32,138,70,50.72463768115942,62,6,3.6285714285714286,3.0,0.9034600885837264,0.7217148743043766,0.5027230833682357,0,0.0,55.88235294117647,-0.8169453236379354,38.5718781060893,0.9934681362662444,68,True,2,1,11.675658533709488,0.5075039702744282,-13.444520103205251,-9.021305527635558,False
PERCENT_RETRACE|wait=2|tol=-|retrace=0.0075,pullback,baseline,PERCENT_RETRACE,2,,0.0075,15.8301779039037,10.066896033327112,1158.301779039037,11.206971810148895,1.9794685707667068,41.66666666666667,13.19181491991977,3.968726731198809,25.86082897507915,12,0,138,12,8.695652173913043,124,2,1.5,1.5,1.6819451469084588,1.1101487584421954,0.7844531478476315,0,0.0,8.695652173913043,-53.786361983894245,62.371252606419006,0.6736592530646253,138,False,1,3,3.1012943121917935,0.09313388273210882,-6.852874849197008,25.454846342244082,False
PERCENT_RETRACE|wait=2|tol=-|retrace=0.0075,atr_pullback,atr,PERCENT_RETRACE,2,,0.0075,16.52142983577685,10.495186888876917,1165.2142983577685,10.677072319499523,2.0679136057360292,45.45454545454545,15.019481668888064,3.9538346984363364,23.43918637005543,11,1,138,12,8.695652173913043,124,2,1.5,1.5,1.743313347968308,1.1202436928222848,0.7844531478476315,0,0.0,8.59375,-40.35102644737128,51.708882561148904,0.7623025578428135,128,False,1,3,3.716582747050756,0.09313388273210882,-6.852874849197008,19.845663733296202,False
PERCENT_RETRACE|wait=2|tol=-|retrace=0.0075,adx_pullback,adx,PERCENT_RETRACE,2,,0.0075,18.996151839572963,12.021315101298956,1189.9615183957296,12.084717371277506,2.833368861950177,50.0,23.74518979946623,2.5837676842889055,17.953901812650003,8,4,138,12,8.695652173913043,124,2,1.5,1.5,1.9778013417098714,1.3775736337950362,0.8425308386944514,0,0.0,11.11111111111111,-17.29566320602254,40.80885771074259,0.8606671668162691,72,False,1,3,7.7431907308155745,0.14026780414857784,-6.852874849197008,3.3512066859337546,False
PERCENT_RETRACE|wait=2|tol=-|retrace=0.0075,atr_adx_pullback,atr_adx,PERCENT_RETRACE,2,,0.0075,19.70629768699471,12.457210966573683,1197.062976869947,11.560056095105605,3.0418514408273842,57.14285714285714,28.151853838563902,2.5688756515264335,15.481123776157851,7,5,138,12,8.695652173913043,124,2,1.5,1.5,2.1165022569184075,1.6349035747677876,0.8425308386944514,0,0.0,10.294117647058822,-0.8169453236379354,38.5718781060893,0.9934681362662444,68,False,1,2,8.386181099013434,0.14026780414857784,-6.852874849197008,-5.092627448839163,False
PERCENT_RETRACE|wait=3|tol=-|retrace=0.0075,pullback,baseline,PERCENT_RETRACE,3,,0.0075,-11.278043901860894,-7.513216440834358,887.219560981391,19.887694845771016,0.7156509778055881,22.727272727272727,-5.126383591754962,5.2047654504839915,41.77195409563468,22,0,138,22,15.942028985507244,111,5,2.1818181818181817,2.0,1.4786030011196751,1.1760920414739693,0.7844531478476315,0,0.0,15.942028985507244,-53.786361983894245,62.371252606419006,0.6736592530646253,138,False,1,3,-21.299913844829543,0.20063420012996844,-15.050629961699165,14.022685371661053,False
PERCENT_RETRACE|wait=3|tol=-|retrace=0.0075,atr_pullback,atr,PERCENT_RETRACE,3,,0.0075,-0.23403745726774333,-0.15281942255568337,997.6596254273226,19.409600218733353,0.9926777736234541,26.31578947368421,-0.12317760908827399,4.944154877140729,40.036626025938446,19,3,138,22,15.942028985507244,111,5,2.1818181818181817,2.0,1.4856355387758058,1.1202436928222848,0.7844531478476315,0,0.0,14.84375,-40.35102644737128,51.708882561148904,0.7623025578428135,128,False,1,3,-11.503418175523962,0.418532561369397,-10.804548835021514,13.56309309788105,False
PERCENT_RETRACE|wait=3|tol=-|retrace=0.0075,adx_pullback,adx,PERCENT_RETRACE,3,,0.0075,-0.5075312131065403,-0.3315604718191145,994.9246878689346,16.644107779425628,0.9814749476178138,28.57142857142857,-0.36252229507609207,3.51451973194341,28.514723226796086,14,8,138,22,15.942028985507244,111,5,2.1818181818181817,2.0,1.6411012550734245,1.235922125578696,0.8082609326725603,0,0.0,19.444444444444446,-17.29566320602254,40.80885771074259,0.8606671668162691,72,False,1,3,-9.51329742339977,0.32351020227846056,-8.507692206288835,0.7675027673021297,False
PERCENT_RETRACE|wait=3|tol=-|retrace=0.0075,atr_adx_pullback,atr_adx,PERCENT_RETRACE,3,,0.0075,9.03727707701396,5.809671483179213,1090.3727707701396,16.146656056798644,1.4461303956773153,33.33333333333333,7.5310642308449856,3.3507073715562177,26.618472322065344,12,10,138,22,15.942028985507244,111,5,2.1818181818181817,2.0,1.7056818040991641,1.235922125578696,0.8082609326725603,0,0.0,17.647058823529413,-0.8169453236379354,38.5718781060893,0.9934681362662444,68,False,1,2,-0.8324571605177633,0.5649406105338336,-6.852874849197008,-5.164666428377814,False
PERCENT_RETRACE|wait=5|tol=-|retrace=0.0075,pullback,baseline,PERCENT_RETRACE,5,,0.0075,-30.313628330598203,-21.00094167410993,696.863716694018,30.90493969389162,0.5147244136460781,19.047619047619047,-7.217530554904331,8.369322412509307,70.61832723012834,42,0,138,42,30.434782608695656,90,6,3.3333333333333335,3.0,1.3540780654781541,1.1245404636532057,0.7681512115737742,0,0.0,30.434782608695656,-53.786361983894245,62.371252606419006,0.6736592530646253,138,False,1,3,-35.967007833357265,0.13008394684112767,-23.00783102704091,9.623572504852191,False
PERCENT_RETRACE|wait=5|tol=-|retrace=0.0075,atr_pullback,atr,PERCENT_RETRACE,5,,0.0075,-21.639149411694678,-14.713941402587526,783.6085058830532,30.49259383736435,0.6242203185265734,20.51282051282051,-5.548499849152479,8.108711839166046,72.05520760609069,39,3,138,42,30.434782608695656,90,6,3.3333333333333335,3.0,1.3479253323638443,1.1202436928222848,0.7681512115737742,0,0.0,30.46875,-40.35102644737128,51.708882561148904,0.7623025578428135,128,False,1,3,-27.996255054048092,0.21625959686770044,-22.431192757994427,2.523669818384768,False
PERCENT_RETRACE|wait=5|tol=-|retrace=0.0075,adx_pullback,adx,PERCENT_RETRACE,5,,0.0075,-9.493187816029558,-6.303002625956033,905.0681218397044,22.125242242560756,0.7783357305960623,25.0,-3.955494923345659,6.1429635145197325,46.51656236508118,24,18,138,42,30.434782608695656,90,6,3.3333333333333335,3.0,1.39082492031209,1.1101487584421954,0.7804731345527993,0,0.0,33.33333333333333,-17.29566320602254,40.80885771074259,0.8606671668162691,72,False,1,1,-18.260964139796698,0.2342513734207471,-12.691540071888802,-4.321969851904953,False
PERCENT_RETRACE|wait=5|tol=-|retrace=0.0075,atr_adx_pullback,atr_adx,PERCENT_RETRACE,5,,0.0075,-0.8104183383087162,-0.5297107284926272,991.8958166169128,21.660500862394308,0.978173944431309,27.27272727272727,-0.36837197195850213,5.9791511541325395,46.071044243845336,22,20,138,42,30.434782608695656,90,6,3.3333333333333335,3.0,1.4032982802569174,1.1101487584421954,0.7804731345527993,0,0.0,32.35294117647059,-0.8169453236379354,38.5718781060893,0.9934681362662444,68,False,1,1,-10.419331133623889,0.4641428530877151,-11.701909309668679,-9.722690269214308,False
PERCENT_RETRACE|wait=8|tol=-|retrace=0.0075,pullback,baseline,PERCENT_RETRACE,8,,0.0075,-10.601228812427179,-7.053318545563403,893.9877118757282,31.236565685791472,0.8643778557312569,21.568627450980394,-2.078672316162194,11.623231571109455,98.24387450438329,51,0,138,51,36.95652173913043,80,7,3.9411764705882355,4,1.3387098552393417,1.1288372344841269,0.7653074145170308,0,0.0,36.95652173913043,-53.786361983894245,62.371252606419006,0.6736592530646253,138,False,2,3,-11.97715302650072,0.7567195782733981,-26.634437304604354,9.607750646510535,False
PERCENT_RETRACE|wait=8|tol=-|retrace=0.0075,atr_pullback,atr,PERCENT_RETRACE,8,,0.0075,0.5270267914297847,0.3436786329414465,1005.2702679142978,30.826198908565498,1.0070265902111426,22.916666666666664,0.10979724821454322,11.362620997766196,102.17989697969553,48,3,138,51,36.95652173913043,80,7,3.9411764705882355,4,1.332750246444039,1.1245404636532057,0.7653074145170308,0,0.0,37.5,-40.35102644737128,51.708882561148904,0.7623025578428135,128,False,2,3,-1.0201708768798001,0.7567195782733981,-22.447109038103747,2.5077535382754483,False
PERCENT_RETRACE|wait=8|tol=-|retrace=0.0075,adx_pullback,adx,PERCENT_RETRACE,8,,0.0075,-13.197712855503266,-8.824317350361765,868.0228714449673,22.133532750814176,0.7171617038283599,24.137931034482758,-4.550935467414916,7.036485480268056,54.735196558612074,29,22,138,51,36.95652173913043,80,7,3.9411764705882355,4,1.36656202007813,1.1000538240621058,0.7804731345527993,0,0.0,40.27777777777778,-17.29566320602254,40.80885771074259,0.8606671668162691,72,False,1,1,-17.20934544119971,0.4152872930194928,-14.704765894588775,-5.42957092099781,False
PERCENT_RETRACE|wait=8|tol=-|retrace=0.0075,atr_adx_pullback,atr_adx,PERCENT_RETRACE,8,,0.0075,-4.8703369240363035,-3.206380333815806,951.296630759637,21.668840846785592,0.8821666340339844,25.925925925925924,-1.8038284903838033,6.872673119880863,54.993488280630665,27,24,138,51,36.95652173913043,80,7,3.9411764705882355,4,1.374928246682511,1.1000538240621058,0.7804731345527993,0,0.0,39.705882352941174,-0.8169453236379354,38.5718781060893,0.9934681362662444,68,False,1,1,-9.26682541317685,0.4152872930194928,-11.303722123712099,-11.915965835542327,False
HYBRID|wait=2|tol=0.0025|retrace=0.0025,pullback,baseline,HYBRID,2,0.0025,0.0025,-10.687417669827312,-7.111816776164003,893.1258233017269,29.336488751929906,0.8839193772315264,30.508474576271187,-1.8114267236995463,20.0,116.69517920651985,59,0,138,59,42.7536231884058,77,2,1.3389830508474576,1,0.478089520976089,0.3330510866497323,-0.3271513517098119,5,8.47457627118644,42.7536231884058,-53.786361983894245,62.371252606419006,0.6736592530646253,138,False,2,3,-9.805541967222508,0.4826195449539434,-18.564317146725784,13.950617442352964,False
HYBRID|wait=2|tol=0.0025|retrace=0.0025,atr_pullback,atr,HYBRID,2,0.0025,0.0025,-6.055328547617125,-3.9950702019025064,939.4467145238287,28.349810499995176,0.9332929117957267,32.142857142857146,-1.0813086692173417,19.612807148175726,115.04950817435689,56,3,138,59,42.7536231884058,77,2,1.3389830508474576,1,0.4792472757587424,0.3431900673466793,-0.3271513517098119,5,8.928571428571429,43.75,-40.35102644737128,51.708882561148904,0.7623025578428135,128,False,2,3,-5.638887491300048,0.5605514321712415,-18.07832485944425,6.876537716934944,False
HYBRID|wait=2|tol=0.0025|retrace=0.0025,adx_pullback,adx,HYBRID,2,0.0025,0.0025,-15.316554673482324,-10.283199748576488,846.8344532651768,27.072254204146905,0.7313074414314049,28.125,-4.786423335463223,9.411764705882353,61.242349941818894,32,27,138,59,42.7536231884058,77,2,1.3389830508474576,1,0.5927085709829696,0.41906288002477793,-0.2168890565325998,3,9.375,44.44444444444444,-17.29566320602254,40.80885771074259,0.8606671668162691,72,False,2,2,-5.078110881599329,0.4758042294336299,-11.684127921612275,-0.3231133139811835,False
HYBRID|wait=2|tol=0.0025|retrace=0.0025,atr_adx_pullback,atr_adx,HYBRID,2,0.0025,0.0025,-11.261480510500485,-7.5019470539419935,887.3851948949952,26.637035627427057,0.793770171275788,30.0,-3.75382683683348,9.285182427401342,59.616676068913456,30,29,138,59,42.7536231884058,77,2,1.3389830508474576,1,0.5886724783703617,0.41906288002477793,-0.2168890565325998,3,10.0,44.11764705882353,-0.8169453236379354,38.5718781060893,0.9934681362662444,68,False,2,2,-0.5327679449566691,0.5691436976928643,-11.157076005660791,-6.733861430091097,False
HYBRID|wait=3|tol=0.0025|retrace=0.0025,pullback,baseline,HYBRID,3,0.0025,0.0025,-25.434063899607178,-17.4329805139398,745.6593610039282,40.87931506886971,0.7922197411775681,26.582278481012654,-3.219501759443941,25.033507073715562,142.47706373297748,79,0,138,79,57.2463768115942,56,3,1.759493670886076,2,0.48118457782713603,0.37445022335125494,-0.3271513517098119,6,7.59493670886076,57.2463768115942,-53.786361983894245,62.371252606419006,0.6736592530646253,138,True,2,4,-3.6244416396626677,0.4487163765779578,-26.335574412370043,15.780137402071958,False
HYBRID|wait=3|tol=0.0025|retrace=0.0025,atr_pullback,atr,HYBRID,3,0.0025,0.0025,-13.8625584760489,-9.280737105939663,861.374415239511,39.81882478410451,0.887679558620533,28.37837837837838,-1.8733187129795765,24.296351451973194,149.75416138400155,74,5,138,79,57.2463768115942,56,3,1.759493670886076,2,0.4716632558783718,0.3758771438676246,-0.3271513517098119,6,8.108108108108109,57.8125,-40.35102644737128,51.708882561148904,0.7623025578428135,128,True,2,4,10.731732453374976,0.4487163765779578,-21.546521182437935,5.455490903193805,False
HYBRID|wait=3|tol=0.0025|retrace=0.0025,adx_pullback,adx,HYBRID,3,0.0025,0.0025,-18.212780902368237,-12.298018807382348,817.8721909763176,35.081395727520075,0.7785336976780248,27.906976744186046,-4.235530442411227,13.3060312732688,80.9978787104079,43,36,138,79,57.2463768115942,56,3,1.759493670886076,2,0.5955600307386003,0.4432987140764549,-0.2168890565325998,3,6.976744186046512,59.72222222222222,-17.29566320602254,40.80885771074259,0.8606671668162691,72,False,2,2,-8.665635898060419,0.538895304608814,-19.620477568902388,-5.9332704934004585,False
HYBRID|wait=3|tol=0.0025|retrace=0.0025,atr_adx_pullback,atr_adx,HYBRID,3,0.0025,0.0025,-6.631622974609343,-4.37987988441556,933.6837702539066,34.69397414680654,0.9159429386020979,30.0,-1.6579057436523272,13.030528667163068,84.52425537054204,40,39,138,79,57.2463768115942,56,3,1.759493670886076,2,0.5700560103706946,0.4372327835248996,-0.2168890565325998,3,7.5,58.82352941176471,-0.8169453236379354,38.5718781060893,0.9934681362662444,68,False,2,2,4.26740800007388,0.538895304608814,-13.322825879425897,-8.899611303856204,False
HYBRID|wait=5|tol=0.0025|retrace=0.0025,pullback,baseline,HYBRID,5,0.0025,0.0025,-29.093134481256584,-20.100586879582316,709.0686551874342,44.40457127466478,0.7862369764304248,27.472527472527474,-3.1970477451930264,28.145941921072225,164.32514382085796,91,0,138,91,65.94202898550725,44,3,2.120879120879121,2,0.4699112224088218,0.37445022335125494,-0.3271513517098119,6,6.593406593406594,65.94202898550725,-53.786361983894245,62.371252606419006,0.6736592530646253,138,True,2,4,-5.970604355322973,0.7782295308543479,-28.55300161471653,11.393902141950342,True
HYBRID|wait=5|tol=0.0025|retrace=0.0025,atr_pullback,atr,HYBRID,5,0.0025,0.0025,-17.39671041400876,-11.72783038469708,826.0328958599124,42.92868848633494,0.8742513078167572,29.411764705882355,-2.046671813412798,27.274758004467607,172.86087642794163,85,6,138,91,65.94202898550725,44,3,2.120879120879121,2,0.4643167010708345,0.3773040643839942,-0.3271513517098119,6,7.0588235294117645,66.40625,-40.35102644737128,51.708882561148904,0.7623025578428135,128,True,2,3,8.949789125584218,0.7782295308543479,-26.93373433549815,1.0928886876379096,True
HYBRID|wait=5|tol=0.0025|retrace=0.0025,adx_pullback,adx,HYBRID,5,0.0025,0.0025,-25.29468768201924,-17.33228028058692,747.0531231798076,40.90916883691255,0.7177758288329761,28.57142857142857,-5.162181159595766,15.003723008190617,90.23740390825004,49,42,138,91,65.94202898550725,44,3,2.120879120879121,2,0.571101690962686,0.43116685297334434,-0.2168890565325998,3,6.122448979591836,68.05555555555556,-17.29566320602254,40.80885771074259,0.8606671668162691,72,False,2,2,-25.48049307049571,0.4413888233633031,-19.339568515638987,-10.064373542048022,False
HYBRID|wait=5|tol=0.0025|retrace=0.0025,atr_adx_pullback,atr_adx,HYBRID,5,0.0025,0.0025,-14.716335348455845,-9.868657677289349,852.8366465154415,40.55652627055677,0.8314805075069611,30.434782608695656,-3.1992033366208337,14.728220402084885,95.0874025267389,46,45,138,91,65.94202898550725,44,3,2.120879120879121,2,0.5473291728312953,0.41906288002477793,-0.2168890565325998,3,6.521739130434782,67.64705882352942,-0.8169453236379354,38.5718781060893,0.9934681362662444,68,False,2,1,-14.928450979186781,0.4811321881755152,-18.290027583601443,-13.30368007892315,False
HYBRID|wait=8|tol=0.0025|retrace=0.0025,pullback,baseline,HYBRID,8,0.0025,0.0025,-44.08169177983408,-31.573015404406025,559.1830822016592,50.29383897793696,0.6757193805837707,25.0,-4.238624209599427,31.571109456440805,160.28719528476066,104,0,138,104,75.36231884057972,31,3,2.7211538461538463,2.0,0.43414909316138295,0.35634816713412887,-1.5056894785094146,10,9.615384615384617,75.36231884057972,-53.786361983894245,62.371252606419006,0.6736592530646253,138,True,2,3,-23.51948352636908,0.7782295308543479,-38.69998495380594,3.783144475549605,True
HYBRID|wait=8|tol=0.0025|retrace=0.0025,atr_pullback,atr,HYBRID,8,0.0025,0.0025,-31.54038888412971,-21.911455496582764,684.5961111587029,44.46366658908494,0.7672262694644504,27.368421052631582,-3.32004093517154,29.895755770662696,165.8186421138971,95,9,138,104,75.36231884057972,31,3,2.7211538461538463,2.0,0.44197705789238495,0.3773040643839942,-1.5056894785094146,8,8.421052631578947,74.21875,-40.35102644737128,51.708882561148904,0.7623025578428135,128,True,2,3,-6.871006329991802,0.7782295308543479,-30.434987528415014,3.0998717344626456,True
HYBRID|wait=8|tol=0.0025|retrace=0.0025,adx_pullback,adx,HYBRID,8,0.0025,0.0025,-35.2436190303309,-24.695088236021878,647.563809696691,44.917128787048725,0.6313800872494907,26.31578947368421,-6.18309105795278,17.408786299329858,96.58231439907428,57,47,138,104,75.36231884057972,31,3,2.7211538461538463,2.0,0.5095685269373289,0.4069589070762115,-1.5056894785094146,6,10.526315789473683,79.16666666666666,-17.29566320602254,40.80885771074259,0.8606671668162691,72,False,2,2,-32.51469278019553,0.4413888233633031,-24.99414717533464,-15.718952201743674,False
HYBRID|wait=8|tol=0.0025|retrace=0.0025,atr_adx_pullback,atr_adx,HYBRID,8,0.0025,0.0025,-22.827989089092863,-15.560718701526078,771.7201091090714,42.15530555398438,0.7491819385988737,28.846153846153843,-4.3899979017486235,16.716306775874905,99.51450725363748,52,52,138,104,75.36231884057972,31,3,2.7211538461538463,2.0,0.4996950840812887,0.41906288002477793,-1.5056894785094146,5,9.615384615384617,76.47058823529412,-0.8169453236379354,38.5718781060893,0.9934681362662444,68,False,2,1,-19.575850485962054,0.4413888233633031,-19.840558082232302,-15.417343506662608,False
HYBRID|wait=2|tol=0.0025|retrace=0.0050,pullback,baseline,HYBRID,2,0.0025,0.005,16.450628154532524,10.45135971207316,1164.5062815453252,18.68852931719685,1.2903802854115867,31.70731707317073,4.012348330373794,12.598659717051378,90.67112528498214,41,0,138,41,29.71014492753623,95,2,1.5121951219512195,2,0.619328366046167,0.5581330684312924,-0.3271513517098119,5,12.195121951219512,29.71014492753623,-53.786361983894245,62.371252606419006,0.6736592530646253,138,False,2,3,18.819813710575062,0.48024403832427975,-10.191509177819409,26.04829265403537,False
HYBRID|wait=2|tol=0.0025|retrace=0.0050,atr_pullback,atr,HYBRID,2,0.0025,0.005,17.356187683497545,11.011217817313579,1173.5618768349755,17.892705179784627,1.312900248277158,31.57894736842105,4.567417811446728,11.82427401340283,83.88493767789748,38,3,138,41,29.71014492753623,95,2,1.5121951219512195,2,0.6286668434855666,0.5584439217519921,-0.3271513517098119,5,13.157894736842104,29.6875,-40.35102644737128,51.708882561148904,0.7623025578428135,128,False,2,3,17.721084535793352,0.4753903314381489,-11.884388743266777,19.04640949701229,False
HYBRID|wait=2|tol=0.0025|retrace=0.0050,adx_pullback,adx,HYBRID,2,0.0025,0.005,11.356615321556705,7.273327671727414,1113.566153215567,13.12373335117734,1.3535314444035378,34.78260869565217,4.937658835459442,6.9471332836932245,48.953984980253146,23,18,138,41,29.71014492753623,95,2,1.5121951219512195,2,0.7980330764108096,0.6279817525450055,-0.2168890565325998,3,13.043478260869565,31.944444444444443,-17.29566320602254,40.80885771074259,0.8606671668162691,72,False,2,4,17.161810737346308,0.6658440716997175,-5.539810812501787,3.7353841610891783,False
HYBRID|wait=2|tol=0.0025|retrace=0.0050,atr_adx_pullback,atr_adx,HYBRID,2,0.0025,0.005,12.021169903625536,7.690748230878031,1120.2116990362554,13.12373335117734,1.3820928632732852,36.36363636363637,5.464168138011613,6.932241250930753,46.6114108897764,22,19,138,41,29.71014492753623,95,2,1.5121951219512195,2,0.7885393555544773,0.6267781384390019,-0.2168890565325998,3,13.636363636363635,32.35294117647059,-0.8169453236379354,38.5718781060893,0.9934681362662444,68,False,2,2,17.861009594496792,0.717674046769145,-5.539810812501787,-7.008518454345266,False
HYBRID|wait=3|tol=0.0025|retrace=0.0050,pullback,baseline,HYBRID,3,0.0025,0.005,-14.768866433300728,-9.904897774430754,852.3113356669927,38.22455634945355,0.8619221421288674,23.4375,-2.3076353802032408,17.699180938198065,128.08471728641368,64,0,138,64,46.3768115942029,71,3,2.046875,2.0,0.6232688623476489,0.5584439217519921,-0.3271513517098119,6,9.375,46.3768115942029,-53.786361983894245,62.371252606419006,0.6736592530646253,138,False,2,4,7.8431988296157495,0.371807992655193,-22.550943269846538,9.96399131923221,False
HYBRID|wait=3|tol=0.0025|retrace=0.0050,atr_pullback,atr,HYBRID,3,0.0025,0.005,-3.2121352672910803,-2.10844102767459,967.8786473270892,37.116445746459405,0.9696413361216679,24.137931034482758,-0.55381642539501,16.478034251675354,129.23186093596547,58,6,138,64,46.3768115942029,71,3,2.046875,2.0,0.6008631543191223,0.5584439217519921,-0.3271513517098119,6,10.344827586206897,45.3125,-40.35102644737128,51.708882561148904,0.7623025578428135,128,False,2,3,20.397268921917334,0.371807992655193,-21.459891907841357,3.4949706685378388,False
HYBRID|wait=3|tol=0.0025|retrace=0.0050,adx_pullback,adx,HYBRID,3,0.0025,0.005,-1.0859654648717083,-0.7101576409755284,989.1403453512829,29.093061274766413,0.984545550186106,27.77777777777778,-0.30165707357547766,10.908413998510797,76.99556475071158,36,28,138,64,46.3768115942029,71,3,2.046875,2.0,0.766844896872917,0.6316563621724611,-0.2168890565325998,3,8.333333333333332,50.0,-17.29566320602254,40.80885771074259,0.8606671668162691,72,True,2,2,0.9984586611302637,0.39012912060550586,-13.356829860433301,-4.081634886842336,False
HYBRID|wait=3|tol=0.0025|retrace=0.0050,atr_adx_pullback,atr_adx,HYBRID,3,0.0025,0.005,8.40335074520642,5.407746437672967,1084.0335074520642,28.669902480883742,1.125738082812298,29.411764705882355,2.4715737485901275,10.744601638123603,78.77005850732452,34,30,138,64,46.3768115942029,71,3,2.046875,2.0,0.7382111872231482,0.628874835935153,-0.2168890565325998,3,8.823529411764707,50.0,-0.8169453236379354,38.5718781060893,0.9934681362662444,68,True,2,1,10.687744064058634,0.5054329372468335,-12.733962462163845,-8.31074788659415,False
HYBRID|wait=5|tol=0.0025|retrace=0.0050,pullback,baseline,HYBRID,5,0.0025,0.005,-21.622573626782366,-14.702166601206079,783.7742637321763,40.01172820151581,0.8237616984451049,22.78481012658228,-2.737034636301565,21.66790766939687,151.30335723146362,79,0,138,79,57.2463768115942,56,3,2.518987341772152,2,0.5963125279119614,0.5556202738088504,-0.3610519405704554,7,8.860759493670885,57.2463768115942,-53.786361983894245,62.371252606419006,0.6736592530646253,138,True,3,4,1.9648088856020207,1.0349143008303339,-28.474108980055803,4.040825609022946,False
HYBRID|wait=5|tol=0.0025|retrace=0.0050,atr_pullback,atr,HYBRID,5,0.0025,0.005,-10.242405554867867,-6.809987677451068,897.5759444513213,38.419229323839446,0.916576768380849,23.61111111111111,-1.4225563270649753,20.312732688011913,153.65357548822746,72,7,138,79,57.2463768115942,56,3,2.518987341772152,2,0.5817367295898178,0.5568766711200714,-0.3610519405704554,7,9.722222222222223,56.25,-40.35102644737128,51.708882561148904,0.7623025578428135,128,True,3,2,14.797318963179972,1.0349143008303339,-26.85305368643842,-1.8981911100592264,False
HYBRID|wait=5|tol=0.0025|retrace=0.0050,adx_pullback,adx,HYBRID,5,0.0025,0.005,-5.8209996543395395,-3.8388361049869313,941.7900034566046,32.24244601467894,0.9275610750902694,27.906976744186046,-1.3537208498464044,13.66344005956813,90.89027601866879,43,36,138,79,57.2463768115942,56,3,2.518987341772152,2,0.7054647678424933,0.6279817525450055,-0.3610519405704554,4,9.30232558139535,59.72222222222222,-17.29566320602254,40.80885771074259,0.8606671668162691,72,True,2,1,-18.72791289827369,0.33297071179516946,-18.222939675379475,-7.780227338739554,False
HYBRID|wait=5|tol=0.0025|retrace=0.0050,atr_adx_pullback,atr_adx,HYBRID,5,0.0025,0.005,3.214061131818471,2.0862893944938232,1032.1406113181847,31.838082135257046,1.041283368813506,29.268292682926827,0.7839173492240173,13.499627699180937,93.89678868020356,41,38,138,79,57.2463768115942,56,3,2.518987341772152,2,0.6787255876924205,0.6255745243329983,-0.3610519405704554,4,9.75609756097561,60.29411764705882,-0.8169453236379354,38.5718781060893,0.9934681362662444,68,True,2,1,-10.931076613252833,0.5054329372468335,-17.734910113867407,-13.311695538297712,False
HYBRID|wait=8|tol=0.0025|retrace=0.0050,pullback,baseline,HYBRID,8,0.0025,0.005,-41.008385442698355,-29.14119717877719,589.9161455730165,48.09914752914468,0.6851943050223557,22.105263157894736,-4.316672151862987,26.358897989575574,153.97432212991532,95,0,138,95,68.84057971014492,40,3,3.2736842105263158,3,0.5349686185769787,0.5027230833682357,-1.5056894785094146,11,11.578947368421053,68.84057971014492,-53.786361983894245,62.371252606419006,0.6736592530646253,138,True,3,3,-21.72817879648449,1.0349143008303339,-36.076701540912836,2.7145066384008913,True
HYBRID|wait=8|tol=0.0025|retrace=0.0050,atr_pullback,atr,HYBRID,8,0.0025,0.005,-29.00269927068407,-20.03408816474639,709.9730072931593,44.00817679661824,0.7739098272453574,23.52941176470588,-3.4120822671393105,24.199553239017128,154.05568128401458,85,10,138,95,68.84057971014492,40,3,3.2736842105263158,3,0.5379963535224649,0.5295490576008495,-1.5056894785094146,9,10.588235294117647,66.40625,-40.35102644737128,51.708882561148904,0.7623025578428135,128,True,3,2,-7.389927618383596,1.0349143008303339,-29.892925750444444,-3.286229409263619,False
HYBRID|wait=8|tol=0.0025|retrace=0.0050,adx_pullback,adx,HYBRID,8,0.0025,0.005,-23.21377174144294,-15.836472575210559,767.8622825855706,40.98338044715578,0.7507214219304558,26.41509433962264,-4.379956932347733,16.73119880863738,100.32010618247004,53,42,138,95,68.84057971014492,40,3,3.2736842105263158,3,0.610481397739047,0.5860602619065157,-1.5056894785094146,7,13.20754716981132,73.61111111111111,-17.29566320602254,40.80885771074259,0.8606671668162691,72,False,2,1,-30.772468654513684,0.33297071179516946,-23.149227710584526,-9.61992552560646,False
HYBRID|wait=8|tol=0.0025|retrace=0.0050,atr_adx_pullback,atr_adx,HYBRID,8,0.0025,0.005,-12.152176652838808,-8.108999542355754,878.4782334716119,38.02432135258123,0.862311880839205,28.57142857142857,-2.4800360515997544,16.15040953090097,101.12999549260728,49,46,138,95,68.84057971014492,40,3,3.2736842105263158,3,0.6039562735114861,0.5860602619065157,-1.5056894785094146,6,12.244897959183673,72.05882352941177,-0.8169453236379354,38.5718781060893,0.9934681362662444,68,False,2,1,-20.799756905358457,0.3399289387317052,-19.295974535613116,-14.872759960043421,False
HYBRID|wait=2|tol=0.0025|retrace=0.0075,pullback,baseline,HYBRID,2,0.0025,0.0075,18.405066334276942,11.657810532448964,1184.0506633427694,18.68852931719679,1.3945552147645637,31.428571428571427,5.258590381221991,10.029784065524943,80.30530700522193,35,0,138,35,25.36231884057971,101,2,1.542857142857143,2,0.7275081294416933,0.4971855679616056,-0.3271513517098119,5,14.285714285714285,25.36231884057971,-53.786361983894245,62.371252606419006,0.6736592530646253,138,False,2,3,20.975761751121013,0.5491920102841363,-8.130369811070045,26.04829265403537,False
HYBRID|wait=2|tol=0.0025|retrace=0.0075,atr_pullback,atr,HYBRID,2,0.0025,0.0075,19.325824236539482,12.22378392021839,1193.2582423653948,17.892705179784638,1.425149191358632,31.25,6.039320073918603,9.255398361876397,73.38098190777977,32,3,138,35,25.36231884057971,101,2,1.542857142857143,2,0.7487394242193111,0.4975200909546798,-0.3271513517098119,5,15.625,25.0,-40.35102644737128,51.708882561148904,0.7623025578428135,128,False,2,3,19.857096482034088,0.4753903314381489,-8.535499793487803,19.04640949701229,False
HYBRID|wait=2|tol=0.0025|retrace=0.0075,adx_pullback,adx,HYBRID,2,0.0025,0.0075,13.225558615385488,8.445065118069174,1132.255586153855,11.959696748242314,1.605516527497439,35.294117647058826,7.779740361991471,4.3782576321667905,37.69955177497565,17,18,138,35,25.36231884057971,101,2,1.542857142857143,2,1.0838283694126496,0.7338757569583748,-0.2168890565325998,3,17.647058823529413,23.61111111111111,-17.29566320602254,40.80885771074259,0.8606671668162691,72,False,2,4,18.860167571529175,0.6908430290787608,-5.392461912831674,5.21267871957217,False
HYBRID|wait=2|tol=0.0025|retrace=0.0075,atr_adx_pullback,atr_adx,HYBRID,2,0.0025,0.0075,13.901266686862687,8.867045126531604,1139.0126668686269,11.434289373352764,1.6566896802680655,37.5,8.688291679289186,4.363365599404319,35.317661312282944,16,19,138,35,25.36231884057971,101,2,1.542857142857143,2,1.0886367090478077,0.6998557643330355,-0.2168890565325998,3,18.75,23.52941176470588,-0.8169453236379354,38.5718781060893,0.9934681362662444,68,False,2,2,19.569501891336127,0.717674046769145,-5.392461912831674,-4.742984139312329,False
HYBRID|wait=3|tol=0.0025|retrace=0.0075,pullback,baseline,HYBRID,3,0.0025,0.0075,-8.992235901261427,-5.964828480658846,910.0776409873857,37.236855261028374,0.9052383876942831,21.818181818181817,-1.6349519820475342,14.132539091586002,114.72777762093035,55,0,138,55,39.85507246376812,80,3,2.0727272727272728,2,0.692616594596271,0.4971855679616056,-0.3271513517098119,6,10.909090909090908,39.85507246376812,-53.786361983894245,62.371252606419006,0.6736592530646253,138,False,2,4,20.812016663064426,0.45155938588575223,-19.89475171697826,12.62018287210049,False
HYBRID|wait=3|tol=0.0025|retrace=0.0075,atr_pullback,atr,HYBRID,3,0.0025,0.0075,3.3477649845144244,2.1725855331328647,1033.4776498451442,36.1110275525956,1.0362510960053264,22.448979591836736,0.6832173437784632,12.91139240506329,114.40421852784617,49,6,138,55,39.85507246376812,80,3,2.0727272727272728,2,0.6745871114909073,0.4971855679616056,-0.3271513517098119,6,12.244897959183673,38.28125,-40.35102644737128,51.708882561148904,0.7623025578428135,128,False,2,3,34.875792048442754,0.45155938588575223,-18.7662816757295,6.188580900649697,False
HYBRID|wait=3|tol=0.0025|retrace=0.0075,adx_pullback,adx,HYBRID,3,0.0025,0.0075,3.454601310943394,2.2415127663620193,1034.546013109434,27.95936062581625,1.0602894953987738,25.0,1.2337861824798,7.386448250186151,61.935481773496214,28,27,138,55,39.85507246376812,80,3,2.0727272727272728,2,0.9431940206482146,0.6998557643330355,-0.2168890565325998,3,10.714285714285714,38.88888888888889,-17.29566320602254,40.80885771074259,0.8606671668162691,72,False,2,2,10.405637099721531,0.5224595706669357,-10.276540026122518,-0.7887069831952314,False
HYBRID|wait=3|tol=0.0025|retrace=0.0075,atr_adx_pullback,atr_adx,HYBRID,3,0.0025,0.0075,13.379516716941383,8.54128878674032,1133.7951671694138,27.529436127365557,1.2533449041982376,26.923076923076923,5.145967968054392,7.2226358897989575,62.74829829055567,26,29,138,55,39.85507246376812,80,3,2.0727272727272728,2,0.9193152560120013,0.649690288363659,-0.2168890565325998,3,11.538461538461538,38.23529411764706,-0.8169453236379354,38.5718781060893,0.9934681362662444,68,False,2,1,20.99740000513939,0.6831722767846025,-9.741087899883462,-5.317873324313768,False
HYBRID|wait=5|tol=0.0025|retrace=0.0075,pullback,baseline,HYBRID,5,0.0025,0.0075,-16.569481913012908,-11.151839018212828,834.3051808698709,37.68473774633527,0.8577224701607082,21.62162162162162,-2.239119177434178,19.404318689501117,145.55268045067487,74,0,138,74,53.62318840579711,61,3,2.689189189189189,3.0,0.6684534359661902,0.5002888486579948,-0.3610519405704554,7,9.45945945945946,53.62318840579711,-53.786361983894245,62.371252606419006,0.6736592530646253,138,True,3,4,19.778317392823276,1.0984842664372674,-28.264368637641624,12.363346798197952,False
HYBRID|wait=5|tol=0.0025|retrace=0.0075,atr_pullback,atr,HYBRID,5,0.0025,0.0075,-4.455620025845257,-2.931166164349186,955.4437997415474,36.03046463217663,0.9615241071606925,22.388059701492537,-0.6650179143052556,18.04914370811616,146.9130405827469,67,7,138,74,53.62318840579711,61,3,2.689189189189189,3.0,0.6603270012973137,0.5027230833682357,-0.3610519405704554,7,10.44776119402985,52.34375,-40.35102644737128,51.708882561148904,0.7623025578428135,128,True,3,3,34.852699248853725,1.0984842664372674,-26.638559810897878,2.8495476413023724,False
HYBRID|wait=5|tol=0.0025|retrace=0.0075,adx_pullback,adx,HYBRID,5,0.0025,0.0075,0.3052286501566641,0.1991186320441818,1003.0522865015666,27.145603815276836,1.004221101127111,26.31578947368421,0.08032332898858685,11.407297096053611,82.78859962762904,38,36,138,74,53.62318840579711,61,3,2.689189189189189,3.0,0.8617310008935717,0.7571744457555871,-0.3610519405704554,4,10.526315789473683,52.77777777777778,-17.29566320602254,40.80885771074259,0.8606671668162691,72,True,2,2,-4.840471829692405,0.3483031833813195,-17.983139116595407,-4.901390999067791,False
HYBRID|wait=5|tol=0.0025|retrace=0.0075,atr_adx_pullback,atr_adx,HYBRID,5,0.0025,0.0075,9.928009043847828,6.373049237547357,1099.2800904384783,26.710822974743863,1.1435008631522667,27.77777777777778,2.7577802899577426,11.243484735666419,85.09757949568088,36,38,138,74,53.62318840579711,61,3,2.689189189189189,3.0,0.839959503114382,0.6998557643330355,-0.3610519405704554,4,11.11111111111111,52.94117647058824,-0.8169453236379354,38.5718781060893,0.9934681362662444,68,True,2,1,4.288655876540104,0.39007597951929207,-17.493678472074397,-11.340548957648059,False
HYBRID|wait=8|tol=0.0025|retrace=0.0075,pullback,baseline,HYBRID,8,0.0025,0.0075,-38.74828137389715,-27.380849308843114,612.5171862610285,46.15145468316994,0.691572569841676,20.0,-4.305364597099681,23.507073715562175,147.65357483049846,90,0,138,90,65.21739130434783,45,3,3.433333333333333,3.0,0.6027580420668511,0.48178881534060164,-1.5056894785094146,11,12.222222222222221,65.21739130434783,-53.786361983894245,62.371252606419006,0.6736592530646253,138,True,3,3,-10.3134348021943,1.0984842664372674,-36.681498370726935,5.801631058628608,True
HYBRID|wait=8|tol=0.0025|retrace=0.0075,atr_pullback,atr,HYBRID,8,0.0025,0.0075,-26.282629825960257,-18.04749204737064,737.1737017403974,41.906961338788264,0.7863716920469296,21.25,-3.285328728245035,21.347728965003725,146.80823078691517,80,10,138,90,65.21739130434783,45,3,3.433333333333333,3.0,0.6144486883826642,0.5002888486579948,-1.5056894785094146,9,11.25,62.5,-40.35102644737128,51.708882561148904,0.7623025578428135,128,True,3,3,6.115830281131918,1.0984842664372674,-30.556229072953784,2.9786301899238765,True
HYBRID|wait=8|tol=0.0025|retrace=0.0075,adx_pullback,adx,HYBRID,8,0.0025,0.0075,-20.22866027698749,-13.715054084393607,797.7133972301251,38.103452205783114,0.7679583682018202,22.916666666666664,-4.214304224372403,13.886820551005213,92.26903072802855,48,42,138,90,65.21739130434783,45,3,3.433333333333333,3.0,0.7465759908676769,0.6682884869127086,-1.5056894785094146,7,14.583333333333334,66.66666666666666,-17.29566320602254,40.80885771074259,0.8606671668162691,72,False,2,2,-20.935092601741857,0.3483031833813195,-22.923872848660746,-10.387282266997568,False
HYBRID|wait=8|tol=0.0025|retrace=0.0075,atr_adx_pullback,atr_adx,HYBRID,8,0.0025,0.0075,-8.737038931552798,-5.792803044000527,912.629610684472,34.999995178576576,0.8931296851303928,25.0,-1.985690666262002,13.3060312732688,92.34530986576156,44,46,138,90,65.21739130434783,45,3,3.433333333333333,3.0,0.7516816109895866,0.6682884869127086,-1.5056894785094146,6,13.636363636363635,64.70588235294117,-0.8169453236379354,38.5718781060893,0.9934681362662444,68,False,2,1,-9.545237790634397,0.3483031833813195,-19.05932051154256,-14.636105935972864,False
HYBRID|wait=2|tol=0.0050|retrace=0.0025,pullback,baseline,HYBRID,2,0.005,0.0025,-21.238392044108913,-14.429500545428342,787.6160795589109,36.42092873175506,0.7887316509442364,28.169014084507044,-2.991322823113936,22.85927029039464,132.7650652780035,71,0,138,71,51.449275362318836,65,2,1.267605633802817,1,0.3867422234830123,0.2909773484872965,-0.3271513517098119,11,15.492957746478872,51.449275362318836,-53.786361983894245,62.371252606419006,0.6736592530646253,138,True,2,4,-0.6055787639380417,0.48507215575465223,-22.446522959877107,11.627355527765552,False
HYBRID|wait=2|tol=0.0050|retrace=0.0025,atr_pullback,atr,HYBRID,2,0.005,0.0025,-14.342841485982024,-9.6112151786927,856.5715851401798,33.62054362595548,0.8520938277518604,31.25,-2.241068982184693,21.41474311243485,125.13834067020036,64,7,138,71,51.449275362318836,65,2,1.267605633802817,1,0.40465408762223554,0.29207445919089564,-0.3271513517098119,9,14.0625,50.0,-40.35102644737128,51.708882561148904,0.7623025578428135,128,True,2,4,7.513943756712971,0.5565313481950372,-19.336894190198418,5.617968386180777,False
HYBRID|wait=2|tol=0.0050|retrace=0.0025,adx_pullback,adx,HYBRID,2,0.005,0.0025,-18.52187294985589,-12.514496788008977,814.7812705014411,29.832612330258428,0.6898755388409776,26.47058823529412,-5.447609691134069,9.731943410275502,64.05184687930841,34,37,138,71,51.449275362318836,65,2,1.267605633802817,1,0.5571256923654305,0.4018349380235596,-0.2168890565325998,4,11.76470588235294,47.22222222222222,-17.29566320602254,40.80885771074259,0.8606671668162691,72,False,2,2,-11.779732012445276,0.516746610257548,-11.652295891952576,-0.3231133139811835,False
HYBRID|wait=2|tol=0.0050|retrace=0.0025,atr_adx_pullback,atr_adx,HYBRID,2,0.005,0.0025,-14.620285732008902,-9.80241509463694,853.797142679911,29.413867032971208,0.7455554979129999,28.125,-4.568839291252782,9.60536113179449,62.620588904312704,32,39,138,71,51.449275362318836,65,2,1.267605633802817,1,0.5511179256275145,0.4018349380235596,-0.2168890565325998,4,12.5,47.05882352941176,-0.8169453236379354,38.5718781060893,0.9934681362662444,68,False,2,1,-7.555296787965327,0.5691436976928643,-11.12505400865066,-6.701839433080965,False
HYBRID|wait=3|tol=0.0050|retrace=0.0025,pullback,baseline,HYBRID,3,0.005,0.0025,-31.637867729988862,-21.984047244127446,683.6213227001114,45.72825891236388,0.7549919112304174,26.136363636363637,-3.595212242044194,27.810871183916603,155.04238215198245,88,0,138,88,63.76811594202898,47,3,1.6022727272727273,1.0,0.4174244135102627,0.3013731019265745,-0.3271513517098119,12,13.636363636363635,63.76811594202898,-53.786361983894245,62.371252606419006,0.6736592530646253,138,True,2,4,-15.638755658446357,0.3818318884756192,-28.395039117816772,11.915713306395062,True
HYBRID|wait=3|tol=0.0050|retrace=0.0025,atr_pullback,atr,HYBRID,3,0.005,0.0025,-15.988847625123867,-10.748733085675822,840.1115237487613,41.22876595992605,0.873369973126685,29.11392405063291,-2.023904762673907,25.971705137751304,158.12560667946988,79,9,138,88,63.76811594202898,47,3,1.6022727272727273,1.0,0.42970206594329613,0.3149813941223029,-0.3271513517098119,9,11.39240506329114,61.71875,-40.35102644737128,51.708882561148904,0.7623025578428135,128,True,2,4,3.1140897869063044,0.47461745799050037,-22.751808332161623,2.2030542442175722,True
HYBRID|wait=3|tol=0.0050|retrace=0.0025,adx_pullback,adx,HYBRID,3,0.005,0.0025,-18.937793475200476,-12.806244612387363,810.6220652479952,35.65687444934928,0.7713859345818552,27.27272727272727,-4.30404397163648,13.55174981384959,82.7526701125326,44,44,138,88,63.76811594202898,47,3,1.6022727272727273,1.0,0.5799015878869415,0.4372327835248996,-0.2168890565325998,4,9.090909090909092,61.111111111111114,-17.29566320602254,40.80885771074259,0.8606671668162691,72,False,2,2,-13.59980174172235,0.48645474579769044,-19.620477568902388,-5.902214442413232,False
HYBRID|wait=3|tol=0.0050|retrace=0.0025,atr_adx_pullback,atr_adx,HYBRID,3,0.005,0.0025,-7.459298105213076,-4.933990656596244,925.4070189478692,35.27288721351384,0.9062669513266131,29.268292682926827,-1.8193410012714766,13.276247207743857,86.53545278965379,41,47,138,88,63.76811594202898,47,3,1.6022727272727273,1.0,0.5538738770754486,0.43116685297334434,-0.2168890565325998,4,9.75609756097561,60.29411764705882,-0.8169453236379354,38.5718781060893,0.9934681362662444,68,False,2,1,-1.3654410181435206,0.48645474579769044,-13.291584491977698,-8.868369916408003,False
HYBRID|wait=5|tol=0.0050|retrace=0.0025,pullback,baseline,HYBRID,5,0.005,0.0025,-34.11274005611526,-23.839303275025703,658.8725994388475,47.527282298958,0.7565398700060071,27.835051546391753,-3.516777325372711,30.573343261355173,170.76107333555464,97,0,138,97,70.28985507246377,38,3,1.8350515463917525,1,0.41286354602393693,0.3031412187590936,-0.3271513517098119,13,13.402061855670103,70.28985507246377,-53.786361983894245,62.371252606419006,0.6736592530646253,138,True,2,4,-15.583315806540476,0.6964620988629378,-32.4984987348393,9.996961517600425,True
HYBRID|wait=5|tol=0.0050|retrace=0.0025,atr_pullback,atr,HYBRID,5,0.005,0.0025,-19.030251823538094,-12.871170168848401,809.697481764619,43.176940504876846,0.8630755709966481,30.681818181818183,-2.162528616311151,28.73417721518987,176.0608446433748,88,9,138,97,70.28985507246377,38,3,1.8350515463917525,1,0.4234190771015813,0.3153341505903294,-0.3271513517098119,10,11.363636363636363,68.75,-40.35102644737128,51.708882561148904,0.7623025578428135,128,True,2,2,3.1818534847017466,0.6964620988629378,-27.178664112706624,-0.296525217766721,False
HYBRID|wait=5|tol=0.0050|retrace=0.0025,adx_pullback,adx,HYBRID,5,0.005,0.0025,-25.61921713653469,-17.566856106621387,743.8078286346531,41.08748552636735,0.7144539266817446,28.57142857142857,-5.228411660517267,15.055845122859271,89.98272290578677,49,48,138,97,70.28985507246377,38,3,1.8350515463917525,1,0.5622302643075129,0.43116685297334434,-0.2168890565325998,4,8.16326530612245,68.05555555555556,-17.29566320602254,40.80885771074259,0.8606671668162691,72,False,2,2,-24.523198095151677,0.38946268415930824,-19.446884969545213,-10.171689995954248,False
HYBRID|wait=5|tol=0.0050|retrace=0.0025,atr_adx_pullback,atr_adx,HYBRID,5,0.005,0.0025,-15.086818521735893,-10.124412089636825,849.1318147826411,40.73590711926872,0.827452801670106,30.434782608695656,-3.279743156899102,14.780342516753537,94.80812879313048,46,51,138,97,70.28985507246377,38,3,1.8350515463917525,1,0.5378791748725239,0.41906288002477793,-0.2168890565325998,4,8.695652173913043,67.64705882352942,-0.8169453236379354,38.5718781060893,0.9934681362662444,68,False,2,1,-13.83560200879037,0.4735821193889263,-18.260576543779926,-13.425465863947318,False
HYBRID|wait=8|tol=0.0050|retrace=0.0025,pullback,baseline,HYBRID,8,0.005,0.0025,-26.304112303630323,-18.063080941197352,736.9588769636968,48.93857758071442,0.8429882122466522,27.102803738317753,-2.458328252675728,34.102755026061054,204.83812391347735,107,0,138,107,77.53623188405797,28,3,2.3271028037383177,2,0.39443994914887165,0.31409781371798506,-1.5056894785094146,16,14.953271028037381,77.53623188405797,-53.786361983894245,62.371252606419006,0.6736592530646253,138,True,2,3,-8.417489791054777,0.6607016213809479,-33.779408926335066,9.996961517600425,True
HYBRID|wait=8|tol=0.0050|retrace=0.0025,atr_pullback,atr,HYBRID,8,0.005,0.0025,-9.434123174981005,-6.263096524138689,905.65876825019,44.705241673063476,0.9443165250272425,29.591836734693878,-0.9626656301001025,32.26358897989576,213.18671455876233,98,9,138,107,77.53623188405797,28,3,2.3271028037383177,2,0.40222642224027083,0.3243689968540441,-1.5056894785094146,13,13.26530612244898,76.5625,-40.35102644737128,51.708882561148904,0.7623025578428135,128,True,2,2,11.940586631957917,0.8519727600043039,-28.560523620244837,-0.296525217766721,False
HYBRID|wait=8|tol=0.0050|retrace=0.0025,adx_pullback,adx,HYBRID,8,0.005,0.0025,-9.974963495360862,-6.628845349106149,900.2503650463914,42.67198424028448,0.9127630276764807,28.57142857142857,-1.7812434813144458,18.0789277736411,121.26066062255369,56,51,138,107,77.53623188405797,28,3,2.3271028037383177,2,0.5043409186618252,0.41906288002477793,-1.5056894785094146,7,12.5,77.77777777777779,-17.29566320602254,40.80885771074259,0.8606671668162691,72,False,3,3,-11.394945485907193,1.0057983632880994,-20.28737531794435,4.826464325515006,False
HYBRID|wait=8|tol=0.0050|retrace=0.0025,atr_adx_pullback,atr_adx,HYBRID,8,0.005,0.0025,2.772678210953927,1.8011326727110033,1027.7267821095393,42.32986181276627,1.0240523599710338,30.18867924528302,0.5231468322554622,17.80342516753537,129.66857697246147,53,54,138,107,77.53623188405797,28,3,2.3271028037383177,2,0.4799292554364185,0.4069589070762115,-1.5056894785094146,7,13.20754716981132,77.94117647058823,-0.8169453236379354,38.5718781060893,0.9934681362662444,68,False,3,2,1.1516252478458666,1.2400841525639847,-19.811665906085672,-2.9062667079326285,False
HYBRID|wait=2|tol=0.0050|retrace=0.0050,pullback,baseline,HYBRID,2,0.005,0.005,-2.7952043610807324,-1.8334106869197897,972.0479563891927,25.471504456042588,0.9638206769028913,28.07017543859649,-0.49038673001416555,16.522710349962768,116.13654803023057,57,0,138,57,41.30434782608695,79,2,1.3508771929824561,1,0.4499565864051809,0.2697315528830865,-0.3271513517098119,11,19.298245614035086,41.30434782608695,-53.786361983894245,62.371252606419006,0.6736592530646253,138,False,2,3,22.546385632818588,0.5334072375268809,-11.466738832799104,17.796732939216326,False
HYBRID|wait=2|tol=0.0050|retrace=0.0050,atr_pullback,atr,HYBRID,2,0.005,0.005,1.4862495275902687,0.9675945376155903,1014.8624952759027,22.188844223426266,1.020319064714559,31.372549019607842,0.29142147599809193,15.18987341772152,104.21948098639876,51,6,138,57,41.30434782608695,79,2,1.3508771929824561,1,0.47816263040624646,0.27705040088736155,-0.3271513517098119,9,17.647058823529413,39.84375,-40.35102644737128,51.708882561148904,0.7623025578428135,128,False,2,3,27.254665070283266,0.6792500327893973,-11.466738832799104,17.798709952157786,False
HYBRID|wait=2|tol=0.0050|retrace=0.0050,adx_pullback,adx,HYBRID,2,0.005,0.005,-1.5127707559168584,-0.9900036715400962,984.8722924408314,20.106321333633947,0.9654324426879255,29.629629629629626,-0.560285465154392,7.386448250186151,54.91938003519546,27,30,138,57,41.30434782608695,79,2,1.3508771929824561,1,0.7017331206628945,0.5860602619065157,-0.2168890565325998,4,14.814814814814813,37.5,-17.29566320602254,40.80885771074259,0.8606671668162691,72,False,2,3,-0.8586661650006655,0.6687622261362716,-5.496659630308341,3.7785353432826243,False
HYBRID|wait=2|tol=0.0050|retrace=0.0050,atr_adx_pullback,atr_adx,HYBRID,2,0.005,0.005,-0.9250181623199978,-0.604737278430767,990.7498183768,19.62953142687584,0.9785762681508352,30.76923076923077,-0.35577621627692224,7.371556217423679,52.84829232911146,26,31,138,57,41.30434782608695,79,2,1.3508771929824561,1,0.6899961277941552,0.5815558749391082,-0.2168890565325998,4,15.384615384615385,38.23529411764706,-0.8169453236379354,38.5718781060893,0.9934681362662444,68,False,2,2,-0.2670100026594402,0.7210827925133194,-5.496659630308341,-10.336107162870622,False
HYBRID|wait=3|tol=0.0050|retrace=0.0050,pullback,baseline,HYBRID,3,0.005,0.005,-24.12156194898247,-16.48725832818022,758.7843805101753,44.96141528076617,0.7986004314747309,24.0,-3.216208259864328,21.213700670141474,143.6763935295556,75,0,138,75,54.347826086956516,60,3,1.7466666666666666,2,0.5195794175113736,0.38954699608538884,-0.3271513517098119,12,16.0,54.347826086956516,-53.786361983894245,62.371252606419006,0.6736592530646253,138,True,2,3,-5.696953468908628,0.4983291931383445,-25.561034229914004,6.953900359164745,False
HYBRID|wait=3|tol=0.0050|retrace=0.0050,atr_pullback,atr,HYBRID,3,0.005,0.005,-8.150532108924574,-5.3980771647327614,918.4946789107543,40.39834582521911,0.9292127585546962,27.27272727272727,-1.2349291074128177,19.389426656738646,142.3107153078734,66,9,138,75,54.347826086956516,60,3,1.7466666666666666,2,0.5255488068637844,0.4288271404471098,-0.3271513517098119,9,13.636363636363635,51.5625,-40.35102644737128,51.708882561148904,0.7623025578428135,128,True,2,3,13.537069173594386,0.4983291931383445,-19.69445378477883,5.260408791600366,False
HYBRID|wait=3|tol=0.0050|retrace=0.0050,adx_pullback,adx,HYBRID,3,0.005,0.005,-9.881848513651176,-6.565821119181281,901.1815148634882,34.31580640608683,0.8729534113274093,25.64102564102564,-2.533807311192603,11.273268801191362,80.54703805286766,39,36,138,75,54.347826086956516,60,3,1.7466666666666666,2,0.7212676683120651,0.6279817525450055,-0.2168890565325998,4,10.256410256410255,54.166666666666664,-17.29566320602254,40.80885771074259,0.8606671668162691,72,True,2,1,-13.011476720699577,0.322080454031567,-13.317249638832324,-4.5029971509996365,False
HYBRID|wait=3|tol=0.0050|retrace=0.0050,atr_adx_pullback,atr_adx,HYBRID,3,0.005,0.005,-1.2363651933041637,-0.8087232078643258,987.6363480669584,33.9238159374804,0.9835312737589839,27.027027027027028,-0.3341527549470713,11.10945644080417,82.86150627417346,37,38,138,75,54.347826086956516,60,3,1.7466666666666666,2,0.6924919768197991,0.6255745243329983,-0.2168890565325998,4,10.81081081081081,54.41176470588235,-0.8169453236379354,38.5718781060893,0.9934681362662444,68,True,2,1,-4.666234228827804,0.5074459005219345,-12.702508828407918,-10.404359205366905,False
HYBRID|wait=5|tol=0.0050|retrace=0.0050,pullback,baseline,HYBRID,5,0.005,0.005,-28.083211336476438,-19.359632378142845,719.1678866352356,45.04870746342568,0.7892895109518351,25.842696629213485,-3.155417004098476,26.031273268801193,164.49393716522812,89,0,138,89,64.4927536231884,46,3,2.146067415730337,2,0.5123646350261073,0.41435556681776464,-0.3610519405704554,14,15.730337078651685,64.4927536231884,-53.786361983894245,62.371252606419006,0.6736592530646253,138,True,2,3,-12.199319792318352,0.862145795229674,-29.82690193247523,2.688032656603518,True
HYBRID|wait=5|tol=0.0050|retrace=0.0050,atr_pullback,atr,HYBRID,5,0.005,0.005,-12.946036570517231,-8.651857399806618,870.5396342948277,40.49287511788866,0.9009111622381347,28.749999999999996,-1.6182545713146452,24.20699925539836,165.95302207905456,80,9,138,89,64.4927536231884,46,3,2.146067415730337,2,0.516477718212254,0.44557403637085546,-0.3610519405704554,11,13.750000000000002,62.5,-40.35102644737128,51.708882561148904,0.7623025578428135,128,True,2,3,5.708482057804498,0.862145795229674,-24.296517131469304,0.6583454449098909,True
HYBRID|wait=5|tol=0.0050|retrace=0.0050,adx_pullback,adx,HYBRID,5,0.005,0.005,-13.503241169165674,-9.033912697636415,864.9675883083432,36.862942522334535,0.8442485746246626,28.26086956521739,-2.9354872106881906,14.482501861504096,93.38170038817812,46,43,138,89,64.4927536231884,46,3,2.146067415730337,2,0.6712011415182885,0.605817393119757,-0.3610519405704554,5,10.869565217391305,63.888888888888886,-17.29566320602254,40.80885771074259,0.8606671668162691,72,True,2,1,-24.79153374258196,0.2981897529176289,-18.193464454804996,-5.857123562568825,False
HYBRID|wait=5|tol=0.0050|retrace=0.0050,atr_adx_pullback,atr_adx,HYBRID,5,0.005,0.005,-5.20517609124006,-3.4288902370960828,947.9482390875994,36.48615286575253,0.93862576848104,29.545454545454547,-1.1829945661909305,14.318689501116902,96.81594139314677,44,45,138,89,64.4927536231884,46,3,2.146067415730337,2,0.6447276497273476,0.5815558749391082,-0.3610519405704554,5,11.363636363636363,64.70588235294117,-0.8169453236379354,38.5718781060893,0.9934681362662444,68,False,2,1,-17.576410819472688,0.525641536464163,-17.705258990919937,-13.282044415350242,False
HYBRID|wait=8|tol=0.0050|retrace=0.0050,pullback,baseline,HYBRID,8,0.005,0.005,-18.377955994761827,-12.413666633291065,816.2204400523817,46.526665977507754,0.8875554306666523,26.0,-1.8377955994761839,30.163812360387194,204.15510038020753,100,0,138,100,72.46376811594203,35,3,2.7,2.0,0.4812240183743179,0.40195128145157677,-1.5056894785094146,17,17.0,72.46376811594203,-53.786361983894245,62.371252606419006,0.6736592530646253,138,True,2,3,-3.3465175486991128,0.7546087059437959,-31.15850841231394,1.3564261767648098,True
HYBRID|wait=8|tol=0.0050|retrace=0.0050,atr_pullback,atr,HYBRID,8,0.005,0.005,-1.1980016638927167,-0.7835764374465426,988.0199833610728,42.09336634945567,0.9926666066971209,28.57142857142857,-0.1316485344937064,28.339538346984362,208.10054835288176,91,9,138,100,72.46376811594203,35,3,2.7,2.0,0.48176007447350044,0.4432987140764549,-1.5056894785094146,14,15.384615384615385,71.09375,-40.35102644737128,51.708882561148904,0.7623025578428135,128,True,2,2,16.36689933791402,0.8878158149325202,-25.733068332858274,-0.7782057564790783,False
HYBRID|wait=8|tol=0.0050|retrace=0.0050,adx_pullback,adx,HYBRID,8,0.005,0.005,4.689323928904492,3.0363298587953613,1046.893239289045,38.56106366463691,1.0413984483393697,28.30188679245283,0.8847780997933067,17.505584512285928,128.13824972298067,53,47,138,100,72.46376811594203,35,3,2.7,2.0,0.5956426604497236,0.5770514879717007,-1.5056894785094146,8,15.09433962264151,73.61111111111111,-17.29566320602254,40.80885771074259,0.8606671668162691,72,True,3,2,-11.70995478768717,1.0974289606739003,-19.74582733780486,-5.857123562568825,False
HYBRID|wait=8|tol=0.0050|retrace=0.0050,atr_adx_pullback,atr_adx,HYBRID,8,0.005,0.005,14.732692428122482,9.385079818662723,1147.3269242812248,38.19440806414838,1.12963428977777,29.411764705882355,2.8887632212004934,17.341772151898734,133.9904953844191,51,49,138,100,72.46376811594203,35,3,2.7,2.0,0.5698397074901447,0.5581330684312924,-1.5056894785094146,8,15.686274509803921,75.0,-0.8169453236379354,38.5718781060893,0.9934681362662444,68,True,3,2,-3.239850811449174,1.0974289606739003,-19.266886073122908,-13.58985459601646,False
HYBRID|wait=2|tol=0.0050|retrace=0.0075,pullback,baseline,HYBRID,2,0.005,0.0075,4.9220329303961305,3.1857641279995352,1049.2203293039613,22.50000894758268,1.0695463369933875,28.846153846153843,0.9465447943069569,15.033507073715564,112.70216026547239,52,0,138,52,37.68115942028986,84,2,1.3461538461538463,1.0,0.5056218417823265,0.2440985359040615,-0.3271513517098119,11,21.153846153846153,37.68115942028986,-53.786361983894245,62.371252606419006,0.6736592530646253,138,False,2,4,35.51824534678938,0.5383861416551721,-8.130559872856997,22.643606088135602,False
HYBRID|wait=2|tol=0.0050|retrace=0.0075,atr_pullback,atr,HYBRID,2,0.005,0.0075,9.543397986970218,6.129982384360022,1095.4339798697022,19.08646709625346,1.1438718011413387,32.608695652173914,2.0746517362978834,13.70067014147431,99.83897905524377,46,6,138,52,37.68115942028986,84,2,1.3461538461538463,1.0,0.5441544456153096,0.26246490652042953,-0.3271513517098119,9,19.565217391304348,35.9375,-40.35102644737128,51.708882561148904,0.7623025578428135,128,False,2,3,40.7249086414488,0.6792500327893973,-8.101976836801624,20.507952553622932,False
HYBRID|wait=2|tol=0.0050|retrace=0.0075,adx_pullback,adx,HYBRID,2,0.005,0.0075,6.306280899517697,4.072293831861562,1063.062808995177,16.92091277844005,1.1783750335337708,31.818181818181817,2.8664913179625997,5.8972449739389425,47.79411238082863,22,30,138,52,37.68115942028986,84,2,1.3461538461538463,1.0,0.8905274820674461,0.5443916726373756,-0.2168890565325998,4,18.181818181818183,30.555555555555557,-17.29566320602254,40.80885771074259,0.8606671668162691,72,False,2,3,9.242790573001614,0.6958811819875231,-2.709092767473919,5.247752147929816,False
HYBRID|wait=2|tol=0.0050|retrace=0.0075,atr_adx_pullback,atr_adx,HYBRID,2,0.005,0.0075,6.940696069828596,4.47725857031287,1069.406960698286,16.42511297411092,1.1998927032168858,33.33333333333333,3.3050933665850457,5.88235294117647,45.55859785635305,21,31,138,52,37.68115942028986,84,2,1.3461538461538463,1.0,0.8849861747730333,0.5027230833682357,-0.2168890565325998,4,19.047619047619047,30.88235294117647,-0.8169453236379354,38.5718781060893,0.9934681362662444,68,False,2,2,9.894730260856122,0.7210827925133194,-2.709092767473919,-6.744448570624467,False
HYBRID|wait=3|tol=0.0050|retrace=0.0075,pullback,baseline,HYBRID,3,0.005,0.0075,-13.989966314202196,-9.368342699013832,860.100336857978,40.63825818037004,0.8751766928031197,23.88059701492537,-2.0880546737615164,18.72673119880864,137.31323327515352,67,0,138,67,48.55072463768116,68,3,1.7164179104477613,1,0.5633977709092183,0.27705040088736155,-0.3271513517098119,12,17.91044776119403,48.55072463768116,-53.786361983894245,62.371252606419006,0.6736592530646253,138,False,2,4,11.808031253417116,0.5655588798839565,-23.00807670621349,9.506857882865258,False
HYBRID|wait=3|tol=0.0050|retrace=0.0075,atr_pullback,atr,HYBRID,3,0.005,0.0075,4.113579960915353,2.6661187117200447,1041.1357996091535,35.71676987708243,1.0388951433108407,27.586206896551722,0.7092379242957546,16.902457185405808,134.2219378774285,58,9,138,67,48.55072463768116,68,3,1.7164179104477613,1,0.5769899239754204,0.30320438035361885,-0.3271513517098119,9,15.517241379310345,45.3125,-40.35102644737128,51.708882561148904,0.7623025578428135,128,False,2,3,34.61236561850987,0.5655588798839565,-16.940296116357594,8.014566460021602,False
HYBRID|wait=3|tol=0.0050|retrace=0.0075,adx_pullback,adx,HYBRID,3,0.005,0.0075,0.05866983452481236,0.03829015841152472,1000.5866983452481,29.15646066040891,1.000869464512709,25.0,0.01833432328900031,8.830975428145942,70.2389480461185,32,35,138,67,48.55072463768116,68,3,1.7164179104477613,1,0.8595920056223367,0.6098025334630688,-0.2168890565325998,4,12.5,44.44444444444444,-17.29566320602254,40.80885771074259,0.8606671668162691,72,False,2,1,0.6394755961180776,0.40026563455615355,-10.244200654140503,-2.340441450460265,False
HYBRID|wait=3|tol=0.0050|retrace=0.0075,atr_adx_pullback,atr_adx,HYBRID,3,0.005,0.0075,9.65779661245849,6.202311057630316,1096.577966124585,28.73368022170622,1.1510881277175113,26.666666666666668,3.2192655374861716,8.667163067758748,71.87839345008445,30,37,138,67,48.55072463768116,68,3,1.7164179104477613,1,0.83332360860256,0.5443916726373756,-0.2168890565325998,4,13.333333333333334,44.11764705882353,-0.8169453236379354,38.5718781060893,0.9934681362662444,68,False,2,1,10.294321964849008,0.6880987699874281,-9.708555532830871,-6.815294574708901,False
HYBRID|wait=5|tol=0.0050|retrace=0.0075,pullback,baseline,HYBRID,5,0.005,0.0075,-26.152510112839572,-17.95310356181131,738.4748988716043,43.00359479224276,0.7962821967447027,24.705882352941178,-3.0767658956281836,23.864482501861502,157.97208833287672,85,0,138,85,61.59420289855072,50,3,2.2588235294117647,2,0.5624791120848374,0.386635070682406,-0.3610519405704554,14,16.470588235294116,61.59420289855072,-53.786361983894245,62.371252606419006,0.6736592530646253,138,True,2,4,-0.8080020153253376,0.8919625385113232,-29.621128478875868,8.413071749445315,True
HYBRID|wait=5|tol=0.0050|retrace=0.0075,atr_pullback,atr,HYBRID,5,0.005,0.0075,-10.608957887789835,-7.058563635472382,893.9104211221016,38.27820882880965,0.9152127573949266,27.631578947368425,-1.3959155115512913,22.040208488458674,158.54112524097985,76,9,138,85,61.59420289855072,50,3,2.2588235294117647,2,0.5727432824587885,0.40195128145157677,-0.3610519405704554,11,14.473684210526317,59.375,-40.35102644737128,51.708882561148904,0.7623025578428135,128,True,2,3,19.42316977999221,0.8919625385113232,-24.07452654606907,0.8803360303101258,False
HYBRID|wait=5|tol=0.0050|retrace=0.0075,adx_pullback,adx,HYBRID,5,0.005,0.0075,-11.132934418730201,-7.414511787464573,888.670655812698,34.513181664883625,0.8626503264745873,26.190476190476193,-2.6506986711262437,12.323157110945644,85.9231632598613,42,43,138,85,61.59420289855072,50,3,2.2588235294117647,2,0.7890345947620063,0.6098025334630688,-0.3610519405704554,5,11.904761904761903,58.333333333333336,-17.29566320602254,40.80885771074259,0.8606671668162691,72,True,2,2,-15.31071649121193,0.2575095531178345,-17.95357746378264,-4.676751021135646,False
HYBRID|wait=5|tol=0.0050|retrace=0.0075,atr_adx_pullback,atr_adx,HYBRID,5,0.005,0.0075,-2.6074740032729324,-1.7097073230666782,973.9252599672707,34.12236909336252,0.96690422668959,27.500000000000004,-0.6518685008182417,12.159344750558452,88.81628899632165,40,45,138,85,61.59420289855072,50,3,2.2588235294117647,2,0.7658054264541573,0.5578046597536825,-0.3610519405704554,5,12.5,58.82352941176471,-0.8169453236379354,38.5718781060893,0.9934681362662444,68,True,2,1,-7.186051527369674,0.41096866632814627,-17.463940401077867,-11.095818650067178,False
HYBRID|wait=8|tol=0.0050|retrace=0.0075,pullback,baseline,HYBRID,8,0.005,0.0075,-16.186704366801198,-10.885986323414876,838.132956331988,44.53655823059704,0.8975077177687681,25.0,-1.6861150382084584,27.997021593447506,197.19412331793723,96,0,138,96,69.56521739130434,39,3,2.8229166666666665,2.0,0.5242986859095771,0.3819695675332001,-1.5056894785094146,17,17.708333333333336,69.56521739130434,-53.786361983894245,62.371252606419006,0.6736592530646253,138,True,2,4,9.193368591721285,0.7737844921497884,-30.956639720963018,8.413071749445315,True
HYBRID|wait=8|tol=0.0050|retrace=0.0075,atr_pullback,atr,HYBRID,8,0.005,0.0075,1.4544685399393302,0.9469558370151621,1014.5446853993933,39.93826526342653,1.0092566100359504,27.586206896551722,0.16718029194704945,26.172747580044675,200.15053541155729,87,9,138,96,69.56521739130434,39,3,2.8229166666666665,2.0,0.5293153883560479,0.38954699608538884,-1.5056894785094146,14,16.091954022988507,67.96875,-40.35102644737128,51.708882561148904,0.7623025578428135,128,True,2,2,31.46441710139909,0.8634092886130504,-25.5152902464088,-0.560427670029604,False
HYBRID|wait=8|tol=0.0050|retrace=0.0075,adx_pullback,adx,HYBRID,8,0.005,0.0075,7.55816912682119,4.870608228925466,1075.581691268212,36.274501485597746,1.07094485113975,26.53061224489796,1.542483495269633,15.346239761727476,119.6631134885347,49,47,138,96,69.56521739130434,39,3,2.8229166666666665,2.0,0.6904747239591498,0.5295490576008495,-1.5056894785094146,8,16.3265306122449,68.05555555555556,-17.29566320602254,40.80885771074259,0.8606671668162691,72,True,3,3,-0.5800670845116929,1.2866975212613407,-19.51049244837801,3.0633338037009468,True
HYBRID|wait=8|tol=0.0050|retrace=0.0075,atr_adx_pullback,atr_adx,HYBRID,8,0.005,0.0075,17.876760240997235,11.332380214564886,1178.7676024099724,35.894200127568126,1.1679769146216115,27.659574468085108,3.803566008722819,15.18242740134028,124.86735631966526,47,49,138,96,69.56521739130434,39,3,2.8229166666666665,2.0,0.6665111819608589,0.5292151103772291,-1.5056894785094146,8,17.02127659574468,69.11764705882352,-0.8169453236379354,38.5718781060893,0.9934681362662444,68,True,3,2,8.95778247802712,1.3812052361273037,-19.03014675093168,-4.6693972297466875,False
HYBRID|wait=2|tol=0.0075|retrace=0.0025,pullback,baseline,HYBRID,2,0.0075,0.0025,-4.959040230168125,-3.265299617567896,950.4095976983187,36.5319068732984,0.9630283729826106,28.749999999999996,-0.6198800287710184,27.624720774385704,172.56372956118872,80,0,138,80,57.971014492753625,56,2,1.2,1.0,0.3254199886736475,0.26548483754685237,-0.36051373206819665,20,25.0,57.971014492753625,-53.786361983894245,62.371252606419006,0.6736592530646253,138,True,2,4,12.907838806378491,0.45783427573823027,-27.937317226622305,10.88933876959436,False
HYBRID|wait=2|tol=0.0075|retrace=0.0025,atr_pullback,atr,HYBRID,2,0.0075,0.0025,7.203236235886994,4.644601001840565,1072.03236235887,31.273701360896144,1.0564381517439376,31.944444444444443,1.000449477206538,25.92702903946389,162.63371429081766,72,8,138,80,57.971014492753625,56,2,1.2,1.0,0.3436335749051003,0.2820068429958429,-0.36051373206819665,17,23.61111111111111,56.25,-40.35102644737128,51.708882561148904,0.7623025578428135,128,True,2,4,26.953525371758612,0.5199652699952579,-22.262228762092047,2.6926338142871487,False
HYBRID|wait=2|tol=0.0075|retrace=0.0025,adx_pullback,adx,HYBRID,2,0.0075,0.0025,-5.456686291344442,-3.5962052914454756,945.4331370865556,34.194884612861436,0.9288111209321714,26.31578947368421,-1.435970076669581,11.734921816827997,80.89961046314235,38,42,138,80,57.971014492753625,56,2,1.2,1.0,0.4856824075202333,0.37143802206450754,-0.2708508654463853,7,18.421052631578945,52.77777777777778,-17.29566320602254,40.80885771074259,0.8606671668162691,72,True,2,2,0.4013176973294508,0.44956877063292944,-14.667338851429962,-0.3231133139811835,False
HYBRID|wait=2|tol=0.0075|retrace=0.0025,atr_adx_pullback,atr_adx,HYBRID,2,0.0075,0.0025,-0.9294714712053292,-0.607653391971108,990.7052852879467,33.80217250655498,0.9876088510503003,27.77777777777778,-0.25818651977925494,11.608339538346984,79.80240775214081,36,44,138,80,57.971014492753625,56,2,1.2,1.0,0.47637309903957475,0.37143802206450754,-0.2708508654463853,7,19.444444444444446,52.94117647058824,-0.8169453236379354,38.5718781060893,0.9934681362662444,68,True,2,1,5.209043549223646,0.5691436976928643,-14.15809015702007,-9.734875581450375,False
HYBRID|wait=3|tol=0.0075|retrace=0.0025,pullback,baseline,HYBRID,3,0.0075,0.0025,-27.441716118968735,-18.890860400992626,725.5828388103126,41.91389260799326,0.8009915064646714,28.421052631578945,-2.888601696733555,31.876396128071484,172.59599135499462,95,0,138,95,68.84057971014492,40,3,1.4842105263157894,1,0.34863877593217,0.2902899383085157,-0.36051373206819665,23,24.210526315789473,68.84057971014492,-53.786361983894245,62.371252606419006,0.6736592530646253,138,True,2,4,-16.439319263173335,0.34043745012571636,-29.309868032914654,9.951393662025133,False
HYBRID|wait=3|tol=0.0075|retrace=0.0025,atr_pullback,atr,HYBRID,3,0.0075,0.0025,-10.836975193590046,-7.213371232341881,891.6302480640995,37.10157392885936,0.9202336388555616,31.3953488372093,-1.260113394603495,30.029784065524943,177.19429196466794,86,9,138,95,68.84057971014492,40,3,1.4842105263157894,1,0.3526553607702758,0.2908496010680892,-0.36051373206819665,20,23.25581395348837,67.1875,-40.35102644737128,51.708882561148904,0.7623025578428135,128,True,2,3,2.3583669278685493,0.4706155374973159,-23.742870843202297,1.2119917331768981,False
HYBRID|wait=3|tol=0.0075|retrace=0.0025,adx_pullback,adx,HYBRID,3,0.0075,0.0025,-20.21195694980138,-13.703261964679248,797.8804305019862,36.5628374754923,0.7601269183532638,29.78723404255319,-4.300416372298166,15.011169024571855,87.83428918956439,47,48,138,95,68.84057971014492,40,3,1.4842105263157894,1,0.4880681212485903,0.38954699608538884,-0.28133376073330923,9,19.148936170212767,65.27777777777779,-17.29566320602254,40.80885771074259,0.8606671668162691,72,False,2,2,-17.86124957743138,0.38923283425035105,-19.616245980744612,-6.819189625993566,False
HYBRID|wait=3|tol=0.0075|retrace=0.0025,atr_adx_pullback,atr_adx,HYBRID,3,0.0075,0.0025,-8.913884494151,-5.911994868194603,910.86115505849,36.18425685046721,0.8902290801250804,31.818181818181817,-2.0258828395797726,14.73566641846612,92.31396455778905,44,51,138,95,68.84057971014492,40,3,1.4842105263157894,1,0.4575536543579935,0.37143802206450754,-0.28133376073330923,9,20.454545454545457,64.70588235294117,-0.8169453236379354,38.5718781060893,0.9934681362662444,68,False,2,1,-6.230314437100959,0.46166207988022584,-14.214032004778312,-9.79081742920862,False
HYBRID|wait=5|tol=0.0075|retrace=0.0025,pullback,baseline,HYBRID,5,0.0075,0.0025,-29.49421634697383,-20.395865714634265,705.0578365302617,44.326329622412864,0.8040470621796927,29.126213592233007,-2.8635161501916313,34.542069992553984,188.0200138470211,103,0,138,103,74.63768115942028,32,3,1.6990291262135921,1,0.341894652300693,0.29072185364888187,-0.6572215663124642,26,25.24271844660194,74.63768115942028,-53.786361983894245,62.371252606419006,0.6736592530646253,138,True,2,3,-14.067130975183028,0.6230239346148345,-33.32988136080963,7.372532413952875,False
HYBRID|wait=5|tol=0.0075|retrace=0.0025,atr_pullback,atr,HYBRID,5,0.0075,0.0025,-13.359183809284808,-8.935055989702034,866.4081619071519,39.713876560514535,0.9112284885405043,31.914893617021278,-1.421189766945195,32.69545793000744,194.9866325669794,94,9,138,103,74.63768115942028,32,3,1.6990291262135921,1,0.34492368616658453,0.29101471151438363,-0.6572215663124642,23,24.46808510638298,73.4375,-40.35102644737128,51.708882561148904,0.7623025578428135,128,True,2,2,5.264199157369487,0.6230239346148345,-28.07946871092265,-2.5908604884856885,False
HYBRID|wait=5|tol=0.0075|retrace=0.0025,adx_pullback,adx,HYBRID,5,0.0075,0.0025,-26.912125056828266,-18.504945997547683,730.8787494317173,41.88994711370684,0.7073860773366192,28.846153846153843,-5.175408664774666,16.55994043186895,94.56659212057856,52,51,138,103,74.63768115942028,32,3,1.6990291262135921,1,0.459875254965772,0.3880910333838974,-0.6572215663124642,11,21.153846153846153,72.22222222222221,-17.29566320602254,40.80885771074259,0.8606671668162691,72,False,2,2,-26.98162306424927,0.36995076667267063,-19.616245980744612,-10.341051007153647,False
HYBRID|wait=5|tol=0.0075|retrace=0.0025,atr_adx_pullback,atr_adx,HYBRID,5,0.0075,0.0025,-16.562803589977225,-11.147197057887237,834.3719641002277,41.54315764099942,0.8159875243702961,30.612244897959183,-3.3801639979545364,16.284437825763217,100.05472285577936,49,54,138,103,74.63768115942028,32,3,1.6990291262135921,1,0.4307484153324105,0.386635070682406,-0.6572215663124642,11,22.448979591836736,72.05882352941177,-0.8169453236379354,38.5718781060893,0.9934681362662444,68,False,2,1,-16.642142589774377,0.46166207988022584,-19.092516810093638,-13.617661589305715,False
HYBRID|wait=8|tol=0.0075|retrace=0.0025,pullback,baseline,HYBRID,8,0.0075,0.0025,-24.43274626434683,-16.710964690253448,755.6725373565317,46.62264278044521,0.8630462741453385,28.07017543859649,-2.1432233565216556,38.168279970215934,219.9282904841328,114,0,138,114,82.6086956521739,21,3,2.2017543859649122,1.0,0.3211291608558472,0.2905058959786988,-1.5056894785094146,31,27.192982456140353,82.6086956521739,-53.786361983894245,62.371252606419006,0.6736592530646253,138,True,2,3,-14.739443343350889,0.6511297055388195,-34.595015214614,4.904148749199791,False
HYBRID|wait=8|tol=0.0075|retrace=0.0025,atr_pullback,atr,HYBRID,8,0.0075,0.0025,-7.139411808142928,-4.719630390501772,928.6058819185707,40.67291063405139,0.960711198892539,30.476190476190478,-0.6799439817278946,36.321667907669394,230.13447497772805,105,9,138,114,82.6086956521739,21,3,2.2017543859649122,1.0,0.3220609680976585,0.2909773484872965,-1.5056894785094146,28,26.666666666666668,82.03125,-40.35102644737128,51.708882561148904,0.7623025578428135,128,True,2,2,4.440644400942717,0.8368634313434133,-29.444234527672176,-4.489371951292981,False
HYBRID|wait=8|tol=0.0075|retrace=0.0025,adx_pullback,adx,HYBRID,8,0.0075,0.0025,-13.977193511590643,-9.35955809192035,860.2280648840936,43.45286298797664,0.8802142416166798,28.333333333333332,-2.3295322519317723,19.769173492181682,125.2644087547278,60,54,138,114,82.6086956521739,21,3,2.2017543859649122,1.0,0.4092982878803125,0.3699820593630161,-1.5056894785094146,15,25.0,83.33333333333334,-17.29566320602254,40.80885771074259,0.8606671668162691,72,False,2,3,-20.442632474902123,0.9201478124325003,-21.098686915243263,2.334454818945141,False
HYBRID|wait=8|tol=0.0075|retrace=0.0025,atr_adx_pullback,atr_adx,HYBRID,8,0.0075,0.0025,-1.796271867316716,-1.17612139747435,982.0372813268328,43.115400692668,0.9847738035614785,29.82456140350877,-0.31513541531870815,19.49367088607595,134.33440217826364,57,57,138,114,82.6086956521739,21,3,2.2017543859649122,1.0,0.38159748010327577,0.35332904804362625,-1.5056894785094146,15,26.31578947368421,83.82352941176471,-0.8169453236379354,38.5718781060893,0.9934681362662444,68,False,3,2,-9.177223920968302,1.2254570969905967,-20.627819252910786,-5.398276214502493,False
HYBRID|wait=2|tol=0.0075|retrace=0.0050,pullback,baseline,HYBRID,2,0.0075,0.005,21.650839068062304,13.64622267609632,1216.508390680623,26.950960396778413,1.1918140695713162,30.434782608695656,3.1378027634872874,23.953834698436335,163.697425546538,69,0,138,69,50.0,67,2,1.2608695652173914,1,0.3563447168344279,0.2200095350491254,-0.36051373206819665,20,28.985507246376812,50.0,-53.786361983894245,62.371252606419006,0.6736592530646253,138,True,2,3,39.77302698546721,0.4636797881252918,-14.986240619648697,17.52869396943005,False
HYBRID|wait=2|tol=0.0075|retrace=0.0050,atr_pullback,atr,HYBRID,2,0.0075,0.005,31.72936957155609,19.70639926503108,1317.293695715561,26.950960396778413,1.3072389364722294,33.87096774193548,5.117640253476786,22.36783320923306,146.75423098288616,62,7,138,69,50.0,67,2,1.2608695652173914,1,0.3805711088055646,0.2283038692015461,-0.36051373206819665,17,27.419354838709676,48.4375,-40.35102644737128,51.708882561148904,0.7623025578428135,128,False,2,3,50.87402040094273,0.5313655291614773,-14.736688188538825,16.663635056687177,False
HYBRID|wait=2|tol=0.0075|retrace=0.0050,adx_pullback,adx,HYBRID,2,0.0075,0.005,23.053149871414757,14.49958800487452,1230.5314987141476,20.241796994073393,1.3729273177435033,33.33333333333333,6.985802991337798,11.86150409530901,79.42826053913927,33,36,138,69,50.0,67,2,1.2608695652173914,1,0.5752687666138322,0.5027230833682357,-0.2708508654463853,7,21.21212121212121,45.83333333333333,-17.29566320602254,40.80885771074259,0.8606671668162691,72,False,2,3,17.61925680747247,0.7591224682979076,-5.978066452053883,1.9256927516263547,False
HYBRID|wait=2|tol=0.0075|retrace=0.0050,atr_adx_pullback,atr_adx,HYBRID,2,0.0075,0.005,23.78750709257231,14.945127293016736,1237.875070925723,20.241796994073393,1.38941467196892,34.375,7.4335959664288325,11.846612062546539,76.77872928393997,32,37,138,69,50.0,67,2,1.2608695652173914,1,0.5617804488439483,0.4752862210167459,-0.2708508654463853,7,21.875,47.05882352941176,-0.8169453236379354,38.5718781060893,0.9934681362662444,68,False,2,1,18.32118561363474,0.7591224682979076,-5.416961873095307,-8.483998341856294,False
HYBRID|wait=3|tol=0.0075|retrace=0.0050,pullback,baseline,HYBRID,3,0.0075,0.005,-15.989265198737382,-10.749022638233896,840.1073480126262,38.06920934501406,0.8813736067086335,29.545454545454547,-1.8169619544019753,29.38198064035741,175.30121354858048,88,0,138,88,63.76811594202898,47,3,1.6363636363636365,1.0,0.4176099858605696,0.26083809612383174,-0.36051373206819665,23,26.136363636363637,63.76811594202898,-53.786361983894245,62.371252606419006,0.6736592530646253,138,True,2,3,-9.008270097840242,0.3669863883358619,-26.814505676119264,5.7004289129594845,False
HYBRID|wait=3|tol=0.0075|retrace=0.0050,atr_pullback,atr,HYBRID,3,0.0075,0.005,1.687950594005349,1.0985277311467812,1016.8795059400535,32.93836629038837,1.0128969755659074,32.91139240506329,0.21366463215257728,27.55026061057334,175.6642342232562,79,9,138,88,63.76811594202898,47,3,1.6363636363636365,1.0,0.41091147072730605,0.27130857552145504,-0.36051373206819665,20,25.31645569620253,61.71875,-40.35102644737128,51.708882561148904,0.7623025578428135,128,True,2,3,9.789351881173559,0.5085501273862348,-21.050993430612923,3.903869145766272,False
HYBRID|wait=3|tol=0.0075|retrace=0.0050,adx_pullback,adx,HYBRID,3,0.0075,0.005,-5.236788795353766,-3.449911845076725,947.6321120464623,31.609405314131738,0.9363760078066378,32.608695652173914,-1.1384323468160387,16.001489203276247,96.21266600368652,46,42,138,88,63.76811594202898,47,3,1.6363636363636365,1.0,0.5833392983296366,0.530428075899764,-0.28133376073330923,9,19.565217391304348,63.888888888888886,-17.29566320602254,40.80885771074259,0.8606671668162691,72,True,2,1,-14.614457594835384,0.45860121598568526,-14.143597503610387,-4.5029971509996365,False
HYBRID|wait=3|tol=0.0075|retrace=0.0050,atr_adx_pullback,atr_adx,HYBRID,3,0.0075,0.005,3.8543182495617883,2.4991778511383345,1038.5431824956179,31.201263571158737,1.0483006247821807,34.090909090909086,0.8759814203549493,15.837676842889053,99.57104653302287,44,44,138,88,63.76811594202898,47,3,1.6363636363636365,1.0,0.552872086393757,0.4920326076303373,-0.28133376073330923,9,20.454545454545457,64.70588235294117,-0.8169453236379354,38.5718781060893,0.9934681362662444,68,True,2,1,-6.422997045686662,0.6780202701208822,-13.631223222889286,-9.208008647319591,False
HYBRID|wait=5|tol=0.0075|retrace=0.0050,pullback,baseline,HYBRID,5,0.0075,0.005,-20.896012647069746,-14.186891863609297,791.0398735293026,41.59109559578584,0.8598040802043215,29.591836734693878,-2.1322461884765067,32.22635889798958,192.98488913726885,98,0,138,98,71.01449275362319,37,3,1.9183673469387754,1.0,0.41721083172615064,0.2725161616023125,-0.6572215663124642,26,26.53061224489796,71.01449275362319,-53.786361983894245,62.371252606419006,0.6736592530646253,138,True,2,3,-8.99613444968943,0.7262393140908253,-30.97642551420322,1.5385090748755275,False
HYBRID|wait=5|tol=0.0075|retrace=0.0050,atr_pullback,atr,HYBRID,5,0.0075,0.005,-4.251255785793535,-2.7956987243109577,957.4874421420647,36.752033825039035,0.9711555504229799,32.58426966292135,-0.47766918941500647,30.394638868205508,196.18440533708144,89,9,138,98,71.01449275362319,37,3,1.9183673469387754,1.0,0.4112245948414586,0.2758776004278969,-0.6572215663124642,23,25.842696629213485,69.53125,-40.35102644737128,51.708882561148904,0.7623025578428135,128,True,2,2,9.803994584928732,0.7262393140908253,-25.540673245905737,-0.5858106695265413,False
HYBRID|wait=5|tol=0.0075|retrace=0.0050,adx_pullback,adx,HYBRID,5,0.0075,0.005,-13.19449049049823,-8.822108143803408,868.0550950950177,37.35247738129053,0.8554846141194948,31.372549019607842,-2.5871549981369126,17.550260610573343,103.99743856408492,51,47,138,98,71.01449275362319,37,3,1.9183673469387754,1.0,0.5452533192686212,0.5027230833682357,-0.6572215663124642,11,21.568627450980394,70.83333333333334,-17.29566320602254,40.80885771074259,0.8606671668162691,72,True,2,1,-23.819617190365385,0.4530532966653377,-19.0260877850164,-6.347638739928426,False
HYBRID|wait=5|tol=0.0075|retrace=0.0050,atr_adx_pullback,atr_adx,HYBRID,5,0.0075,0.005,-4.866805421499464,-3.204035003425376,951.3319457850054,36.978609173359565,0.9457183710776573,32.6530612244898,-0.9932255962243897,17.386448250186152,108.1662828753222,49,49,138,98,71.01449275362319,37,3,1.9183673469387754,1.0,0.5163404767522798,0.48134213189243885,-0.6572215663124642,11,22.448979591836736,72.05882352941177,-0.8169453236379354,38.5718781060893,0.9934681362662444,68,False,2,1,-16.51125346945482,0.6780202701208822,-18.542851254926802,-14.08036977337606,False
HYBRID|wait=8|tol=0.0075|retrace=0.0050,pullback,baseline,HYBRID,8,0.0075,0.005,-17.147959902855607,-11.554417995606991,828.5204009714439,44.85802132529677,0.9032223459539537,28.82882882882883,-1.5448612525095122,36.73864482501861,225.1116669021714,111,0,138,111,80.43478260869566,24,3,2.5225225225225225,2,0.3834603338415338,0.27130857552145504,-1.5056894785094146,32,28.82882882882883,80.43478260869566,-53.786361983894245,62.371252606419006,0.6736592530646253,138,True,2,3,-12.781016243922283,0.6854381096441934,-32.286218605545244,0.22871598353350464,False
HYBRID|wait=8|tol=0.0075|retrace=0.0050,atr_pullback,atr,HYBRID,8,0.0075,0.005,0.285447805467345,0.186220804334436,1002.8544780546735,38.361856051350216,1.0015986992777097,31.372549019607842,0.027985078967381193,34.90692479523455,231.18154340972538,102,9,138,111,80.43478260869566,24,3,2.5225225225225225,2,0.37525906360918915,0.27480067405553343,-1.5056894785094146,29,28.431372549019606,79.6875,-40.35102644737128,51.708882561148904,0.7623025578428135,128,True,2,2,5.237209014608291,0.8624646006189779,-26.953615309469253,-1.9987527330900576,False
HYBRID|wait=8|tol=0.0075|retrace=0.0050,adx_pullback,adx,HYBRID,8,0.0075,0.005,-0.1584076055097398,-0.10342180081941432,998.4159239449026,39.03743209602894,0.9986673127140551,31.147540983606557,-0.025968459919633206,21.645569620253163,139.70622101341414,61,50,138,111,80.43478260869566,24,3,2.5225225225225225,2,0.47108465072050115,0.45750103568147193,-1.5056894785094146,16,26.229508196721312,84.72222222222221,-17.29566320602254,40.80885771074259,0.8606671668162691,72,True,2,2,-19.822278586749853,0.9477134359210464,-20.5626507866898,-9.263793881525203,False
HYBRID|wait=8|tol=0.0075|retrace=0.0050,atr_adx_pullback,atr_adx,HYBRID,8,0.0075,0.005,9.419893851929874,6.051867287040125,1094.1989385192987,38.673619369517084,1.0787550522787825,32.20338983050847,1.5965921782931989,21.481757259865972,146.4263339717411,59,52,138,111,80.43478260869566,24,3,2.5225225225225225,2,0.44455809783241684,0.4478493586652561,-1.5056894785094146,16,27.11864406779661,86.76470588235294,-0.8169453236379354,38.5718781060893,0.9934681362662444,68,False,2,2,-12.130430255321368,0.9477134359210464,-20.088584165190277,-15.665369589620582,False
HYBRID|wait=2|tol=0.0075|retrace=0.0075,pullback,baseline,HYBRID,2,0.0075,0.0075,29.87618848732318,18.604516139383918,1298.7618848732318,24.17468593155978,1.2753172243839304,30.76923076923077,4.596336690357419,22.643335815338794,164.0427592485099,65,0,138,65,47.10144927536232,71,2,1.2461538461538462,1,0.3967804442706536,0.19231194323482054,-0.36051373206819665,20,30.76923076923077,47.10144927536232,-53.786361983894245,62.371252606419006,0.6736592530646253,138,False,2,3,52.881894045911906,0.4997591731912453,-14.986240619648697,17.52869396943005,False
HYBRID|wait=2|tol=0.0075|retrace=0.0075,atr_pullback,atr,HYBRID,2,0.0075,0.0075,40.63617286042427,24.92909336795033,1406.3617286042427,24.17468593155978,1.4135372775893345,34.48275862068966,7.006236700073157,21.057334326135518,145.953960621358,58,7,138,65,47.10144927536232,71,2,1.2461538461538462,1,0.42755779589589593,0.21149421262227042,-0.36051373206819665,17,29.310344827586203,45.3125,-40.35102644737128,51.708882561148904,0.7623025578428135,128,False,2,3,65.02401428006523,0.5313655291614773,-11.496202664185763,16.663635056687177,False
HYBRID|wait=2|tol=0.0075|retrace=0.0075,adx_pullback,adx,HYBRID,2,0.0075,0.0075,31.373315704934157,19.49511311239842,1313.7331570493416,17.67425219787463,1.5775614450014996,34.48275862068966,10.818384725839357,10.551005212211468,75.02878421743054,29,36,138,65,47.10144927536232,71,2,1.2461538461538462,1,0.6960969901473594,0.38954699608538884,-0.2708508654463853,7,24.137931034482758,40.27777777777778,-17.29566320602254,40.80885771074259,0.8606671668162691,72,False,3,3,28.18933062307023,1.0027397803840392,-5.978066452053883,1.9256927516263547,False
HYBRID|wait=2|tol=0.0075|retrace=0.0075,atr_adx_pullback,atr_adx,HYBRID,2,0.0075,0.0075,32.15732605457692,19.96009092201558,1321.5732605457692,17.67425219787463,1.6006291594826185,35.714285714285715,11.484759305206037,10.536113179448995,72.20010647595774,28,37,138,65,47.10144927536232,71,2,1.2461538461538462,1,0.6849970635365465,0.35261695157187234,-0.2708508654463853,7,25.0,41.17647058823529,-0.8169453236379354,38.5718781060893,0.9934681362662444,68,False,3,1,28.954339570153408,1.0027397803840392,-5.416961873095307,-4.821949194792205,False
HYBRID|wait=3|tol=0.0075|retrace=0.0075,pullback,baseline,HYBRID,3,0.0075,0.0075,-7.740169066121245,-5.12241846322844,922.5983093387875,36.52630300795825,0.9399450825173338,29.268292682926827,-0.9439230568440571,27.118391660461654,171.83383360437574,82,0,138,82,59.42028985507246,53,3,1.6097560975609757,1.0,0.44738191390128845,0.23507553162455877,-0.36051373206819665,23,28.04878048780488,59.42028985507246,-53.786361983894245,62.371252606419006,0.6736592530646253,138,True,2,3,2.3979827337679227,0.3794875708540733,-24.30453718815062,8.21039740092813,False
HYBRID|wait=3|tol=0.0075|retrace=0.0075,atr_pullback,atr,HYBRID,3,0.0075,0.0075,11.672789816790988,7.472031025270631,1116.7278981679099,31.26763322643787,1.094388316474249,32.87671232876712,1.5990123036699966,25.28667163067759,171.1642292092293,73,9,138,82,59.42028985507246,53,3,1.6097560975609757,1.0,0.44380334755661244,0.25048575508579296,-0.36051373206819665,20,27.397260273972602,57.03125,-40.35102644737128,51.708882561148904,0.7623025578428135,128,True,2,3,23.551977420017558,0.5573904171847115,-18.34335962317232,6.611502953206877,False
HYBRID|wait=3|tol=0.0075|retrace=0.0075,adx_pullback,adx,HYBRID,3,0.0075,0.0075,4.068103500991105,2.636846475873189,1040.681035009911,27.11525021929174,1.0558214750865513,32.5,1.0170258752477708,13.737900223380493,88.50827762770437,40,42,138,82,59.42028985507246,53,3,1.6097560975609757,1.0,0.6692311476834703,0.4311024627415104,-0.28133376073330923,9,22.5,55.55555555555556,-17.29566320602254,40.80885771074259,0.8606671668162691,72,True,2,2,-4.275912401745363,0.45860121598568526,-11.199067761109575,-2.346414399745618,False
HYBRID|wait=3|tol=0.0075|retrace=0.0075,atr_adx_pullback,atr_adx,HYBRID,3,0.0075,0.0075,14.051875229090388,8.960981621579723,1140.5187522909039,26.68028823441237,1.2018851982810566,34.21052631578947,3.6978619023922135,13.574087862993297,91.45165593456503,38,44,138,82,59.42028985507246,53,3,1.6097560975609757,1.0,0.6384739469868641,0.40195128145157677,-0.28133376073330923,9,23.684210526315788,55.88235294117647,-0.8169453236379354,38.5718781060893,0.9934681362662444,68,True,2,1,4.907376303544075,0.9923403288602622,-10.669121100635676,-6.245906525065982,False
HYBRID|wait=5|tol=0.0075|retrace=0.0075,pullback,baseline,HYBRID,5,0.0075,0.0075,-19.615039639744783,-13.282414609021476,803.8496036025522,42.37234906406684,0.864428876913228,28.421052631578945,-2.0647410147099783,30.24571854058079,187.65742116291236,95,0,138,95,68.84057971014492,40,3,1.9894736842105263,1,0.4600946847132321,0.2697315528830865,-0.6572215663124642,26,27.368421052631582,68.84057971014492,-53.786361983894245,62.371252606419006,0.6736592530646253,138,True,2,4,0.38086916369819424,0.7045095498654818,-30.774022888512548,5.817368102044789,False
HYBRID|wait=5|tol=0.0075|retrace=0.0075,atr_pullback,atr,HYBRID,5,0.0075,0.0075,-2.700745363652561,-1.7711573522375734,972.9925463634744,37.598012592145416,0.9810504521896801,31.3953488372093,-0.31404015856425127,28.413998510796723,190.22785866920657,86,9,138,95,68.84057971014492,40,3,1.9894736842105263,1,0.45838747069167557,0.2725161616023125,-0.6572215663124642,23,26.744186046511626,67.1875,-40.35102644737128,51.708882561148904,0.7623025578428135,128,True,2,2,21.118156326970784,0.7045095498654818,-25.3223309859683,-0.36746840958910454,False
HYBRID|wait=5|tol=0.0075|retrace=0.0075,adx_pullback,adx,HYBRID,5,0.0075,0.0075,-11.78880263215242,-7.861085625260921,882.1119736784758,35.72991479445973,0.8635560585842523,29.166666666666668,-2.4560005483650946,15.569620253164556,98.33717397673581,48,47,138,95,68.84057971014492,40,3,1.9894736842105263,1,0.638130267110291,0.4645957452788475,-0.6572215663124642,11,22.916666666666664,66.66666666666666,-17.29566320602254,40.80885771074259,0.8606671668162691,72,True,2,2,-16.289164414496216,0.4180797818212161,-18.788642353265686,-3.1748114014515068,False
HYBRID|wait=5|tol=0.0075|retrace=0.0075,atr_adx_pullback,atr_adx,HYBRID,5,0.0075,0.0075,-3.326262922523756,-2.1837975294941137,966.7373707747624,35.34636344917188,0.9606124968866928,30.434782608695656,-0.7231006353312439,15.405807892777364,102.1552277632708,46,49,138,95,68.84057971014492,40,3,1.9894736842105263,1,0.6113699325968694,0.4311024627415104,-0.6572215663124642,11,23.91304347826087,67.64705882352942,-0.8169453236379354,38.5718781060893,0.9934681362662444,68,False,2,1,-8.2583668354266,0.5732490465656865,-18.303988795106342,-9.459555379047027,False
HYBRID|wait=8|tol=0.0075|retrace=0.0075,pullback,baseline,HYBRID,8,0.0075,0.0075,-13.906210745893658,-9.310747323014912,860.9378925410634,44.48891745298642,0.9207223086773593,29.09090909090909,-1.2642009768994233,35.93447505584512,227.6061522290438,110,0,138,110,79.71014492753623,25,3,2.6818181818181817,2.0,0.42507066116360503,0.27052006420227076,-1.5056894785094146,32,29.09090909090909,79.71014492753623,-53.786361983894245,62.371252606419006,0.6736592530646253,138,True,2,4,-1.6228304093305113,0.6941563759217938,-32.087656777187576,1.7847688251840026,False
HYBRID|wait=8|tol=0.0075|retrace=0.0075,atr_pullback,atr,HYBRID,8,0.0075,0.0075,4.209313355401423,2.727725765038569,1042.0931335540142,38.00195732936246,1.0238780022119376,31.683168316831683,0.41676369855459633,34.102755026061054,233.46725483835158,101,9,138,110,79.71014492753623,25,3,2.6818181818181817,2.0,0.4204960411853822,0.27372374768317004,-1.5056894785094146,29,28.71287128712871,78.90625,-40.35102644737128,51.708882561148904,0.7623025578428135,128,True,2,2,18.700520375616335,0.8753705177411291,-26.73941631776655,-1.7845537413873558,False
HYBRID|wait=8|tol=0.0075|retrace=0.0075,adx_pullback,adx,HYBRID,8,0.0075,0.0075,3.7480912277730565,2.4307355614633153,1037.4809122777306,37.07336366311142,1.032530030852757,31.666666666666664,0.6246818712955076,20.84139985107967,140.36308835843306,60,50,138,110,79.71014492753623,25,3,2.6818181818181817,2.0,0.5488306560922813,0.452675197173364,-1.5056894785094146,16,26.666666666666668,83.33333333333334,-17.29566320602254,40.80885771074259,0.8606671668162691,72,True,3,2,-9.908373916416025,1.173758084007573,-20.329711125444224,-0.640938616446852,False
HYBRID|wait=8|tol=0.0075|retrace=0.0075,atr_adx_pullback,atr_adx,HYBRID,8,0.0075,0.0075,13.701162583918473,8.74217085012534,1137.0116258391847,36.69782975889654,1.118503559074179,32.758620689655174,2.362269411020426,20.677587490692478,147.03094083663166,58,52,138,110,79.71014492753623,25,3,2.6818181818181817,2.0,0.5245276455810156,0.4311024627415104,-1.5056894785094146,16,27.586206896551722,85.29411764705883,-0.8169453236379354,38.5718781060893,0.9934681362662444,68,True,3,2,-1.2654353101291482,1.3430864283241808,-19.854254365435384,-8.373669649894486,False
